time,q,dq,tau,qd
0.000000000000000000e+00,8.000000000000000444e-01,0.000000000000000000e+00,-6.400000000000000000e+01,0.000000000000000000e+00
2.000000000000000042e-03,7.994485720927176908e-01,-2.757139536411933878e-01,-5.954446250915832195e+01,0.000000000000000000e+00
4.000000000000000083e-03,7.983887335296993015e-01,-5.299192815091886555e-01,-5.539239017822892208e+01,0.000000000000000000e+00
6.000000000000000125e-03,7.968605360811075178e-01,-7.640987242959171866e-01,-5.152326329775392821e+01,0.000000000000000000e+00
8.000000000000000167e-03,7.949012668207348087e-01,-9.796346301863272377e-01,-4.791794726267754356e+01,0.000000000000000000e+00
1.000000000000000021e-02,7.925456353162022571e-01,-1.177815752266264671e+00,-4.455859878903594762e+01,0.000000000000000000e+00
1.200000000000000025e-02,7.898259481528983050e-01,-1.359843581651969613e+00,-4.142857854580034882e+01,0.000000000000000000e+00
1.400000000000000029e-02,7.867722716555242135e-01,-1.526838248687041988e+00,-3.851236975344926350e+01,0.000000000000000000e+00
1.600000000000000033e-02,7.834125836110836794e-01,-1.679844022220271960e+00,-3.579550233336234299e+01,0.000000000000000000e+00
1.800000000000000211e-02,7.797729147414411699e-01,-1.819834434821250291e+00,-3.326448222217528894e+01,0.000000000000000000e+00
2.000000000000000389e-02,7.758774806218481368e-01,-1.947717059796526762e+00,-3.090672549300342098e+01,0.000000000000000000e+00
2.200000000000000566e-02,7.717488046937990287e-01,-2.064337964024578476e+00,-2.871049695111067024e+01,0.000000000000000000e+00
2.400000000000000744e-02,7.674078329759564943e-01,-2.170485858921245903e+00,-2.666485289533658687e+01,0.000000000000000000e+00
2.600000000000000921e-02,7.628740410354210022e-01,-2.266895970267759797e+00,-2.475958775854952165e+01,0.000000000000000000e+00
2.800000000000001099e-02,7.581655337430789343e-01,-2.354253646171025949e+00,-2.298518436070990134e+01,0.000000000000000000e+00
3.000000000000001277e-02,7.532991383009363107e-01,-2.433197721071286956e+00,-2.133276752693431177e+01,0.000000000000000000e+00
3.200000000000001454e-02,7.482904909960219619e-01,-2.504323652457191685e+00,-1.979406084036669000e+01,0.000000000000000000e+00
3.400000000000001632e-02,7.431541181044520883e-01,-2.568186445784925720e+00,-1.836134631579735554e+01,0.000000000000000000e+00
3.600000000000001810e-02,7.379035113404135426e-01,-2.625303382019279042e+00,-1.702742679492462230e+01,0.000000000000000000e+00
3.800000000000001987e-02,7.325511982179858661e-01,-2.676156561213819174e+00,-1.578559087801776428e+01,0.000000000000000000e+00
4.000000000000002165e-02,7.271088076687484136e-01,-2.721195274618701365e+00,-1.462958021960064769e+01,0.000000000000000000e+00
4.200000000000002343e-02,7.215871312348632882e-01,-2.760838216942584911e+00,-1.355355902770770626e+01,0.000000000000000000e+00
4.400000000000002520e-02,7.159961801356741207e-01,-2.795475549594586884e+00,-1.255208561734053774e+01,0.000000000000000000e+00
4.600000000000002698e-02,7.103452384856970836e-01,-2.825470824988543850e+00,-1.162008587903906687e+01,0.000000000000000000e+00
4.800000000000002875e-02,7.046429129230954436e-01,-2.851162781300815130e+00,-1.075282853303459518e+01,0.000000000000000000e+00
5.000000000000003053e-02,6.988971788902343940e-01,-2.872867016430513232e+00,-9.945902048330538037e+00,0.000000000000000000e+00
5.200000000000003231e-02,6.931154237916068439e-01,-2.890877549313799033e+00,-9.195193114307762983e+00,0.000000000000000000e+00
5.400000000000003408e-02,6.873044872392299887e-01,-2.905468276188400978e+00,-8.496866560123983447e+00,0.000000000000000000e+00
5.600000000000003586e-02,6.814706985814544815e-01,-2.916894328887750909e+00,-7.847346624312343977e+00,0.000000000000000000e+00
5.800000000000003764e-02,6.756199118979279161e-01,-2.925393341763268040e+00,-7.243299483621946422e+00,0.000000000000000000e+00
6.000000000000003941e-02,6.697575386311563905e-01,-2.931186633385757467e+00,-6.681616956320389988e+00,0.000000000000000000e+00
6.200000000000004119e-02,6.638885780136358772e-01,-2.934480308760230916e+00,-6.159401300927179079e+00,0.000000000000000000e+00
6.400000000000004297e-02,6.580176454388348972e-01,-2.935466287400485985e+00,-5.673951036699016015e+00,0.000000000000000000e+00
6.600000000000004474e-02,6.521489989143379740e-01,-2.934323262248466957e+00,-5.222747717171564830e+00,0.000000000000000000e+00
6.800000000000004652e-02,6.462865637261642204e-01,-2.931217594086860778e+00,-4.803443592703366960e+00,0.000000000000000000e+00
7.000000000000004829e-02,6.404339554346045738e-01,-2.926304145779827781e+00,-4.413850102291121402e+00,0.000000000000000000e+00
7.200000000000005007e-02,6.345945013138353241e-01,-2.919727060384611050e+00,-4.051927138953047347e+00,0.000000000000000000e+00
7.400000000000005185e-02,6.287712603400262834e-01,-2.911620486904494154e+00,-3.715773036730197987e+00,0.000000000000000000e+00
7.600000000000005362e-02,6.229670418256266773e-01,-2.902109257199821268e+00,-3.403615230852992113e+00,0.000000000000000000e+00
7.800000000000005540e-02,6.171844227909522029e-01,-2.891309517337250057e+00,-3.113801545880178878e+00,0.000000000000000000e+00
8.000000000000005718e-02,6.114257641580783664e-01,-2.879329316436897379e+00,-2.844792069655909472e+00,0.000000000000000000e+00
8.200000000000005895e-02,6.056932258463354479e-01,-2.866269155871442820e+00,-2.595151573763750719e+00,0.000000000000000000e+00
8.400000000000006073e-02,5.999887808433763681e-01,-2.852222501479562577e+00,-2.363542443797108206e+00,0.000000000000000000e+00
8.600000000000006251e-02,5.943142283208218135e-01,-2.837276261277300815e+00,-2.148718085228928487e+00,0.000000000000000000e+00
8.800000000000006428e-02,5.886712058588532415e-01,-2.821511230984286911e+00,-1.949516772959668742e+00,0.000000000000000000e+00
9.000000000000006606e-02,5.830612008398007307e-01,-2.805002509526230092e+00,-1.764855914764375200e+00,0.000000000000000000e+00
9.200000000000006783e-02,5.774855610667405381e-01,-2.787819886530111368e+00,-1.593726700857459377e+00,0.000000000000000000e+00
9.400000000000006961e-02,5.719455046593540093e-01,-2.770028203693239988e+00,-1.435189113656477389e+00,0.000000000000000000e+00
9.600000000000007139e-02,5.664421292757916282e-01,-2.751687691781171452e+00,-1.288367273564588800e+00,0.000000000000000000e+00
9.800000000000007316e-02,5.609764207060080610e-01,-2.732854284891793828e+00,-1.152445098211941854e+00,0.000000000000000000e+00
1.000000000000000749e-01,5.555492608789818210e-01,-2.713579913513095132e+00,-1.026662254109020012e+00,0.000000000000000000e+00
1.020000000000000767e-01,5.501614353233824639e-01,-2.693912777799703395e+00,-9.103103810753410130e-01,0.000000000000000000e+00
1.040000000000000785e-01,5.448136401185870170e-01,-2.673897602397735440e+00,-8.027295711231943187e-01,0.000000000000000000e+00
1.060000000000000803e-01,5.395064883704703274e-01,-2.653575874058340389e+00,-7.033050847041835141e-01,0.000000000000000000e+00
1.080000000000000820e-01,5.342405162440759803e-01,-2.632986063197149562e+00,-6.114642883716854271e-01,0.000000000000000000e+00
1.100000000000000838e-01,5.290161885831174970e-01,-2.612163830479251381e+00,-5.266737989813776721e-01,0.000000000000000000e+00
1.120000000000000856e-01,5.238339041442436894e-01,-2.591142219436900263e+00,-4.484368205490909531e-01,0.000000000000000000e+00
1.140000000000000874e-01,5.186940004721244390e-01,-2.569951836059621186e+00,-3.762906608160179189e-01,0.000000000000000000e+00
1.160000000000000892e-01,5.135967584396577967e-01,-2.548621016233347802e+00,-3.098044154390606764e-01,0.000000000000000000e+00
1.180000000000000909e-01,5.085424064759649365e-01,-2.527175981846413233e+00,-2.485768085345867462e-01,0.000000000000000000e+00
1.200000000000000927e-01,5.035311245033141647e-01,-2.505640986325359254e+00,-1.922341790593833366e-01,0.000000000000000000e+00
1.220000000000000945e-01,4.985630476026895463e-01,-2.484038450312321178e+00,-1.404286032180266375e-01,0.000000000000000000e+00
1.240000000000000963e-01,4.936382694263935500e-01,-2.462389088147985738e+00,-9.283614374371040867e-02,0.000000000000000000e+00
1.260000000000000842e-01,4.887568453748344366e-01,-2.440712025779548711e+00,-4.915521751397733397e-02,0.000000000000000000e+00
1.280000000000000859e-01,4.839187955534914320e-01,-2.419024910671512707e+00,-9.105073535110363991e-03,0.000000000000000000e+00
1.300000000000000877e-01,4.791241075249746961e-01,-2.397344014258369516e+00,2.757562613593478318e-02,0.000000000000000000e+00
1.320000000000000895e-01,4.743727388700906822e-01,-2.375684327442006527e+00,6.113012946484985832e-02,0.000000000000000000e+00
1.340000000000000913e-01,4.696646195708849003e-01,-2.354059649602901594e+00,9.178482797562992346e-02,0.000000000000000000e+00
1.360000000000000930e-01,4.649996542277595735e-01,-2.332482671562655430e+00,1.197504067817192208e-01,0.000000000000000000e+00
1.380000000000000948e-01,4.603777241219475513e-01,-2.310965052906010175e+00,1.452229167403586985e-01,0.000000000000000000e+00
1.400000000000000966e-01,4.557986891338614011e-01,-2.289517494043066481e+00,1.683847739801507259e-01,0.000000000000000000e+00
1.420000000000000984e-01,4.512623895271277719e-01,-2.268149803366819039e+00,1.894056916988802186e-01,0.000000000000000000e+00
1.440000000000001001e-01,4.467686476074532731e-01,-2.246870959837248272e+00,2.084435487997069458e-01,0.000000000000000000e+00
1.460000000000001019e-01,4.423172692648514315e-01,-2.225689171300932134e+00,2.256451996267969662e-01,0.000000000000000000e+00
1.480000000000001037e-01,4.379080454071827000e-01,-2.204611928834352419e+00,2.411472287750200394e-01,0.000000000000000000e+00
1.500000000000001055e-01,4.335407532924233642e-01,-2.183646057379680094e+00,2.550766546810123714e-01,0.000000000000000000e+00
1.520000000000001072e-01,4.292151577665758722e-01,-2.162797762923736489e+00,2.675515854537167115e-01,0.000000000000000000e+00
1.540000000000001090e-01,4.249310124136679856e-01,-2.142072676453944169e+00,2.786818301696669664e-01,0.000000000000000000e+00
1.560000000000001108e-01,4.206880606238492804e-01,-2.121475894909342408e+00,2.885694686415334331e-01,0.000000000000000000e+00
1.580000000000001126e-01,4.164860365851891788e-01,-2.101012019330052549e+00,2.973093824657055961e-01,0.000000000000000000e+00
1.600000000000001144e-01,4.123246662043994482e-01,-2.080685190394873985e+00,3.049897499660261246e-01,0.000000000000000000e+00
1.620000000000001161e-01,4.082036679613516017e-01,-2.060499121523911903e+00,3.116925074744614221e-01,0.000000000000000000e+00
1.640000000000001179e-01,4.041227537019291827e-01,-2.040457129711215956e+00,3.174937792251171231e-01,0.000000000000000000e+00
1.660000000000001197e-01,4.000816293734466012e-01,-2.020562164241278769e+00,3.224642779847286533e-01,0.000000000000000000e+00
1.680000000000001215e-01,3.960799957065808674e-01,-2.000816833432878639e+00,3.266696783995897135e-01,0.000000000000000000e+00
1.700000000000001232e-01,3.921175488474927251e-01,-1.981223429544063608e+00,3.301709649056014939e-01,0.000000000000000000e+00
1.720000000000001250e-01,3.881939809435666078e-01,-1.961783951963048223e+00,3.330247559234429389e-01,0.000000000000000000e+00
1.740000000000001268e-01,3.843089806859638635e-01,-1.942500128801377235e+00,3.352836059449266770e-01,0.000000000000000000e+00
1.760000000000001286e-01,3.804622338119681424e-01,-1.923373436997852792e+00,3.369962870081941730e-01,0.000000000000000000e+00
1.780000000000001303e-01,3.766534235698993371e-01,-1.904405121034393744e+00,3.382080509583538230e-01,0.000000000000000000e+00
1.800000000000001321e-01,3.728822311491830077e-01,-1.885596210358167824e+00,3.389608737960436713e-01,0.000000000000000000e+00
1.820000000000001339e-01,3.691483360779870826e-01,-1.866947535597958563e+00,3.392936833283712872e-01,0.000000000000000000e+00
1.840000000000001357e-01,3.654514165906734835e-01,-1.848459743656786225e+00,3.392425712547009198e-01,0.000000000000000000e+00
1.860000000000001374e-01,3.617911499671589426e-01,-1.830133311757260239e+00,3.388409907434493107e-01,0.000000000000000000e+00
1.880000000000001392e-01,3.581672128461370064e-01,-1.811968560510964332e+00,3.381199404844679179e-01,0.000000000000000000e+00
1.900000000000001410e-01,3.545792815139802712e-01,-1.793965666078358279e+00,3.371081361353098771e-01,0.000000000000000000e+00
1.920000000000001428e-01,3.510270321710179386e-01,-1.776124671481179362e+00,3.358321700174329294e-01,0.000000000000000000e+00
1.940000000000001446e-01,3.475101411767676507e-01,-1.758445497125131762e+00,3.343166598606970297e-01,0.000000000000000000e+00
1.960000000000001463e-01,3.440282852755941478e-01,-1.740927950586743878e+00,3.325843873403719897e-01,0.000000000000000000e+00
1.980000000000001481e-01,3.405811418041649330e-01,-1.723571735714619635e+00,3.306564271007204070e-01,0.000000000000000000e+00
2.000000000000001499e-01,3.371683888819810848e-01,-1.706376461091912100e+00,3.285522669121085926e-01,0.000000000000000000e+00
2.020000000000001517e-01,3.337897055861737128e-01,-1.689341647903675359e+00,3.262899195649069384e-01,0.000000000000000000e+00
2.040000000000001534e-01,3.304447721116741121e-01,-1.672466737249787228e+00,3.238860270626666704e-01,0.000000000000000000e+00
2.060000000000001552e-01,3.271332699177913472e-01,-1.655751096941382894e+00,3.213559576388185235e-01,0.000000000000000000e+00
2.080000000000001570e-01,3.238548818621590497e-01,-1.639194027816160526e+00,3.187138960858426628e-01,0.000000000000000000e+00
2.100000000000001588e-01,3.206092923229479918e-01,-1.622794769605526932e+00,3.159729278525915674e-01,0.000000000000000000e+00
2.120000000000001605e-01,3.173961873101793785e-01,-1.606552506384308687e+00,3.131451173345887184e-01,0.000000000000000000e+00
2.140000000000001623e-01,3.142152545669160135e-01,-1.590466371631672926e+00,3.102415807534875114e-01,0.000000000000000000e+00
2.160000000000001641e-01,3.110661836610560949e-01,-1.574535452929953117e+00,3.072725539947640527e-01,0.000000000000000000e+00
2.180000000000001659e-01,3.079486660684035426e-01,-1.558758796326266127e+00,3.042474557479728503e-01,0.000000000000000000e+00
2.200000000000001676e-01,3.048623952476433030e-01,-1.543135410380110706e+00,3.011749462703079416e-01,0.000000000000000000e+00
2.220000000000001694e-01,3.018070667078061597e-01,-1.527664269918564743e+00,2.980629820725440027e-01,0.000000000000000000e+00
2.240000000000001712e-01,2.987823780687677289e-01,-1.512344319519227653e+00,2.949188668062241447e-01,0.000000000000000000e+00
2.260000000000001730e-01,2.957880291152883423e-01,-1.497174476739683513e+00,2.917492986118688236e-01,0.000000000000000000e+00
2.280000000000001747e-01,2.928237218450663870e-01,-1.482153635110981638e+00,2.885604141703943526e-01,0.000000000000000000e+00
2.300000000000001765e-01,2.898891605112435266e-01,-1.467280666911443543e+00,2.853578296836154493e-01,0.000000000000000000e+00
2.320000000000001783e-01,2.869840516597715330e-01,-1.452554425735989696e+00,2.821466789941133868e-01,0.000000000000000000e+00
2.340000000000001801e-01,2.841081041620212577e-01,-1.437973748875148061e+00,2.789316490406683613e-01,0.000000000000000000e+00
2.360000000000001819e-01,2.812610292429874037e-01,-1.423537459516938108e+00,2.757170128320183267e-01,0.000000000000000000e+00
2.380000000000001836e-01,2.784425405054195557e-01,-1.409244368783928225e+00,2.725066601092862584e-01,0.000000000000000000e+00
2.400000000000001854e-01,2.756523539501857245e-01,-1.395093277616918925e+00,2.693041258558466211e-01,0.000000000000000000e+00
2.420000000000001872e-01,2.728901879931538432e-01,-1.381082978515929760e+00,2.661126168025695904e-01,0.000000000000000000e+00
2.440000000000001890e-01,2.701557634788570028e-01,-1.367212257148432197e+00,2.629350360663558206e-01,0.000000000000000000e+00
2.460000000000001907e-01,2.674488036911887856e-01,-1.353479893834096393e+00,2.597740060504385440e-01,0.000000000000000000e+00
2.480000000000001925e-01,2.647690343613594011e-01,-1.339884664914681833e+00,2.566318897261581355e-01,0.000000000000000000e+00
2.500000000000001665e-01,2.621161836733251760e-01,-1.326425344017115648e+00,2.535108104078354074e-01,0.000000000000000000e+00
2.520000000000001683e-01,2.594899822668906841e-01,-1.313100703217247256e+00,2.504126701246995879e-01,0.000000000000000000e+00
2.540000000000001701e-01,2.568901632386681455e-01,-1.299909514111259989e+00,2.473391666867073013e-01,0.000000000000000000e+00
2.560000000000001719e-01,2.543164621410656800e-01,-1.286850548801238059e+00,2.442918095345554264e-01,0.000000000000000000e+00
2.580000000000001736e-01,2.517686169794637885e-01,-1.273922580800943782e+00,2.412719344579983272e-01,0.000000000000000000e+00
2.600000000000001754e-01,2.492463682077289133e-01,-1.261124385867443243e+00,2.382807172607783741e-01,0.000000000000000000e+00
2.620000000000001772e-01,2.467494587222012481e-01,-1.248454742763833947e+00,2.353191864452419679e-01,0.000000000000000000e+00
2.640000000000001790e-01,2.442776338542853309e-01,-1.235912433957961687e+00,2.323882349845618478e-01,0.000000000000000000e+00
2.660000000000001807e-01,2.418306413617619666e-01,-1.223496246261686293e+00,2.294886312460242550e-01,0.000000000000000000e+00
2.680000000000001825e-01,2.394082314189321103e-01,-1.211204971414932441e+00,2.266210291243488939e-01,0.000000000000000000e+00
2.700000000000001843e-01,2.370101566056951603e-01,-1.199037406618477686e+00,2.237859774400305923e-01,0.000000000000000000e+00
2.720000000000001861e-01,2.346361718956568587e-01,-1.186992355019153678e+00,2.209839286539114767e-01,0.000000000000000000e+00
2.740000000000001878e-01,2.322860346433550938e-01,-1.175068626150884032e+00,2.182152469457356858e-01,0.000000000000000000e+00
2.760000000000001896e-01,2.299595045706855911e-01,-1.163265036334745650e+00,2.154802157010813346e-01,0.000000000000000000e+00
2.780000000000001914e-01,2.276563437526035460e-01,-1.151580409041020214e+00,2.127790444480410770e-01,0.000000000000000000e+00
2.800000000000001932e-01,2.253763166021715558e-01,-1.140013575215997443e+00,2.101118752822337399e-01,0.000000000000000000e+00
2.820000000000001950e-01,2.231191898550193564e-01,-1.128563373576100259e+00,2.074787888160543048e-01,0.000000000000000000e+00
2.840000000000001967e-01,2.208847325532758976e-01,-1.117228650871724849e+00,2.048798096855257711e-01,0.000000000000000000e+00
2.860000000000001985e-01,2.186727160290298511e-01,-1.106008262123019170e+00,2.023149116459173058e-01,0.000000000000000000e+00
2.880000000000002003e-01,2.164829138873705094e-01,-1.094901070829675582e+00,1.997840222851685610e-01,0.000000000000000000e+00
2.900000000000002021e-01,2.143151019890571773e-01,-1.083905949156660942e+00,1.972870273819999909e-01,0.000000000000000000e+00
2.920000000000002038e-01,2.121690584328618234e-01,-1.073021778097679624e+00,1.948237749339263303e-01,0.000000000000000000e+00
2.940000000000002056e-01,2.100445635376257392e-01,-1.062247447618037466e+00,1.923940788785394318e-01,0.000000000000000000e+00
2.960000000000002074e-01,2.079413998240688122e-01,-1.051581856778457169e+00,1.899977225298101757e-01,0.000000000000000000e+00
2.980000000000002092e-01,2.058593519963862195e-01,-1.041023913841289783e+00,1.876344617497380796e-01,0.000000000000000000e+00
3.000000000000002109e-01,2.037982069236652927e-01,-1.030572536360462976e+00,1.853040278741850955e-01,0.000000000000000000e+00
3.020000000000002127e-01,2.017577536211524747e-01,-1.020226651256415096e+00,1.830061304104440012e-01,0.000000000000000000e+00
3.040000000000002145e-01,1.997377832313981250e-01,-1.009985194877174974e+00,1.807404595229495925e-01,0.000000000000000000e+00
3.060000000000002163e-01,1.977380890053047902e-01,-9.998471130466660695e-01,1.785066883222743428e-01,0.000000000000000000e+00
3.080000000000002180e-01,1.957584662831023115e-01,-9.898113611012372415e-01,1.763044749716105031e-01,0.000000000000000000e+00
3.100000000000002198e-01,1.937987124752716117e-01,-9.798769039153524263e-01,1.741334646239103279e-01,0.000000000000000000e+00
3.120000000000002216e-01,1.918586270434370078e-01,-9.700427159173046210e-01,1.719932912019128679e-01,0.000000000000000000e+00
3.140000000000002234e-01,1.899380114812454778e-01,-9.603077810957589833e-01,1.698835790325059492e-01,0.000000000000000000e+00
3.160000000000002252e-01,1.880366692952497309e-01,-9.506710929978718916e-01,1.678039443459713453e-01,0.000000000000000000e+00
3.180000000000002269e-01,1.861544059858103728e-01,-9.411316547196799664e-01,1.657539966500500839e-01,0.000000000000000000e+00
3.200000000000002287e-01,1.842910290280315722e-01,-9.316884788894036484e-01,1.637333399879334905e-01,0.000000000000000000e+00
3.220000000000002305e-01,1.824463478527430516e-01,-9.223405876442636320e-01,1.617415740887739872e-01,0.000000000000000000e+00
3.240000000000002323e-01,1.806201738275403090e-01,-9.130870126013654886e-01,1.597782954186222071e-01,0.000000000000000000e+00
3.260000000000002340e-01,1.788123202378939791e-01,-9.039267948231672900e-01,1.578430981391587551e-01,0.000000000000000000e+00
3.280000000000002358e-01,1.770226022683379641e-01,-8.948589847780092921e-01,1.559355749811111025e-01,0.000000000000000000e+00
3.300000000000002376e-01,1.752508369837456614e-01,-8.858826422961485481e-01,1.540553180387238541e-01,0.000000000000000000e+00
3.320000000000002394e-01,1.734968433107022534e-01,-8.769968365217097883e-01,1.522019194911763407e-01,0.000000000000000000e+00
3.340000000000002411e-01,1.717604420189803860e-01,-8.682006458609339283e-01,1.503749722565110858e-01,0.000000000000000000e+00
3.360000000000002429e-01,1.700414557031262319e-01,-8.594931579270774780e-01,1.485740705831410935e-01,0.000000000000000000e+00
3.380000000000002447e-01,1.683397087641616552e-01,-8.508734694822908118e-01,1.467988105837214619e-01,0.000000000000000000e+00
3.400000000000002465e-01,1.666550273914081115e-01,-8.423406863767773922e-01,1.450487907157889111e-01,0.000000000000000000e+00
3.420000000000002482e-01,1.649872395444370865e-01,-8.338939234855160532e-01,1.433236122132903745e-01,0.000000000000000000e+00
3.440000000000002500e-01,1.633361749351514847e-01,-8.255323046428052480e-01,1.416228794727647511e-01,0.000000000000000000e+00
3.460000000000002518e-01,1.617016650100017439e-01,-8.172549625748700697e-01,1.399462003977820501e-01,0.000000000000000000e+00
3.480000000000002536e-01,1.600835429323402281e-01,-8.090610388307546419e-01,1.382931867048569075e-01,0.000000000000000000e+00
3.500000000000002554e-01,1.584816435649168131e-01,-8.009496837117050516e-01,1.366634541939362180e-01,0.000000000000000000e+00
3.520000000000002571e-01,1.568958034525183565e-01,-7.929200561992327811e-01,1.350566229862568690e-01,0.000000000000000000e+00
3.540000000000002589e-01,1.553258608047542733e-01,-7.849713238820348327e-01,1.334723177322150178e-01,0.000000000000000000e+00
3.560000000000002607e-01,1.537716554789904100e-01,-7.771026628819308613e-01,1.319101677916609816e-01,0.000000000000000000e+00
3.580000000000002625e-01,1.522330289634324652e-01,-7.693132577789685289e-01,1.303698073888988063e-01,0.000000000000000000e+00
3.600000000000002642e-01,1.507098243603607890e-01,-7.616023015358336368e-01,1.288508757444741804e-01,0.000000000000000000e+00
3.620000000000002660e-01,1.492018863695173947e-01,-7.539689954216919343e-01,1.273530171856798177e-01,0.000000000000000000e+00
3.640000000000002678e-01,1.477090612716462359e-01,-7.464125489355801779e-01,1.258758812375830871e-01,0.000000000000000000e+00
3.660000000000002696e-01,1.462311969121873334e-01,-7.389321797294531313e-01,1.244191226962634289e-01,0.000000000000000000e+00
3.680000000000002713e-01,1.447681426851253617e-01,-7.315271135309854289e-01,1.229824016857374858e-01,0.000000000000000000e+00
3.700000000000002731e-01,1.433197495169929170e-01,-7.241965840662197840e-01,1.215653837000836290e-01,0.000000000000000000e+00
3.720000000000002749e-01,1.418858698510286342e-01,-7.169398329821436988e-01,1.201677396320093294e-01,0.000000000000000000e+00
3.740000000000002767e-01,1.404663576314900963e-01,-7.097561097692719478e-01,1.187891457891439018e-01,0.000000000000000000e+00
3.760000000000002784e-01,1.390610682881214810e-01,-7.026446716843040008e-01,1.174292838991455312e-01,0.000000000000000000e+00
3.780000000000002802e-01,1.376698587207756397e-01,-6.956047836729204459e-01,1.160878411046759595e-01,0.000000000000000000e+00
3.800000000000002820e-01,1.362925872841900810e-01,-6.886357182927774767e-01,1.147645099492340393e-01,0.000000000000000000e+00
3.820000000000002838e-01,1.349291137729165813e-01,-6.817367556367516235e-01,1.134589883546990308e-01,0.000000000000000000e+00
3.840000000000002855e-01,1.335792994064036177e-01,-6.749071832564840223e-01,1.121709795914558327e-01,0.000000000000000000e+00
3.860000000000002873e-01,1.322430068142310955e-01,-6.681462960862674105e-01,1.109001922417913732e-01,0.000000000000000000e+00
3.880000000000002891e-01,1.309201000214964550e-01,-6.614533963673169259e-01,1.096463401573544161e-01,0.000000000000000000e+00
3.900000000000002909e-01,1.296104444343515461e-01,-6.548277935724602372e-01,1.084091424112401114e-01,0.000000000000000000e+00
3.920000000000002927e-01,1.283139068256889948e-01,-6.482688043312789805e-01,1.071883232453441082e-01,0.000000000000000000e+00
3.940000000000002944e-01,1.270303553209775338e-01,-6.417757523557328092e-01,1.059836120135226878e-01,0.000000000000000000e+00
3.960000000000002962e-01,1.257596593842449650e-01,-6.353479683662903721e-01,1.047947431210491942e-01,0.000000000000000000e+00
3.980000000000002980e-01,1.245016898042077824e-01,-6.289847900185926433e-01,1.036214559608605867e-01,0.000000000000000000e+00
4.000000000000002998e-01,1.232563186805464422e-01,-6.226855618306681439e-01,1.024634948469742568e-01,0.000000000000000000e+00
4.020000000000003015e-01,1.220234194103250042e-01,-6.164496351107201511e-01,1.013206089455227499e-01,0.000000000000000000e+00
4.040000000000003033e-01,1.208028666745540047e-01,-6.102763678855014362e-01,1.001925522037030447e-01,0.000000000000000000e+00
4.060000000000003051e-01,1.195945364248954257e-01,-6.041651248292916332e-01,9.907908327703296436e-02,0.000000000000000000e+00
4.080000000000003069e-01,1.183983058705084523e-01,-5.981152771934891144e-01,9.797996545514919831e-02,0.000000000000000000e+00
4.100000000000003086e-01,1.172140534650347871e-01,-5.921262027368294767e-01,9.689496658648799610e-02,0.000000000000000000e+00
4.120000000000003104e-01,1.160416588937223104e-01,-5.861972856562390755e-01,9.582385900204037910e-02,0.000000000000000000e+00
4.140000000000003122e-01,1.148810030606856464e-01,-5.803279165183312660e-01,9.476641943844832383e-02,0.000000000000000000e+00
4.160000000000003140e-01,1.137319680763025365e-01,-5.745174921915530142e-01,9.372242896064619799e-02,0.000000000000000000e+00
4.180000000000003157e-01,1.125944372447445635e-01,-5.687654157789860943e-01,9.269167288421265027e-02,0.000000000000000000e+00
4.200000000000003175e-01,1.114682950516409504e-01,-5.630710965518074262e-01,9.167394069764256415e-02,0.000000000000000000e+00
4.220000000000003193e-01,1.103534271518741283e-01,-5.574339498834119944e-01,9.066902598466164420e-02,0.000000000000000000e+00
4.240000000000003211e-01,1.092497203575057280e-01,-5.518533971841997898e-01,8.967672634673817811e-02,0.000000000000000000e+00
4.260000000000003229e-01,1.081570626258316764e-01,-5.463288658370286655e-01,8.869684332592520093e-02,0.000000000000000000e+00
4.280000000000003246e-01,1.070753430475650109e-01,-5.408597891333337682e-01,8.772918232813964323e-02,0.000000000000000000e+00
4.300000000000003264e-01,1.060044518351451887e-01,-5.354456062099125502e-01,8.677355254698504439e-02,0.000000000000000000e+00
4.320000000000003282e-01,1.049442803111724359e-01,-5.300857619863748038e-01,8.582976688820131983e-02,0.000000000000000000e+00
4.340000000000003300e-01,1.038947208969659280e-01,-5.247797071032567207e-01,8.489764189483395285e-02,0.000000000000000000e+00
4.360000000000003317e-01,1.028556671012443302e-01,-5.195268978607961996e-01,8.397699767319188879e-02,0.000000000000000000e+00
4.380000000000003335e-01,1.018270135089276024e-01,-5.143267961583671832e-01,8.306765781966696238e-02,0.000000000000000000e+00
4.400000000000003353e-01,1.008086557700584585e-01,-5.091788694345700250e-01,8.216944934844327975e-02,0.000000000000000000e+00
4.420000000000003371e-01,9.980049058884250812e-02,-5.040825906079737795e-01,8.128220262018004405e-02,0.000000000000000000e+00
4.440000000000003388e-01,9.880241571280548585e-02,-4.990374380185083059e-01,8.040575127169447001e-02,0.000000000000000000e+00
4.460000000000003406e-01,9.781432992206648414e-02,-4.940428953694997460e-01,7.953993214667676170e-02,0.000000000000000000e+00
4.480000000000003424e-01,9.683613301872578960e-02,-4.890984516703467677e-01,7.868458522748511541e-02,0.000000000000000000e+00
4.500000000000003442e-01,9.586772581636612833e-02,-4.842036011798320216e-01,7.783955356802163550e-02,0.000000000000000000e+00
4.520000000000003459e-01,9.490901012966600214e-02,-4.793578433500641500e-01,7.700468322774600693e-02,0.000000000000000000e+00
4.540000000000003477e-01,9.395988876412390833e-02,-4.745606827710448505e-01,7.617982320680471986e-02,0.000000000000000000e+00
4.560000000000003495e-01,9.302026550589219400e-02,-4.698116291158558333e-01,7.536482538231759065e-02,0.000000000000000000e+00
4.580000000000003513e-01,9.209004511171926810e-02,-4.651101970864605639e-01,7.455954444582779672e-02,0.000000000000000000e+00
4.600000000000003531e-01,9.116913329899903329e-02,-4.604559063601141866e-01,7.376383784190476689e-02,0.000000000000000000e+00
4.620000000000003548e-01,9.025743673592627470e-02,-4.558482815363768537e-01,7.297756570792746089e-02,0.000000000000000000e+00
4.640000000000003566e-01,8.935486303175682599e-02,-4.512868520847237441e-01,7.220059081503382714e-02,0.000000000000000000e+00
4.660000000000003584e-01,8.846132072717133310e-02,-4.467711522927464429e-01,7.143277851023643876e-02,0.000000000000000000e+00
4.680000000000003602e-01,8.757671928474144996e-02,-4.423007212149390188e-01,7.067399665970874878e-02,0.000000000000000000e+00
4.700000000000003619e-01,8.670096907949732812e-02,-4.378751026220632503e-01,6.992411559322597725e-02,0.000000000000000000e+00
4.720000000000003637e-01,8.583398138959515145e-02,-4.334938449510864489e-01,6.918300804977128848e-02,0.000000000000000000e+00
4.740000000000003655e-01,8.497566838708378589e-02,-4.291565012556857739e-01,6.845054912426906668e-02,0.000000000000000000e+00
4.760000000000003673e-01,8.412594312876915670e-02,-4.248626291573128211e-01,6.772661621547282351e-02,0.000000000000000000e+00
4.780000000000003690e-01,8.328471954717553416e-02,-4.206117907968123237e-01,6.701108897495444694e-02,0.000000000000000000e+00
4.800000000000003708e-01,8.245191244160235411e-02,-4.164035527865885822e-01,6.630384925722943024e-02,0.000000000000000000e+00
4.820000000000003726e-01,8.162743746927572652e-02,-4.122374861633134047e-01,6.560478107095679690e-02,0.000000000000000000e+00
4.840000000000003744e-01,8.081121113659338329e-02,-4.081131663411694532e-01,6.491377053124036678e-02,0.000000000000000000e+00
4.860000000000003761e-01,8.000315079046213529e-02,-4.040301730656224999e-01,6.423070581298873094e-02,0.000000000000000000e+00
4.880000000000003779e-01,7.920317460972670087e-02,-3.999880903677166533e-01,6.355547710533038241e-02,0.000000000000000000e+00
4.900000000000003797e-01,7.841120159668893419e-02,-3.959865065188861721e-01,6.288797656706446304e-02,0.000000000000000000e+00
4.920000000000003815e-01,7.762715156871638489e-02,-3.920250139862779259e-01,6.222809828313646818e-02,0.000000000000000000e+00
4.940000000000003832e-01,7.685094514993923154e-02,-3.881032093885781187e-01,6.157573822211137582e-02,0.000000000000000000e+00
4.960000000000003850e-01,7.608250376303456186e-02,-3.842206934523376693e-01,6.093079419463798274e-02,0.000000000000000000e+00
4.980000000000003868e-01,7.532174962109698668e-02,-3.803770709687894214e-01,6.029316581287158527e-02,0.000000000000000000e+00
5.000000000000003331e-01,7.456860571959468553e-02,-3.765719507511522401e-01,5.966275445086122176e-02,0.000000000000000000e+00
5.020000000000003348e-01,7.382299582840985697e-02,-3.728049455924152822e-01,5.903946320585617968e-02,0.000000000000000000e+00
5.040000000000003366e-01,7.308484448396265765e-02,-3.690756722235967180e-01,5.842319686053443206e-02,0.000000000000000000e+00
5.060000000000003384e-01,7.235407698141771426e-02,-3.653837512724713577e-01,5.781386184612458123e-02,0.000000000000000000e+00
5.080000000000003402e-01,7.163061936697219523e-02,-3.617288072227611839e-01,5.721136620640354664e-02,0.000000000000000000e+00
5.100000000000003419e-01,7.091439843022462330e-02,-3.581104683737832417e-01,5.661561956256200290e-02,0.000000000000000000e+00
5.120000000000003437e-01,7.020534169662352719e-02,-3.545283668005489441e-01,5.602653307890115286e-02,0.000000000000000000e+00
5.140000000000003455e-01,6.950337741999490504e-02,-3.509821383143095774e-01,5.544401942936083572e-02,0.000000000000000000e+00
5.160000000000003473e-01,6.880843457514781991e-02,-3.474714224235424531e-01,5.486799276485321286e-02,0.000000000000000000e+00
5.180000000000003491e-01,6.812044285055707249e-02,-3.439958622953717127e-01,5.429836868138160355e-02,0.000000000000000000e+00
5.200000000000003508e-01,6.743933264112222936e-02,-3.405551047174193435e-01,5.373506418893114756e-02,0.000000000000000000e+00
5.220000000000003526e-01,6.676503504100206321e-02,-3.371488000600800228e-01,5.317799768111530767e-02,0.000000000000000000e+00
5.240000000000003544e-01,6.609748183652362774e-02,-3.337766022392155696e-01,5.262708890555867214e-02,0.000000000000000000e+00
5.260000000000003562e-01,6.543660549916510694e-02,-3.304381686792627892e-01,5.208225893499651704e-02,0.000000000000000000e+00
5.280000000000003579e-01,6.478233917861160596e-02,-3.271331602767504343e-01,5.154343013907869420e-02,0.000000000000000000e+00
5.300000000000003597e-01,6.413461669588316205e-02,-3.238612413642197874e-01,5.101052615686363367e-02,0.000000000000000000e+00
5.320000000000003615e-01,6.349337253653407342e-02,-3.206220796745438695e-01,5.048347186997581559e-02,0.000000000000000000e+00
5.340000000000003633e-01,6.285854184392279664e-02,-3.174153463056403890e-01,4.996219337642227032e-02,0.000000000000000000e+00
5.360000000000003650e-01,6.223006041255164933e-02,-3.142407156855736572e-01,4.944661796504679074e-02,0.000000000000000000e+00
5.380000000000003668e-01,6.160786468147556871e-02,-3.110978655380406965e-01,4.893667409060586948e-02,0.000000000000000000e+00
5.400000000000003686e-01,6.099189172777909340e-02,-3.079864768482364901e-01,4.843229134945659098e-02,0.000000000000000000e+00
5.420000000000003704e-01,6.038207926012090221e-02,-3.049062338290940422e-01,4.793340045583249776e-02,0.000000000000000000e+00
5.440000000000003721e-01,5.977836561234511209e-02,-3.018568238878944210e-01,4.743993321870210167e-02,0.000000000000000000e+00
5.460000000000003739e-01,5.918068973715862741e-02,-2.988379375932424531e-01,4.695182251918872396e-02,0.000000000000000000e+00
5.480000000000003757e-01,5.858899119987381887e-02,-2.958492686424032958e-01,4.646900228854722315e-02,0.000000000000000000e+00
5.500000000000003775e-01,5.800321017221582443e-02,-2.928905138289956689e-01,4.599140748666474821e-02,0.000000000000000000e+00
5.520000000000003793e-01,5.742328742619375037e-02,-2.899613730110375265e-01,4.551897408110061605e-02,0.000000000000000000e+00
5.540000000000003810e-01,5.684916432803507197e-02,-2.870615490793392843e-01,4.505163902662268072e-02,0.000000000000000000e+00
5.560000000000003828e-01,5.628078283218258815e-02,-2.841907479262409941e-01,4.458934024524907613e-02,0.000000000000000000e+00
5.580000000000003846e-01,5.571808547535320871e-02,-2.813486784146891351e-01,4.413201660676957516e-02,0.000000000000000000e+00
5.600000000000003864e-01,5.516101537065791482e-02,-2.785350523476485818e-01,4.367960790974390051e-02,0.000000000000000000e+00
5.620000000000003881e-01,5.460951620178221971e-02,-2.757495844378459737e-01,4.323205486295833566e-02,0.000000000000000000e+00
5.640000000000003899e-01,5.406353221722653979e-02,-2.729919922778404895e-01,4.278929906732464872e-02,0.000000000000000000e+00
5.660000000000003917e-01,5.352300822460570595e-02,-2.702619963104178624e-01,4.235128299822932263e-02,0.000000000000000000e+00
5.680000000000003935e-01,5.298788958500709467e-02,-2.675593197993040295e-01,4.191794998829667662e-02,0.000000000000000000e+00
5.700000000000003952e-01,5.245812220740670578e-02,-2.648836888001942502e-01,4.148924421057120782e-02,0.000000000000000000e+00
5.720000000000003970e-01,5.193365254314251389e-02,-2.622348321320941977e-01,4.106511066210583039e-02,0.000000000000000000e+00
5.740000000000003988e-01,5.141442758044457301e-02,-2.596124813489690264e-01,4.064549514793824869e-02,0.000000000000000000e+00
5.760000000000004006e-01,5.090039483902118050e-02,-2.570163707116971397e-01,4.023034426545990527e-02,0.000000000000000000e+00
5.780000000000004023e-01,5.039150236470053140e-02,-2.544462371603243289e-01,3.981960538914641745e-02,0.000000000000000000e+00
5.800000000000004041e-01,4.988769872412730094e-02,-2.519018202866156741e-01,3.941322665566682204e-02,0.000000000000000000e+00
5.820000000000004059e-01,4.938893299951350319e-02,-2.493828623069005712e-01,3.901115694932899558e-02,0.000000000000000000e+00
5.840000000000004077e-01,4.889515478344308441e-02,-2.468891080352085265e-01,3.861334588788967181e-02,0.000000000000000000e+00
5.860000000000004095e-01,4.840631417372970313e-02,-2.444203048566913061e-01,3.821974380868464749e-02,0.000000000000000000e+00
5.880000000000004112e-01,4.792236176832704447e-02,-2.419762027013287464e-01,3.783030175509649595e-02,0.000000000000000000e+00
5.900000000000004130e-01,4.744324866029121790e-02,-2.395565540179145358e-01,3.744497146333536364e-02,0.000000000000000000e+00
5.920000000000004148e-01,4.696892643279457907e-02,-2.371611137483188025e-01,3.706370534953462581e-02,0.000000000000000000e+00
5.940000000000004166e-01,4.649934715419053177e-02,-2.347896393020242611e-01,3.668645649714585844e-02,0.000000000000000000e+00
5.960000000000004183e-01,4.603446337312866454e-02,-2.324418905309327266e-01,3.631317864463046163e-02,0.000000000000000000e+00
5.980000000000004201e-01,4.557422811371978494e-02,-2.301176297044387753e-01,3.594382617343772068e-02,0.000000000000000000e+00
6.000000000000004219e-01,4.511859487075024766e-02,-2.278166214847674453e-01,3.557835409625909051e-02,0.000000000000000000e+00
6.020000000000004237e-01,4.466751760494509782e-02,-2.255386329025731718e-01,3.521671804556314456e-02,0.000000000000000000e+00
6.040000000000004254e-01,4.422095073827950196e-02,-2.232834333327964049e-01,3.485887426238232223e-02,0.000000000000000000e+00
6.060000000000004272e-01,4.377884914933795335e-02,-2.210507944707755246e-01,3.450477958537234713e-02,0.000000000000000000e+00
6.080000000000004290e-01,4.334116816872073119e-02,-2.188404903086106634e-01,3.415439144011189754e-02,0.000000000000000000e+00
6.100000000000004308e-01,4.290786357449717647e-02,-2.166522971117767482e-01,3.380766782865407549e-02,0.000000000000000000e+00
6.120000000000004325e-01,4.247889158770520868e-02,-2.144859933959828158e-01,3.346456731930835815e-02,0.000000000000000000e+00
6.140000000000004343e-01,4.205420886789665996e-02,-2.123413599042749400e-01,3.312504903666635414e-02,0.000000000000000000e+00
6.160000000000004361e-01,4.163377250872789953e-02,-2.102181795843796330e-01,3.278907265184205500e-02,0.000000000000000000e+00
6.180000000000004379e-01,4.121754003359533181e-02,-2.081162375662854447e-01,3.245659837294034844e-02,0.000000000000000000e+00
6.200000000000004396e-01,4.080546939131521333e-02,-2.060353211400596241e-01,3.212758693573691815e-02,0.000000000000000000e+00
6.220000000000004414e-01,4.039751895184742064e-02,-2.039752197338974282e-01,3.180199959456508907e-02,0.000000000000000000e+00
6.240000000000004432e-01,3.999364750206262087e-02,-2.019357248924013581e-01,3.147979811341183876e-02,0.000000000000000000e+00
6.260000000000004450e-01,3.959381424155244272e-02,-1.999166302550877128e-01,3.116094475720787571e-02,0.000000000000000000e+00
6.280000000000004468e-01,3.919797877848220369e-02,-1.979177315351178801e-01,3.084540228331000833e-02,0.000000000000000000e+00
6.300000000000004485e-01,3.880610112548570079e-02,-1.959388264982518946e-01,3.053313393317402813e-02,0.000000000000000000e+00
6.320000000000004503e-01,3.841814169560165554e-02,-1.939797149420216804e-01,3.022410342421455454e-02,0.000000000000000000e+00
6.340000000000004521e-01,3.803406129825141063e-02,-1.920401986751215928e-01,2.991827494183274538e-02,0.000000000000000000e+00
6.360000000000004539e-01,3.765382113525738567e-02,-1.901200814970137043e-01,2.961561313162830444e-02,0.000000000000000000e+00
6.380000000000004556e-01,3.727738279690189643e-02,-1.882191691777455600e-01,2.931608309177713423e-02,0.000000000000000000e+00
6.400000000000004574e-01,3.690470825802594224e-02,-1.863372694379780148e-01,2.901965036557285771e-02,0.000000000000000000e+00
6.420000000000004592e-01,3.653575987416750326e-02,-1.844741919292206545e-01,2.872628093412998851e-02,0.000000000000000000e+00
6.440000000000004610e-01,3.617050037773895943e-02,-1.826297482142727191e-01,2.843594120924697322e-02,0.000000000000000000e+00
6.460000000000004627e-01,3.580889287424322831e-02,-1.808037517478670864e-01,2.814859802641533904e-02,0.000000000000000000e+00
6.480000000000004645e-01,3.545090083852819873e-02,-1.789960178575150940e-01,2.786421863798560494e-02,0.000000000000000000e+00
6.500000000000004663e-01,3.509648811107909938e-02,-1.772063637245500090e-01,2.758277070647219276e-02,0.000000000000000000e+00
6.520000000000004681e-01,3.474561889434836515e-02,-1.754346083653669786e-01,2.730422229800266720e-02,0.000000000000000000e+00
6.540000000000004698e-01,3.439825774912264739e-02,-1.736805726128571592e-01,2.702854187590286728e-02,0.000000000000000000e+00
6.560000000000004716e-01,3.405436959092657950e-02,-1.719440790980340805e-01,2.675569829441881708e-02,0.000000000000000000e+00
6.580000000000004734e-01,3.371391968646288151e-02,-1.702249522318499131e-01,2.648566079256831074e-02,0.000000000000000000e+00
6.600000000000004752e-01,3.337687365008848439e-02,-1.685230181871997523e-01,2.621839898811728631e-02,0.000000000000000000e+00
6.620000000000004770e-01,3.304319744032625794e-02,-1.668381048811118095e-01,2.595388287168853836e-02,0.000000000000000000e+00
6.640000000000004787e-01,3.271285735641201592e-02,-1.651700419571213163e-01,2.569208280097967645e-02,0.000000000000000000e+00
6.660000000000004805e-01,3.238582003487636141e-02,-1.635186607678263127e-01,2.543296949511208993e-02,0.000000000000000000e+00
6.680000000000004823e-01,3.206205244616111560e-02,-1.618837943576233729e-01,2.517651402908471781e-02,0.000000000000000000e+00
6.700000000000004841e-01,3.174152189126987211e-02,-1.602652774456211349e-01,2.492268782834816676e-02,0.000000000000000000e+00
6.720000000000004858e-01,3.142419599845241301e-02,-1.586629464087297159e-01,2.467146266348230199e-02,0.000000000000000000e+00
6.740000000000004876e-01,3.111004271992256348e-02,-1.570766392649243504e-01,2.442281064498441623e-02,0.000000000000000000e+00
6.760000000000004894e-01,3.079903032860920042e-02,-1.555061956566810011e-01,2.417670421815998338e-02,0.000000000000000000e+00
6.780000000000004912e-01,3.049112741494003700e-02,-1.539514568345824452e-01,2.393311615811599680e-02,0.000000000000000000e+00
6.800000000000004929e-01,3.018630288365785341e-02,-1.524122656410926702e-01,2.369201956485422755e-02,0.000000000000000000e+00
6.820000000000004947e-01,2.988452595066885820e-02,-1.508884664944979137e-01,2.345338785845774154e-02,0.000000000000000000e+00
6.840000000000004965e-01,2.958576613992283319e-02,-1.493799053730126281e-01,2.321719477437556023e-02,0.000000000000000000e+00
6.860000000000004983e-01,2.928999328032473592e-02,-1.478864297990484522e-01,2.298341435879658334e-02,0.000000000000000000e+00
6.880000000000005000e-01,2.899717750267744726e-02,-1.464078888236444720e-01,2.275202096411588215e-02,0.000000000000000000e+00
6.900000000000005018e-01,2.870728923665533464e-02,-1.449441330110571580e-01,2.252298924448759010e-02,0.000000000000000000e+00
6.920000000000005036e-01,2.842029920780831873e-02,-1.434950144235080105e-01,2.229629415146261451e-02,0.000000000000000000e+00
6.940000000000005054e-01,2.813617843459614506e-02,-1.420603866060874965e-01,2.207191092970850477e-02,0.000000000000000000e+00
6.960000000000005071e-01,2.785489822545251723e-02,-1.406401045718134735e-01,2.184981511281414157e-02,0.000000000000000000e+00
6.980000000000005089e-01,2.757643017587883133e-02,-1.392340247868424363e-01,2.162998251917258585e-02,0.000000000000000000e+00
7.000000000000005107e-01,2.730074616556716835e-02,-1.378420051558320314e-01,2.141238924793897880e-02,0.000000000000000000e+00
7.020000000000005125e-01,2.702781835555226331e-02,-1.364639050074531734e-01,2.119701167506971018e-02,0.000000000000000000e+00
7.040000000000005143e-01,2.675761918539216327e-02,-1.350995850800500719e-01,2.098382644942820008e-02,0.000000000000000000e+00
7.060000000000005160e-01,2.649012137037726894e-02,-1.337489075074469180e-01,2.077281048896928439e-02,0.000000000000000000e+00
7.080000000000005178e-01,2.622529789876747175e-02,-1.324117358048992332e-01,2.056394097698976964e-02,0.000000000000000000e+00
7.100000000000005196e-01,2.596312202905709521e-02,-1.310879348551887147e-01,2.035719535845181838e-02,0.000000000000000000e+00
7.120000000000005214e-01,2.570356728726737663e-02,-1.297773708948599114e-01,2.015255133636850715e-02,0.000000000000000000e+00
7.140000000000005231e-01,2.544660746426618408e-02,-1.284799115005971493e-01,1.994998686825955048e-02,0.000000000000000000e+00
7.160000000000005249e-01,2.519221661311470475e-02,-1.271954255757403451e-01,1.974948016266919737e-02,0.000000000000000000e+00
7.180000000000005267e-01,2.494036904644082731e-02,-1.259237833369382109e-01,1.955100967574519011e-02,0.000000000000000000e+00
7.200000000000005285e-01,2.469103933383895097e-02,-1.246648563009374183e-01,1.935455410788256003e-02,0.000000000000000000e+00
7.220000000000005302e-01,2.444420229929593694e-02,-1.234185172715061840e-01,1.916009240042404471e-02,0.000000000000000000e+00
7.240000000000005320e-01,2.419983301864295569e-02,-1.221846403264909842e-01,1.896760373241934694e-02,0.000000000000000000e+00
7.260000000000005338e-01,2.395790681703294581e-02,-1.209631008050049694e-01,1.877706751744390168e-02,0.000000000000000000e+00
7.280000000000005356e-01,2.371839926644345176e-02,-1.197537752947466227e-01,1.858846340046982348e-02,0.000000000000000000e+00
7.300000000000005373e-01,2.348128618320455621e-02,-1.185565416194473837e-01,1.840177125479369735e-02,0.000000000000000000e+00
7.320000000000005391e-01,2.324654362555166401e-02,-1.173712788264468371e-01,1.821697117901632801e-02,0.000000000000000000e+00
7.340000000000005409e-01,2.301414789120287407e-02,-1.161978671743941760e-01,1.803404349407689011e-02,0.000000000000000000e+00
7.360000000000005427e-01,2.278407551496072422e-02,-1.150361881210744674e-01,1.785296874033348580e-02,0.000000000000000000e+00
7.380000000000005445e-01,2.255630326633800697e-02,-1.138861243113587080e-01,1.767372767469876926e-02,0.000000000000000000e+00
7.400000000000005462e-01,2.233080814720745516e-02,-1.127475595652760176e-01,1.749630126781998030e-02,0.000000000000000000e+00
7.420000000000005480e-01,2.210756738947504060e-02,-1.116203788662069873e-01,1.732067070130849373e-02,0.000000000000000000e+00
7.440000000000005498e-01,2.188655845277664644e-02,-1.105044683491967772e-01,1.714681736501666443e-02,0.000000000000000000e+00
7.460000000000005516e-01,2.166775902219787373e-02,-1.093997152893866759e-01,1.697472285435686068e-02,0.000000000000000000e+00
7.480000000000005533e-01,2.145114700601674640e-02,-1.083060080905630801e-01,1.680436896766956956e-02,0.000000000000000000e+00
7.500000000000005551e-01,2.123670053346910294e-02,-1.072232362738224087e-01,1.663573770363035997e-02,0.000000000000000000e+00
7.520000000000005569e-01,2.102439795253640067e-02,-1.061512904663509671e-01,1.646881125870347518e-02,0.000000000000000000e+00
7.540000000000005587e-01,2.081421782775576268e-02,-1.050900623903184700e-01,1.630357202463450506e-02,0.000000000000000000e+00
7.560000000000005604e-01,2.060613893805199326e-02,-1.040394448518840026e-01,1.614000258598458082e-02,0.000000000000000000e+00
7.580000000000005622e-01,2.040014027459136764e-02,-1.029993317303133510e-01,1.597808571770431563e-02,0.000000000000000000e+00
7.600000000000005640e-01,2.019620103865695307e-02,-1.019696179672064940e-01,1.581780438274771328e-02,0.000000000000000000e+00
7.620000000000005658e-01,1.999430063954528436e-02,-1.009501995558340914e-01,1.565914172972271423e-02,0.000000000000000000e+00
7.640000000000005675e-01,1.979441869248411978e-02,-9.994097353058187250e-02,1.550208109058037742e-02,0.000000000000000000e+00
7.660000000000005693e-01,1.959653501657111774e-02,-9.894183795650182689e-02,1.534660597833981122e-02,0.000000000000000000e+00
7.680000000000005711e-01,1.940062963273318092e-02,-9.795269191896904815e-02,1.519270008485040790e-02,0.000000000000000000e+00
7.700000000000005729e-01,1.920668276170629449e-02,-9.697343551344313195e-02,1.504034727858649667e-02,0.000000000000000000e+00
7.720000000000005747e-01,1.901467482203562931e-02,-9.600396983533313056e-02,1.488953160247974417e-02,0.000000000000000000e+00
7.740000000000005764e-01,1.882458642809569857e-02,-9.504419696996489753e-02,1.474023727178241927e-02,0.000000000000000000e+00
7.760000000000005782e-01,1.863639838813039781e-02,-9.409401998264982359e-02,1.459244867196529682e-02,0.000000000000000000e+00
7.780000000000005800e-01,1.845009170231268897e-02,-9.315334290885385338e-02,1.444615035664664759e-02,0.000000000000000000e+00
7.800000000000005818e-01,1.826564756082375840e-02,-9.222207074446588104e-02,1.430132704555342471e-02,0.000000000000000000e+00
7.820000000000005835e-01,1.808304734195143038e-02,-9.130010943616435892e-02,1.415796362251531271e-02,0.000000000000000000e+00
7.840000000000005853e-01,1.790227261020766944e-02,-9.038736587188116178e-02,1.401604513348497782e-02,0.000000000000000000e+00
7.860000000000005871e-01,1.772330511446494616e-02,-8.948374787136174902e-02,1.387555678459229114e-02,0.000000000000000000e+00
7.880000000000005889e-01,1.754612678611130669e-02,-8.858916417682055622e-02,1.373648394022430885e-02,0.000000000000000000e+00
7.900000000000005906e-01,1.737071973722392401e-02,-8.770352444369070022e-02,1.359881212113722704e-02,0.000000000000000000e+00
7.920000000000005924e-01,1.719706625876098877e-02,-8.682673923146699835e-02,1.346252700259276125e-02,0.000000000000000000e+00
7.940000000000005942e-01,1.702514881877170705e-02,-8.595871999464134439e-02,1.332761441252494627e-02,0.000000000000000000e+00
7.960000000000005960e-01,1.685495006062424916e-02,-8.509937907372952526e-02,1.319406032973247100e-02,0.000000000000000000e+00
7.980000000000005977e-01,1.668645280125147234e-02,-8.424862968638847927e-02,1.306185088209788070e-02,0.000000000000000000e+00
8.000000000000005995e-01,1.651964002941422663e-02,-8.340638591862314932e-02,1.293097234483231439e-02,0.000000000000000000e+00
8.020000000000006013e-01,1.635449490398206349e-02,-8.257256271608190423e-02,1.280141113874533332e-02,0.000000000000000000e+00
8.040000000000006031e-01,1.619100075223118412e-02,-8.174707587543976472e-02,1.267315382854161676e-02,0.000000000000000000e+00
8.060000000000006048e-01,1.602914106815944706e-02,-8.092984203586839342e-02,1.254618712113853007e-02,0.000000000000000000e+00
8.080000000000006066e-01,1.586889951081826150e-02,-8.012077867059205771e-02,1.242049786401189237e-02,0.000000000000000000e+00
8.100000000000006084e-01,1.571025990266120345e-02,-7.931980407852864956e-02,1.229607304356217234e-02,0.000000000000000000e+00
8.120000000000006102e-01,1.555320622790917415e-02,-7.852683737601484637e-02,1.217289978350355462e-02,0.000000000000000000e+00
8.140000000000006120e-01,1.539772263093194468e-02,-7.774179848861470510e-02,1.205096534327965152e-02,0.000000000000000000e+00
8.160000000000006137e-01,1.524379341464592377e-02,-7.696460814301064879e-02,1.193025711649653431e-02,0.000000000000000000e+00
8.180000000000006155e-01,1.509140303892797172e-02,-7.619518785897609614e-02,1.181076262937974519e-02,0.000000000000000000e+00
8.200000000000006173e-01,1.494053611904511310e-02,-7.543345994142892919e-02,1.169246953925373589e-02,0.000000000000000000e+00
8.220000000000006191e-01,1.479117742409998340e-02,-7.467934747256496641e-02,1.157536563304084609e-02,0.000000000000000000e+00
8.240000000000006208e-01,1.464331187549184309e-02,-7.393277430407048378e-02,1.145943882578026596e-02,0.000000000000000000e+00
8.260000000000006226e-01,1.449692454539301678e-02,-7.319366504941324236e-02,1.134467715917053532e-02,0.000000000000000000e+00
8.280000000000006244e-01,1.435200065524059460e-02,-7.246194507621096792e-02,1.123106880012803011e-02,0.000000000000000000e+00
8.300000000000006262e-01,1.420852557424324113e-02,-7.173754049867663019e-02,1.111860203936676506e-02,0.000000000000000000e+00
8.320000000000006279e-01,1.406648481790296126e-02,-7.102037817013971688e-02,1.100726528999862452e-02,0.000000000000000000e+00
8.340000000000006297e-01,1.392586404655167531e-02,-7.031038567564272534e-02,1.089704708614958051e-02,0.000000000000000000e+00
8.360000000000006315e-01,1.378664906390245082e-02,-6.960749132461210853e-02,1.078793608159767103e-02,0.000000000000000000e+00
8.380000000000006333e-01,1.364882581561524533e-02,-6.891162414360285648e-02,1.067992104842607759e-02,0.000000000000000000e+00
8.400000000000006350e-01,1.351238038787701268e-02,-6.822271386911610280e-02,1.057299087569663065e-02,0.000000000000000000e+00
8.420000000000006368e-01,1.337729900599603575e-02,-6.754069094048886779e-02,1.046713456813908039e-02,0.000000000000000000e+00
8.440000000000006386e-01,1.324356803301032434e-02,-6.686548649285529999e-02,1.036234124485879704e-02,0.000000000000000000e+00
8.460000000000006404e-01,1.311117396830996720e-02,-6.619703235017865284e-02,1.025860013806112470e-02,0.000000000000000000e+00
8.480000000000006422e-01,1.298010344627326118e-02,-6.553526101835328854e-02,1.015590059179172222e-02,0.000000000000000000e+00
8.500000000000006439e-01,1.285034323491651004e-02,-6.488010567837595999e-02,1.005423206069444575e-02,0.000000000000000000e+00
8.520000000000006457e-01,1.272188023455733848e-02,-6.423150017958575986e-02,9.953584108784996332e-03,0.000000000000000000e+00
8.540000000000006475e-01,1.259470147649139476e-02,-6.358937903297193217e-02,9.853946408239444565e-03,0.000000000000000000e+00
8.560000000000006493e-01,1.246879412168229624e-02,-6.295367740454892169e-02,9.755308738199075513e-03,0.000000000000000000e+00
8.580000000000006510e-01,1.234414545946469974e-02,-6.232433110879800897e-02,9.657660983592109005e-03,0.000000000000000000e+00
8.600000000000006528e-01,1.222074290626034947e-02,-6.170127660217471222e-02,9.560993133967410351e-03,0.000000000000000000e+00
8.620000000000006546e-01,1.209857400430698615e-02,-6.108445097668149804e-02,9.465295282345076444e-03,0.000000000000000000e+00
8.640000000000006564e-01,1.197762642039997688e-02,-6.047379195350495451e-02,9.370557624081121695e-03,0.000000000000000000e+00
8.660000000000006581e-01,1.185788794464654253e-02,-5.986923787671690617e-02,9.276770455747151978e-03,0.000000000000000000e+00
8.680000000000006599e-01,1.173934648923246477e-02,-5.927072770703872145e-02,9.183924174022362052e-03,0.000000000000000000e+00
8.700000000000006617e-01,1.162199008720112871e-02,-5.867820101566824376e-02,9.092009274601631219e-03,0.000000000000000000e+00
8.720000000000006635e-01,1.150580689124479188e-02,-5.809159797816867976e-02,9.001016351115498360e-03,0.000000000000000000e+00
8.740000000000006652e-01,1.139078517250795460e-02,-5.751085936841884155e-02,8.910936094065124990e-03,0.000000000000000000e+00
8.760000000000006670e-01,1.127691331940270693e-02,-5.693592655262406932e-02,8.821759289768582590e-03,0.000000000000000000e+00
8.780000000000006688e-01,1.116417983643593244e-02,-5.636674148338730039e-02,8.733476819322238960e-03,0.000000000000000000e+00
8.800000000000006706e-01,1.105257334304825256e-02,-5.580324669383961156e-02,8.646079657573579880e-03,0.000000000000000000e+00
8.820000000000006724e-01,1.094208257246459363e-02,-5.524538529182964480e-02,8.559558872106798333e-03,0.000000000000000000e+00
8.840000000000006741e-01,1.083269637055625165e-02,-5.469310095417136836e-02,8.473905622241706403e-03,0.000000000000000000e+00
8.860000000000006759e-01,1.072440369471435243e-02,-5.414633792094950687e-02,8.389111158043971450e-03,0.000000000000000000e+00
8.880000000000006777e-01,1.061719361273458749e-02,-5.360504098988212729e-02,8.305166819347009621e-03,0.000000000000000000e+00
8.900000000000006795e-01,1.051105530171310767e-02,-5.306915551073976278e-02,8.222064034787646136e-03,0.000000000000000000e+00
8.920000000000006812e-01,1.040597804695346691e-02,-5.253862737982051279e-02,8.139794320850879394e-03,0.000000000000000000e+00
8.940000000000006830e-01,1.030195124088450521e-02,-5.201340303448056396e-02,8.058349280928633895e-03,0.000000000000000000e+00
8.960000000000006848e-01,1.019896438198906671e-02,-5.149342944771955616e-02,7.977720604387505965e-03,0.000000000000000000e+00
8.980000000000006866e-01,1.009700707374342615e-02,-5.097865412282027303e-02,7.897900065650276247e-03,0.000000000000000000e+00
9.000000000000006883e-01,9.996069023567342310e-03,-5.046902508804204657e-02,7.818879523285415800e-03,0.000000000000000000e+00
9.020000000000006901e-01,9.896140041784608210e-03,-4.996449089136740379e-02,7.740650919109803851e-03,0.000000000000000000e+00
9.040000000000006919e-01,9.797210040594006228e-03,-4.946500059530137966e-02,7.663206277301548575e-03,0.000000000000000000e+00
9.060000000000006937e-01,9.699269033050560498e-03,-4.897050377172296187e-02,7.586537703522577836e-03,0.000000000000000000e+00
9.080000000000006954e-01,9.602307132056984301e-03,-4.848095049678815410e-02,7.510637384051777055e-03,0.000000000000000000e+00
9.100000000000006972e-01,9.506314549365216596e-03,-4.799629134588415807e-02,7.435497584929229298e-03,0.000000000000000000e+00
9.120000000000006990e-01,9.411281594587948829e-03,-4.751647738863411241e-02,7.361110651109892267e-03,0.000000000000000000e+00
9.140000000000007008e-01,9.317198674220044871e-03,-4.704146018395189560e-02,7.287469005626712182e-03,0.000000000000000000e+00
9.160000000000007025e-01,9.224056290669751731e-03,-4.657119177514654207e-02,7.214565148764506830e-03,0.000000000000000000e+00
9.180000000000007043e-01,9.131845041299600438e-03,-4.610562468507565376e-02,7.142391657242397329e-03,0.000000000000000000e+00
9.200000000000007061e-01,9.040555617476905143e-03,-4.564471191134746725e-02,7.070941183407009056e-03,0.000000000000000000e+00
9.220000000000007079e-01,8.950178803633763308e-03,-4.518840692157093109e-02,7.000206454433888226e-03,0.000000000000000000e+00
9.240000000000007097e-01,8.860705476336456360e-03,-4.473666364865343248e-02,6.930180271538466386e-03,0.000000000000000000e+00
9.260000000000007114e-01,8.772126603364165803e-03,-4.428943648614561829e-02,6.860855509196572832e-03,0.000000000000000000e+00
9.280000000000007132e-01,8.684433242796900723e-03,-4.384668028363287312e-02,6.792225114373939832e-03,0.000000000000000000e+00
9.300000000000007150e-01,8.597616542112555132e-03,-4.340835034217296884e-02,6.724282105763146333e-03,0.000000000000000000e+00
9.320000000000007168e-01,8.511667737292996291e-03,-4.297440240977943443e-02,6.657019573031219828e-03,0.000000000000000000e+00
9.340000000000007185e-01,8.426578151939095526e-03,-4.254479267695016748e-02,6.590430676075009764e-03,0.000000000000000000e+00
9.360000000000007203e-01,8.342339196394613077e-03,-4.211947777224084311e-02,6.524508644284443548e-03,0.000000000000000000e+00
9.380000000000007221e-01,8.258942366878848501e-03,-4.169841475788267637e-02,6.459246775814886377e-03,0.000000000000000000e+00
9.400000000000007239e-01,8.176379244627959494e-03,-4.128156112544407313e-02,6.394638436868382847e-03,0.000000000000000000e+00
9.420000000000007256e-01,8.094641495044888405e-03,-4.086887479153575309e-02,6.330677060981004800e-03,0.000000000000000000e+00
9.440000000000007274e-01,8.013720866857769812e-03,-4.046031409355887315e-02,6.267356148320413212e-03,0.000000000000000000e+00
9.460000000000007292e-01,7.933609191286777537e-03,-4.005583778549576951e-02,6.204669264990081423e-03,0.000000000000000000e+00
9.480000000000007310e-01,7.854298381219291386e-03,-3.965540503374282572e-02,6.142610042341956067e-03,0.000000000000000000e+00
9.500000000000007327e-01,7.775780430393321174e-03,-3.925897541298509902e-02,6.081172176295890353e-03,0.000000000000000000e+00
9.520000000000007345e-01,7.698047412589096965e-03,-3.886650890211226089e-02,6.020349426668403225e-03,0.000000000000000000e+00
9.540000000000007363e-01,7.621091480828745719e-03,-3.847796588017543540e-02,5.960135616507322709e-03,0.000000000000000000e+00
9.560000000000007381e-01,7.544904866583976299e-03,-3.809330712238451211e-02,5.900524631434089784e-03,0.000000000000000000e+00
9.580000000000007399e-01,7.469479878991685216e-03,-3.771249379614557973e-02,5.841510418994499965e-03,0.000000000000000000e+00
9.600000000000007416e-01,7.394808904077409401e-03,-3.733548745713800854e-02,5.783086988015329055e-03,0.000000000000000000e+00
9.620000000000007434e-01,7.320884403986547932e-03,-3.696225004543082088e-02,5.725248407969285580e-03,0.000000000000000000e+00
9.640000000000007452e-01,7.247698916223272066e-03,-3.659274388163796798e-02,5.667988808345736373e-03,0.000000000000000000e+00
9.660000000000007470e-01,7.175245052897048087e-03,-3.622693166311207608e-02,5.611302378029425775e-03,0.000000000000000000e+00
9.680000000000007487e-01,7.103515499976695811e-03,-3.586477646017631471e-02,5.555183364685412073e-03,0.000000000000000000e+00
9.700000000000007505e-01,7.032503016551908126e-03,-3.550624171239400578e-02,5.499626074151442445e-03,0.000000000000000000e+00
9.720000000000007523e-01,6.962200434102156985e-03,-3.515129122487554297e-02,5.444624869836101055e-03,0.000000000000000000e+00
9.740000000000007541e-01,6.892600655772912130e-03,-3.479988916462233711e-02,5.390174172124395646e-03,0.000000000000000000e+00
9.760000000000007558e-01,6.823696655659097082e-03,-3.445200005690732259e-02,5.336268457789339337e-03,0.000000000000000000e+00
9.780000000000007576e-01,6.755481478095713872e-03,-3.410758878169170560e-02,5.282902259410193757e-03,0.000000000000000000e+00
9.800000000000007594e-01,6.687948236955558456e-03,-3.376662057007760037e-02,5.230070164796929433e-03,0.000000000000000000e+00
9.820000000000007612e-01,6.621090114953966099e-03,-3.342906100079615778e-02,5.177766816421236484e-03,0.000000000000000000e+00
9.840000000000007629e-01,6.554900362960504323e-03,-3.309487599673086727e-02,5.125986910853530532e-03,0.000000000000000000e+00
9.860000000000007647e-01,6.489372299317552710e-03,-3.276403182147562959e-02,5.074725198205842780e-03,0.000000000000000000e+00
9.880000000000007665e-01,6.424499309165698432e-03,-3.243649507592732267e-02,5.023976481581260423e-03,0.000000000000000000e+00
9.900000000000007683e-01,6.360274843775873786e-03,-3.211223269491243065e-02,4.973735616529029180e-03,0.000000000000000000e+00
9.920000000000007701e-01,6.296692419888178481e-03,-3.179121194384747218e-02,4.923997510505317976e-03,0.000000000000000000e+00
9.940000000000007718e-01,6.233745619057312962e-03,-3.147340041543284644e-02,4.874757122340533932e-03,0.000000000000000000e+00
9.960000000000007736e-01,6.171428087004553371e-03,-3.115876602637975001e-02,4.826009461711744386e-03,0.000000000000000000e+00
9.980000000000007754e-01,6.109733532976213514e-03,-3.084727701416986947e-02,4.777749588620816557e-03,0.000000000000000000e+00
1.000000000000000666e+00,6.048655729108518356e-03,-3.053890193384750304e-02,4.729972612878607929e-03,0.000000000000000000e+00
1.002000000000000668e+00,5.988188509798830945e-03,-3.023360965484378493e-02,4.682673693594097131e-03,0.000000000000000000e+00
1.004000000000000670e+00,5.928325771083165982e-03,-2.993136935783268296e-02,4.635848038669621030e-03,0.000000000000000000e+00
1.006000000000000671e+00,5.869061470019929297e-03,-2.963215053161848134e-02,4.589490904301385399e-03,0.000000000000000000e+00
1.008000000000000673e+00,5.810389624079820813e-03,-2.933592297005438096e-02,4.543597594484416469e-03,0.000000000000000000e+00
1.010000000000000675e+00,5.752304310541836788e-03,-2.904265676899196041e-02,4.498163460524451374e-03,0.000000000000000000e+00
1.012000000000000677e+00,5.694799665895314104e-03,-2.875232232326115772e-02,4.453183900553381314e-03,0.000000000000000000e+00
1.014000000000000679e+00,5.637869885247953280e-03,-2.846489032368046401e-02,4.408654359051134008e-03,0.000000000000000000e+00
1.016000000000000680e+00,5.581509221739759490e-03,-2.818033175409704813e-02,4.364570326371997044e-03,0.000000000000000000e+00
1.018000000000000682e+00,5.525711985962846948e-03,-2.789861788845647908e-02,4.320927338275881713e-03,0.000000000000000000e+00
1.020000000000000684e+00,5.470472545387043348e-03,-2.761972028790178960e-02,4.277720975465137965e-03,0.000000000000000000e+00
1.022000000000000686e+00,5.415785323791240564e-03,-2.734361079790155816e-02,4.234946863125699235e-03,0.000000000000000000e+00
1.024000000000000687e+00,5.361644800700427448e-03,-2.707026154540672150e-02,4.192600670473334290e-03,0.000000000000000000e+00
1.026000000000000689e+00,5.308045510828356128e-03,-2.679964493603584352e-02,4.150678110305006108e-03,0.000000000000000000e+00
1.028000000000000691e+00,5.254982043525779391e-03,-2.653173365128853878e-02,4.109174938554283063e-03,0.000000000000000000e+00
1.030000000000000693e+00,5.202449042234206199e-03,-2.626650064578678681e-02,4.068086953852079191e-03,0.000000000000000000e+00
1.032000000000000695e+00,5.150441203945118132e-03,-2.600391914454383210e-02,4.027409997091890848e-03,0.000000000000000000e+00
1.034000000000000696e+00,5.098953278664597293e-03,-2.574396264026042325e-02,3.987139950998974669e-03,0.000000000000000000e+00
1.036000000000000698e+00,5.047980068883301495e-03,-2.548660489064809645e-02,3.947272739705409705e-03,0.000000000000000000e+00
1.038000000000000700e+00,4.997516429051743377e-03,-2.523181991577922931e-02,3.907804328328212673e-03,0.000000000000000000e+00
1.040000000000000702e+00,4.947557265060816174e-03,-2.497958199546362890e-02,3.868730722552782275e-03,0.000000000000000000e+00
1.042000000000000703e+00,4.898097533727513268e-03,-2.472986566665133501e-02,3.830047968220284815e-03,0.000000000000000000e+00
1.044000000000000705e+00,4.849132242285790310e-03,-2.448264572086143731e-02,3.791752150919758257e-03,0.000000000000000000e+00
1.046000000000000707e+00,4.800656447882517032e-03,-2.423789720163659067e-02,3.753839395584102068e-03,0.000000000000000000e+00
1.048000000000000709e+00,4.752665257078471026e-03,-2.399559540202300320e-02,3.716305866090341414e-03,0.000000000000000000e+00
1.050000000000000711e+00,4.705153825354319724e-03,-2.375571586207563327e-02,3.679147764864554304e-03,0.000000000000000000e+00
1.052000000000000712e+00,4.658117356621542873e-03,-2.351823436638834919e-02,3.642361332490184900e-03,0.000000000000000000e+00
1.054000000000000714e+00,4.611551102738245186e-03,-2.328312694164878793e-02,3.605942847320964262e-03,0.000000000000000000e+00
1.056000000000000716e+00,4.565450363029809749e-03,-2.305036985421767687e-02,3.569888625098049939e-03,0.000000000000000000e+00
1.058000000000000718e+00,4.519810483814345331e-03,-2.281993960773236879e-02,3.534195018570274183e-03,0.000000000000000000e+00
1.060000000000000719e+00,4.474626857932876428e-03,-2.259181294073434390e-02,3.498858417119388164e-03,0.000000000000000000e+00
1.062000000000000721e+00,4.429894924284235279e-03,-2.236596682432046013e-02,3.463875246388525841e-03,0.000000000000000000e+00
1.064000000000000723e+00,4.385610167364600333e-03,-2.214237845981767427e-02,3.429241967914775646e-03,0.000000000000000000e+00
1.066000000000000725e+00,4.341768116811637809e-03,-2.192102527648104662e-02,3.394955078765693468e-03,0.000000000000000000e+00
1.068000000000000727e+00,4.298364346953208182e-03,-2.170188492921474449e-02,3.361011111179257327e-03,0.000000000000000000e+00
1.070000000000000728e+00,4.255394476360576869e-03,-2.148493529631586782e-02,3.327406632207707826e-03,0.000000000000000000e+00
1.072000000000000730e+00,4.212854167406095314e-03,-2.127015447724082270e-02,3.294138243365551943e-03,0.000000000000000000e+00
1.074000000000000732e+00,4.170739125825307335e-03,-2.105752079039404853e-02,3.261202580280175845e-03,0.000000000000000000e+00
1.076000000000000734e+00,4.129045100283429588e-03,-2.084701277093884905e-02,3.228596312347231656e-03,0.000000000000000000e+00
1.078000000000000735e+00,4.087767881946169704e-03,-2.063860916863013636e-02,3.196316142388633263e-03,0.000000000000000000e+00
1.080000000000000737e+00,4.046903304054831792e-03,-2.043228894566883475e-02,3.164358806314826467e-03,0.000000000000000000e+00
1.082000000000000739e+00,4.006447241505676354e-03,-2.022803127457776032e-02,3.132721072790056738e-03,0.000000000000000000e+00
1.084000000000000741e+00,3.966395610433479102e-03,-2.002581553609872680e-02,3.101399742901300716e-03,0.000000000000000000e+00
1.086000000000000743e+00,3.926744367799257437e-03,-1.982562131711070388e-02,3.070391649830639391e-03,0.000000000000000000e+00
1.088000000000000744e+00,3.887489510982119947e-03,-1.962742840856878182e-02,3.039693658530906450e-03,0.000000000000000000e+00
1.090000000000000746e+00,3.848627077375192489e-03,-1.943121680346375502e-02,3.009302665404667287e-03,0.000000000000000000e+00
1.092000000000000748e+00,3.810153143985588360e-03,-1.923696669480211632e-02,2.979215597986806241e-03,0.000000000000000000e+00
1.094000000000000750e+00,3.772063827038375696e-03,-1.904465847360624700e-02,2.949429414629889390e-03,0.000000000000000000e+00
1.096000000000000751e+00,3.734355281584506546e-03,-1.885427272693460804e-02,2.919941104193191084e-03,0.000000000000000000e+00
1.098000000000000753e+00,3.697023701112662954e-03,-1.866579023592173855e-02,2.890747685734773587e-03,0.000000000000000000e+00
1.100000000000000755e+00,3.660065317164987089e-03,-1.847919197383784268e-02,2.861846208206508813e-03,0.000000000000000000e+00
1.102000000000000757e+00,3.623476398956651610e-03,-1.829445910416779841e-02,2.833233750152652775e-03,0.000000000000000000e+00
1.104000000000000759e+00,3.587253252999232991e-03,-1.811157297870936642e-02,2.804907419411251102e-03,0.000000000000000000e+00
1.106000000000000760e+00,3.551392222727852224e-03,-1.793051513569042521e-02,2.776864352818653181e-03,0.000000000000000000e+00
1.108000000000000762e+00,3.515889688132042140e-03,-1.775126729790502469e-02,2.749101715917023903e-03,0.000000000000000000e+00
1.110000000000000764e+00,3.480742065390305794e-03,-1.757381137086809139e-02,2.721616702665019538e-03,0.000000000000000000e+00
1.112000000000000766e+00,3.445945806508328609e-03,-1.739812944098858422e-02,2.694406535151072646e-03,0.000000000000000000e+00
1.114000000000000767e+00,3.411497398960806546e-03,-1.722420377376092382e-02,2.667468463310229687e-03,0.000000000000000000e+00
1.116000000000000769e+00,3.377393365336857356e-03,-1.705201681197448735e-02,2.640799764643209091e-03,0.000000000000000000e+00
1.118000000000000771e+00,3.343630262988975428e-03,-1.688155117394104024e-02,2.614397743938623453e-03,0.000000000000000000e+00
1.120000000000000773e+00,3.310204683685495555e-03,-1.671278965173986913e-02,2.588259732998254847e-03,0.000000000000000000e+00
1.122000000000000774e+00,3.277113253266534382e-03,-1.654571520948048061e-02,2.562383090364939164e-03,0.000000000000000000e+00
1.124000000000000776e+00,3.244352631303369216e-03,-1.638031098158265406e-02,2.536765201052948449e-03,0.000000000000000000e+00
1.126000000000000778e+00,3.211919510761221657e-03,-1.621656027107371695e-02,2.511403476281759417e-03,0.000000000000000000e+00
1.128000000000000780e+00,3.179810617665416138e-03,-1.605444654790282727e-02,2.486295353211931403e-03,0.000000000000000000e+00
1.130000000000000782e+00,3.148022710770871733e-03,-1.589395344727212445e-02,2.461438294684259454e-03,0.000000000000000000e+00
1.132000000000000783e+00,3.116552581234902520e-03,-1.573506476798456483e-02,2.436829788960842569e-03,0.000000000000000000e+00
1.134000000000000785e+00,3.085397052293286160e-03,-1.557776447080827867e-02,2.412467349469565869e-03,0.000000000000000000e+00
1.136000000000000787e+00,3.054552978939571641e-03,-1.542203667685728558e-02,2.388348514550830970e-03,0.000000000000000000e+00
1.138000000000000789e+00,3.024017247607594955e-03,-1.526786566598839490e-02,2.364470847206728843e-03,0.000000000000000000e+00
1.140000000000000790e+00,2.993786775857166724e-03,-1.511523587521414538e-02,2.340831934852988239e-03,0.000000000000000000e+00
1.142000000000000792e+00,2.963858512062903568e-03,-1.496413189713160889e-02,2.317429389073449864e-03,0.000000000000000000e+00
1.144000000000000794e+00,2.934229435106169848e-03,-1.481453847836690547e-02,2.294260845376899782e-03,0.000000000000000000e+00
1.146000000000000796e+00,2.904896554070099390e-03,-1.466644051803527894e-02,2.271323962956511844e-03,0.000000000000000000e+00
1.148000000000000798e+00,2.875856907937666442e-03,-1.451982306621655942e-02,2.248616424451649332e-03,0.000000000000000000e+00
1.150000000000000799e+00,2.847107565292774593e-03,-1.437467132244588282e-02,2.226135935712164615e-03,0.000000000000000000e+00
1.152000000000000801e+00,2.818645624024335508e-03,-1.423097063421948846e-02,2.203880225564974760e-03,0.000000000000000000e+00
1.154000000000000803e+00,2.790468211033304488e-03,-1.408870649551546839e-02,2.181847045583135136e-03,0.000000000000000000e+00
1.156000000000000805e+00,2.762572481942645979e-03,-1.394786454532930854e-02,2.160034169857244502e-03,0.000000000000000000e+00
1.158000000000000806e+00,2.734955620810197805e-03,-1.380843056622406244e-02,2.138439394769181545e-03,0.000000000000000000e+00
1.160000000000000808e+00,2.707614839844407675e-03,-1.367039048289503053e-02,2.117060538767867595e-03,0.000000000000000000e+00
1.162000000000000810e+00,2.680547379122910287e-03,-1.353373036074879097e-02,2.095895442147832632e-03,0.000000000000000000e+00
1.164000000000000812e+00,2.653750506313917300e-03,-1.339843640449643256e-02,2.074941966829529916e-03,0.000000000000000000e+00
1.166000000000000814e+00,2.627221516400395432e-03,-1.326449495676086318e-02,2.054197996142176352e-03,0.000000000000000000e+00
1.168000000000000815e+00,2.600957731406999297e-03,-1.313189249669803604e-02,2.033661434608646790e-03,0.000000000000000000e+00
1.170000000000000817e+00,2.574956500129735575e-03,-1.300061563863196337e-02,2.013330207732560995e-03,0.000000000000000000e+00
1.172000000000000819e+00,2.549215197868329001e-03,-1.287065113070338419e-02,1.993202261787813123e-03,0.000000000000000000e+00
1.174000000000000821e+00,2.523731226161265041e-03,-1.274198585353193171e-02,1.973275563609711014e-03,0.000000000000000000e+00
1.176000000000000822e+00,2.498502012523481485e-03,-1.261460681889169273e-02,1.953548100388557973e-03,0.000000000000000000e+00
1.178000000000000824e+00,2.473525010186681649e-03,-1.248850116839999615e-02,1.934017879465399492e-03,0.000000000000000000e+00
1.180000000000000826e+00,2.448797697842243146e-03,-1.236365617221932105e-02,1.914682928129685102e-03,0.000000000000000000e+00
1.182000000000000828e+00,2.424317579386698826e-03,-1.224005922777217717e-02,1.895541293418928630e-03,0.000000000000000000e+00
1.184000000000000830e+00,2.400082183669761254e-03,-1.211769785846884134e-02,1.876591041920561143e-03,0.000000000000000000e+00
1.186000000000000831e+00,2.376089064244865569e-03,-1.199655971244780774e-02,1.857830259575671272e-03,0.000000000000000000e+00
1.188000000000000833e+00,2.352335799122207746e-03,-1.187663256132883739e-02,1.839257051484771699e-03,0.000000000000000000e+00
1.190000000000000835e+00,2.328819990524250930e-03,-1.175790429897847177e-02,1.820869541715480766e-03,0.000000000000000000e+00
1.192000000000000837e+00,2.305539264643675142e-03,-1.164036294028789401e-02,1.802665873112285766e-03,0.000000000000000000e+00
1.194000000000000838e+00,2.282491271403749074e-03,-1.152399661996300444e-02,1.784644207108138092e-03,0.000000000000000000e+00
1.196000000000000840e+00,2.259673684221095817e-03,-1.140879359132659226e-02,1.766802723537796993e-03,0.000000000000000000e+00
1.198000000000000842e+00,2.237084199770830815e-03,-1.129474222513249249e-02,1.749139620453421529e-03,0.000000000000000000e+00
1.200000000000000844e+00,2.214720537754047772e-03,-1.118183100839158575e-02,1.731653113941550304e-03,0.000000000000000000e+00
1.202000000000000846e+00,2.192580440667628652e-03,-1.107004854320955273e-02,1.714341437942551449e-03,0.000000000000000000e+00
1.204000000000000847e+00,2.170661673576356095e-03,-1.095938354563623200e-02,1.697202844071238337e-03,0.000000000000000000e+00
1.206000000000000849e+00,2.148962023887303081e-03,-1.084982484452649658e-02,1.680235601439705739e-03,0.000000000000000000e+00
1.208000000000000851e+00,2.127479301126478182e-03,-1.074136138041250840e-02,1.663437996481886838e-03,0.000000000000000000e+00
1.210000000000000853e+00,2.106211336717703827e-03,-1.063398220438725554e-02,1.646808332779775563e-03,0.000000000000000000e+00
1.212000000000000854e+00,2.085155983763705475e-03,-1.052767647699925056e-02,1.630344930891564070e-03,0.000000000000000000e+00
1.214000000000000856e+00,2.064311116829388709e-03,-1.042243346715827565e-02,1.614046128181306772e-03,0.000000000000000000e+00
1.216000000000000858e+00,2.043674631727284731e-03,-1.031824255105207380e-02,1.597910278650416238e-03,0.000000000000000000e+00
1.218000000000000860e+00,2.023244445305136946e-03,-1.021509321107386820e-02,1.581935752770935455e-03,0.000000000000000000e+00
1.220000000000000862e+00,2.003018495235615610e-03,-1.011297503476060386e-02,1.566120937320419904e-03,0.000000000000000000e+00
1.222000000000000863e+00,1.982994739808131932e-03,-1.001187771374180760e-02,1.550464235218373954e-03,0.000000000000000000e+00
1.224000000000000865e+00,1.963171157722733845e-03,-9.911791042698953405e-03,1.534964065364546881e-03,0.000000000000000000e+00
1.226000000000000867e+00,1.943545747886063274e-03,-9.812704918335232729e-03,1.519618862478672172e-03,0.000000000000000000e+00
1.228000000000000869e+00,1.924116529209351925e-03,-9.714609338355630758e-03,1.504427076941927677e-03,0.000000000000000000e+00
1.230000000000000870e+00,1.904881540408437596e-03,-9.617494400457188980e-03,1.489387174640005584e-03,0.000000000000000000e+00
1.232000000000000872e+00,1.885838839805778879e-03,-9.521350301329372517e-03,1.474497636807653445e-03,0.000000000000000000e+00
1.234000000000000874e+00,1.866986505134450060e-03,-9.426167335664431199e-03,1.459756959874908278e-03,0.000000000000000000e+00
1.236000000000000876e+00,1.848322633344094733e-03,-9.331935895177645088e-03,1.445163655314746221e-03,0.000000000000000000e+00
1.238000000000000878e+00,1.829845340408819921e-03,-9.238646467637379872e-03,1.430716249492480774e-03,0.000000000000000000e+00
1.240000000000000879e+00,1.811552761137010317e-03,-9.146289635904825480e-03,1.416413283516382293e-03,0.000000000000000000e+00
1.242000000000000881e+00,1.793443048983043566e-03,-9.054856076983345062e-03,1.402253313090046083e-03,0.000000000000000000e+00
1.244000000000000883e+00,1.775514375860889026e-03,-8.964336561077325058e-03,1.388234908366065001e-03,0.000000000000000000e+00
1.246000000000000885e+00,1.757764931959568096e-03,-8.874721950660436134e-03,1.374356653801533934e-03,0.000000000000000000e+00
1.248000000000000886e+00,1.740192925560461604e-03,-8.786003199553204385e-03,1.360617148014331423e-03,0.000000000000000000e+00
1.250000000000000888e+00,1.722796582856441893e-03,-8.698171352009807789e-03,1.347015003641566233e-03,0.000000000000000000e+00
1.252000000000000890e+00,1.705574147772813800e-03,-8.611217541814009460e-03,1.333548847199050869e-03,0.000000000000000000e+00
1.254000000000000892e+00,1.688523881790045646e-03,-8.525132991384116662e-03,1.320217318942218387e-03,0.000000000000000000e+00
1.256000000000000894e+00,1.671644063768271821e-03,-8.439909010886897933e-03,1.307019072728621278e-03,0.000000000000000000e+00
1.258000000000000895e+00,1.654932989773551114e-03,-8.355536997360352505e-03,1.293952775881540562e-03,0.000000000000000000e+00
1.260000000000000897e+00,1.638388972905860646e-03,-8.272008433845255693e-03,1.281017109055232472e-03,0.000000000000000000e+00
1.262000000000000899e+00,1.622010343128809772e-03,-8.189314888525383099e-03,1.268210766101340869e-03,0.000000000000000000e+00
1.264000000000000901e+00,1.605795447101057054e-03,-8.107448013876332113e-03,1.255532453936752946e-03,0.000000000000000000e+00
1.266000000000000902e+00,1.589742648009411429e-03,-8.026399545822852227e-03,1.242980892412731686e-03,0.000000000000000000e+00
1.268000000000000904e+00,1.573850325403602186e-03,-7.946161302904599169e-03,1.230554814185408352e-03,0.000000000000000000e+00
1.270000000000000906e+00,1.558116875032701694e-03,-7.866725185450231320e-03,1.218252964587565601e-03,0.000000000000000000e+00
1.272000000000000908e+00,1.542540708683182247e-03,-7.788083174759763416e-03,1.206074101501641849e-03,0.000000000000000000e+00
1.274000000000000909e+00,1.527120254018592051e-03,-7.710227332295091669e-03,1.194016995234095657e-03,0.000000000000000000e+00
1.276000000000000911e+00,1.511853954420834751e-03,-7.633149798878615701e-03,1.182080428391074634e-03,0.000000000000000000e+00
1.278000000000000913e+00,1.496740268833034919e-03,-7.556842793899867100e-03,1.170263195755083530e-03,0.000000000000000000e+00
1.280000000000000915e+00,1.481777671603974784e-03,-7.481298614530075206e-03,1.158564104163220532e-03,0.000000000000000000e+00
1.282000000000000917e+00,1.466964652334085692e-03,-7.406509634944582511e-03,1.146981972386468263e-03,0.000000000000000000e+00
1.284000000000000918e+00,1.452299715722979575e-03,-7.332468305553033368e-03,1.135515631010164395e-03,0.000000000000000000e+00
1.286000000000000920e+00,1.437781381418505025e-03,-7.259167152237259654e-03,1.124163922315749020e-03,0.000000000000000000e+00
1.288000000000000922e+00,1.423408183867311489e-03,-7.186598775596784484e-03,1.112925700163636122e-03,0.000000000000000000e+00
1.290000000000000924e+00,1.409178672166907717e-03,-7.114755850201872830e-03,1.101799829877347925e-03,0.000000000000000000e+00
1.292000000000000925e+00,1.395091409919199709e-03,-7.043631123854044926e-03,1.090785188128745586e-03,0.000000000000000000e+00
1.294000000000000927e+00,1.381144975085491682e-03,-6.973217416853984794e-03,1.079880662824425630e-03,0.000000000000000000e+00
1.296000000000000929e+00,1.367337959842938140e-03,-6.903507621276766711e-03,1.069085152993212717e-03,0.000000000000000000e+00
1.298000000000000931e+00,1.353668970442429469e-03,-6.834494700254330202e-03,1.058397568674929179e-03,0.000000000000000000e+00
1.300000000000000933e+00,1.340136627067899143e-03,-6.766171687265124662e-03,1.047816830810066602e-03,0.000000000000000000e+00
1.302000000000000934e+00,1.326739563697037355e-03,-6.698531685430857661e-03,1.037341871130734172e-03,0.000000000000000000e+00
1.304000000000000936e+00,1.313476427963396762e-03,-6.631567866820275818e-03,1.026971632052675609e-03,0.000000000000000000e+00
1.306000000000000938e+00,1.300345881019876904e-03,-6.565273471759900184e-03,1.016705066568257543e-03,0.000000000000000000e+00
1.308000000000000940e+00,1.287346597403573635e-03,-6.499641808151659754e-03,1.006541138140665259e-03,0.000000000000000000e+00
1.310000000000000941e+00,1.274477264901979030e-03,-6.434666250797340704e-03,9.964788205991254033e-04,0.000000000000000000e+00
1.312000000000000943e+00,1.261736584420519421e-03,-6.370340240729793248e-03,9.865170980351417596e-04,0.000000000000000000e+00
1.314000000000000945e+00,1.249123269851417674e-03,-6.306657284550820641e-03,9.766549646997163547e-04,0.000000000000000000e+00
1.316000000000000947e+00,1.236636047943866267e-03,-6.243610953775692238e-03,9.668914249017779294e-04,0.000000000000000000e+00
1.318000000000000949e+00,1.224273658175497942e-03,-6.181194884184206852e-03,9.572254929074708318e-04,0.000000000000000000e+00
1.320000000000000950e+00,1.212034852625141351e-03,-6.119402775178243992e-03,9.476561928405957680e-04,0.000000000000000000e+00
1.322000000000000952e+00,1.199918395846849778e-03,-6.058228389145737906e-03,9.381825585838277082e-04,0.000000000000000000e+00
1.324000000000000954e+00,1.187923064745187744e-03,-5.997665550831009391e-03,9.288036336811272831e-04,0.000000000000000000e+00
1.326000000000000956e+00,1.176047648451764883e-03,-5.937708146711394644e-03,9.195184712411236250e-04,0.000000000000000000e+00
1.328000000000000957e+00,1.164290948203004728e-03,-5.878350124380104375e-03,9.103261338412882431e-04,0.000000000000000000e+00
1.330000000000000959e+00,1.152651777219134300e-03,-5.819585491935251598e-03,9.012256934332885105e-04,0.000000000000000000e+00
1.332000000000000961e+00,1.141128960584384322e-03,-5.761408317374991719e-03,8.922162312491183078e-04,0.000000000000000000e+00
1.334000000000000963e+00,1.129721335128386827e-03,-5.703812727998702932e-03,8.832968377082972555e-04,0.000000000000000000e+00
1.336000000000000965e+00,1.118427749308758450e-03,-5.646792909814160946e-03,8.744666123259026147e-04,0.000000000000000000e+00
1.338000000000000966e+00,1.107247063094857252e-03,-5.590343106950631732e-03,8.657246636215309987e-04,0.000000000000000000e+00
1.340000000000000968e+00,1.096178147852701606e-03,-5.534457621077839770e-03,8.570701090293009194e-04,0.000000000000000000e+00
1.342000000000000970e+00,1.085219886231040057e-03,-5.479130810830739814e-03,8.485020748086324893e-04,0.000000000000000000e+00
1.344000000000000972e+00,1.074371172048560041e-03,-5.424357091240040139e-03,8.400196959558320353e-04,0.000000000000000000e+00
1.346000000000000973e+00,1.063630910182223298e-03,-5.370130933168420877e-03,8.316221161168702025e-04,0.000000000000000000e+00
1.348000000000000975e+00,1.052998016456718451e-03,-5.316446862752385871e-03,8.233084875007012915e-04,0.000000000000000000e+00
1.350000000000000977e+00,1.042471417535019039e-03,-5.263299460849696874e-03,8.150779707936234297e-04,0.000000000000000000e+00
1.352000000000000979e+00,1.032050050810034416e-03,-5.210683362492330231e-03,8.069297350745269215e-04,0.000000000000000000e+00
1.354000000000000981e+00,1.021732864297344653e-03,-5.158593256344903150e-03,7.988629577308781204e-04,0.000000000000000000e+00
1.356000000000000982e+00,1.011518816529007698e-03,-5.107023884168514043e-03,7.908768243756053584e-04,0.000000000000000000e+00
1.358000000000000984e+00,1.001406876448427763e-03,-5.055970040289941431e-03,7.829705287648452972e-04,0.000000000000000000e+00
1.360000000000000986e+00,9.913960233062753865e-04,-5.005426571076152832e-03,7.751432727164109249e-04,0.000000000000000000e+00
1.362000000000000988e+00,9.814852465574472416e-04,-4.955388374414062061e-03,7.673942660292171203e-04,0.000000000000000000e+00
1.364000000000000989e+00,9.716735457590562662e-04,-4.905850399195494163e-03,7.597227264034001060e-04,0.000000000000000000e+00
1.366000000000000991e+00,9.619599304694416994e-04,-4.856807644807291206e-03,7.521278793613250802e-04,0.000000000000000000e+00
1.368000000000000993e+00,9.523434201481886189e-04,-4.808255160626520759e-03,7.446089581692461046e-04,0.000000000000000000e+00
1.370000000000000995e+00,9.428230440571471133e-04,-4.760188045520732415e-03,7.371652037599513152e-04,0.000000000000000000e+00
1.372000000000000997e+00,9.333978411624406805e-04,-4.712601447353202515e-03,7.297958646559910001e-04,0.000000000000000000e+00
1.374000000000000998e+00,9.240668600374544192e-04,-4.665490562493134971e-03,7.225001968938077335e-04,0.000000000000000000e+00
1.376000000000001000e+00,9.148291587667929312e-04,-4.618850635330749681e-03,7.152774639485603991e-04,0.000000000000000000e+00
1.378000000000001002e+00,9.056838048511985009e-04,-4.572676957797224689e-03,7.081269366597114923e-04,0.000000000000000000e+00
1.380000000000001004e+00,8.966298751134195791e-04,-4.526964868889434869e-03,7.010478931573915773e-04,0.000000000000000000e+00
1.382000000000001005e+00,8.876664556050206786e-04,-4.481709754199441134e-03,6.940396187894021240e-04,0.000000000000000000e+00
1.384000000000001007e+00,8.787926415141232746e-04,-4.436907045448686832e-03,6.871014060491342779e-04,0.000000000000000000e+00
1.386000000000001009e+00,8.700075370740695778e-04,-4.392552220026846657e-03,6.802325545039733523e-04,0.000000000000000000e+00
1.388000000000001011e+00,8.613102554729989892e-04,-4.348640800535288203e-03,6.734323707246886448e-04,0.000000000000000000e+00
1.390000000000001013e+00,8.526999187643287794e-04,-4.305168354335096696e-03,6.667001682152395858e-04,0.000000000000000000e+00
1.392000000000001014e+00,8.441756577781295593e-04,-4.262130493099617820e-03,6.600352673435255779e-04,0.000000000000000000e+00
1.394000000000001016e+00,8.357366120333866539e-04,-4.219522872371475261e-03,6.534369952726770681e-04,0.000000000000000000e+00
1.396000000000001018e+00,8.273819296511385939e-04,-4.177341191124014398e-03,6.469046858931376542e-04,0.000000000000000000e+00
1.398000000000001020e+00,8.191107672684842713e-04,-4.135581191327133976e-03,6.404376797553984479e-04,0.000000000000000000e+00
1.400000000000001021e+00,8.109222899534493248e-04,-4.094238657517451987e-03,6.340353240032875481e-04,0.000000000000000000e+00
1.402000000000001023e+00,8.028156711207037324e-04,-4.053309416372776267e-03,6.276969723081199382e-04,0.000000000000000000e+00
1.404000000000001025e+00,7.947900924481220456e-04,-4.012789336290821691e-03,6.214219848033886162e-04,0.000000000000000000e+00
1.406000000000001027e+00,7.868447437941777011e-04,-3.972674326972146230e-03,6.152097280201218599e-04,0.000000000000000000e+00
1.408000000000001029e+00,7.789788231161631684e-04,-3.932960339007248590e-03,6.090595748229205020e-04,0.000000000000000000e+00
1.410000000000001030e+00,7.711915363892275863e-04,-3.893643363467800579e-03,6.029709043466058294e-04,0.000000000000000000e+00
1.412000000000001032e+00,7.634820975262236482e-04,-3.854719431501961707e-03,5.969431019334989208e-04,0.000000000000000000e+00
1.414000000000001034e+00,7.558497282983561456e-04,-3.816184613933740460e-03,5.909755590713591800e-04,0.000000000000000000e+00
1.416000000000001036e+00,7.482936582566233896e-04,-3.778035020866362358e-03,5.850676733319265521e-04,0.000000000000000000e+00
1.418000000000001037e+00,7.408131246540441365e-04,-3.740266801289599680e-03,5.792188483100674246e-04,0.000000000000000000e+00
1.420000000000001039e+00,7.334073723686621027e-04,-3.702876142691030343e-03,5.734284935635172720e-04,0.000000000000000000e+00
1.422000000000001041e+00,7.260756538273197220e-04,-3.665859270671180392e-03,5.676960245533102523e-04,0.000000000000000000e+00
1.424000000000001043e+00,7.188172289301946382e-04,-3.629212448562515840e-03,5.620208625846806472e-04,0.000000000000000000e+00
1.426000000000001044e+00,7.116313649760901529e-04,-3.592931977052241359e-03,5.564024347486512534e-04,0.000000000000000000e+00
1.428000000000001046e+00,7.045173365884723621e-04,-3.557014193808871998e-03,5.508401738641630074e-04,0.000000000000000000e+00
1.430000000000001048e+00,6.974744256422472618e-04,-3.521455473112536285e-03,5.453335184208013553e-04,0.000000000000000000e+00
1.432000000000001050e+00,6.905019211912692559e-04,-3.486252225488976030e-03,5.398819125220777337e-04,0.000000000000000000e+00
1.434000000000001052e+00,6.835991193965748874e-04,-3.451400897347205090e-03,5.344848058292869797e-04,0.000000000000000000e+00
1.436000000000001053e+00,6.767653234553333346e-04,-3.416897970620790242e-03,5.291416535059753623e-04,0.000000000000000000e+00
1.438000000000001055e+00,6.699998435305079287e-04,-3.382739962412718154e-03,5.238519161628596432e-04,0.000000000000000000e+00
1.440000000000001057e+00,6.633019966812203410e-04,-3.348923424643811177e-03,5.186150598033498205e-04,0.000000000000000000e+00
1.442000000000001059e+00,6.566711067938110465e-04,-3.315444943704661581e-03,5.134305557697033118e-04,0.000000000000000000e+00
1.444000000000001060e+00,6.501065045135890133e-04,-3.282301140111041314e-03,5.082978806895399604e-04,0.000000000000000000e+00
1.446000000000001062e+00,6.436075271772634648e-04,-3.249488668162759091e-03,5.032165164230648080e-04,0.000000000000000000e+00
1.448000000000001064e+00,6.371735187460516410e-04,-3.217004215605926646e-03,4.981859500106933236e-04,0.000000000000000000e+00
1.450000000000001066e+00,6.308038297394544290e-04,-3.184844503298602057e-03,4.932056736212803161e-04,0.000000000000000000e+00
1.452000000000001068e+00,6.244978171696948747e-04,-3.153006284879775883e-03,4.882751845008276304e-04,0.000000000000000000e+00
1.454000000000001069e+00,6.182548444768115516e-04,-3.121486346441664124e-03,4.833939849216983831e-04,0.000000000000000000e+00
1.456000000000001071e+00,6.120742814644010432e-04,-3.090281506205281095e-03,4.785615821324140651e-04,0.000000000000000000e+00
1.458000000000001073e+00,6.059555042360024882e-04,-3.059388614199251479e-03,4.737774883078263444e-04,0.000000000000000000e+00
1.460000000000001075e+00,5.998978951321187704e-04,-3.028804551941836377e-03,4.690412204998786749e-04,0.000000000000000000e+00
1.462000000000001076e+00,5.939008426678665450e-04,-2.998526232126136511e-03,4.643523005888605670e-04,0.000000000000000000e+00
1.464000000000001078e+00,5.879637414712496823e-04,-2.968550598308443509e-03,4.597102552351198246e-04,0.000000000000000000e+00
1.466000000000001080e+00,5.820859922220502714e-04,-2.938874624599704596e-03,4.551146158312535661e-04,0.000000000000000000e+00
1.468000000000001082e+00,5.762670015913301394e-04,-2.909495315360074649e-03,4.505649184547849684e-04,0.000000000000000000e+00
1.470000000000001084e+00,5.705061821815371383e-04,-2.880409704896519200e-03,4.460607038213326714e-04,0.000000000000000000e+00
1.472000000000001085e+00,5.648029524672102362e-04,-2.851614857163441933e-03,4.416015172382520282e-04,0.000000000000000000e+00
1.474000000000001087e+00,5.591567367362776679e-04,-2.823107865466304572e-03,4.371869085586579939e-04,0.000000000000000000e+00
1.476000000000001089e+00,5.535669650319412043e-04,-2.794885852168209686e-03,4.328164321360586375e-04,0.000000000000000000e+00
1.478000000000001091e+00,5.480330730951424225e-04,-2.766945968399416467e-03,4.284896467792662089e-04,0.000000000000000000e+00
1.480000000000001092e+00,5.425545023076029519e-04,-2.739285393769760879e-03,4.242061157079396461e-04,0.000000000000000000e+00
1.482000000000001094e+00,5.371306996354350107e-04,-2.711901336083950668e-03,4.199654065084115762e-04,0.000000000000000000e+00
1.484000000000001096e+00,5.317611175733156191e-04,-2.684791031059706196e-03,4.157670910900496120e-04,0.000000000000000000e+00
1.486000000000001098e+00,5.264452140892182013e-04,-2.657951742048718455e-03,4.116107456420409205e-04,0.000000000000000000e+00
1.488000000000001100e+00,5.211824525696974551e-04,-2.631380759760398695e-03,4.074959505905861867e-04,0.000000000000000000e+00
1.490000000000001101e+00,5.159723017657206600e-04,-2.605075401988387555e-03,4.034222905565446049e-04,0.000000000000000000e+00
1.492000000000001103e+00,5.108142357390410863e-04,-2.579033013339798990e-03,3.993893543134952040e-04,0.000000000000000000e+00
1.494000000000001105e+00,5.057077338091067829e-04,-2.553250964967171237e-03,3.953967347462006288e-04,0.000000000000000000e+00
1.496000000000001107e+00,5.006522805005006243e-04,-2.527726654303096617e-03,3.914440288094941933e-04,0.000000000000000000e+00
1.498000000000001108e+00,4.956473654909056541e-04,-2.502457504797505044e-03,3.875308374876249018e-04,0.000000000000000000e+00
1.500000000000001110e+00,4.906924835595905194e-04,-2.477440965657573893e-03,3.836567657539424747e-04,0.000000000000000000e+00
1.502000000000001112e+00,4.857871345364100642e-04,-2.452674511590237361e-03,3.798214225309917702e-04,0.000000000000000000e+00
1.504000000000001114e+00,4.809308232513154983e-04,-2.428155642547269715e-03,3.760244206510790499e-04,0.000000000000000000e+00
1.506000000000001116e+00,4.761230594843696411e-04,-2.403881883472918594e-03,3.722653768171227395e-04,0.000000000000000000e+00
1.508000000000001117e+00,4.713633579162615495e-04,-2.379850784054058418e-03,3.685439115640107288e-04,0.000000000000000000e+00
1.510000000000001119e+00,4.666512380793158663e-04,-2.356059918472843979e-03,3.648596492202352271e-04,0.000000000000000000e+00
1.512000000000001121e+00,4.619862243089921752e-04,-2.332506885161836005e-03,3.612122178699994635e-04,0.000000000000000000e+00
1.514000000000001123e+00,4.573678456958690471e-04,-2.309189306561573122e-03,3.576012493156435768e-04,0.000000000000000000e+00
1.516000000000001124e+00,4.527956360381079010e-04,-2.286104828880570691e-03,3.540263790405007160e-04,0.000000000000000000e+00
1.518000000000001126e+00,4.482691337943924491e-04,-2.263251121857714869e-03,3.504872461720445753e-04,0.000000000000000000e+00
1.520000000000001128e+00,4.437878820373383618e-04,-2.240625878527035403e-03,3.469834934454948949e-04,0.000000000000000000e+00
1.522000000000001130e+00,4.393514284073687048e-04,-2.218226814984828113e-03,3.435147671677560299e-04,0.000000000000000000e+00
1.524000000000001132e+00,4.349593250670504875e-04,-2.196051670159104938e-03,3.400807171816400132e-04,0.000000000000000000e+00
1.526000000000001133e+00,4.306111286558877700e-04,-2.174098205581351598e-03,3.366809968306030965e-04,0.000000000000000000e+00
1.528000000000001135e+00,4.263064002455666641e-04,-2.152364205160563378e-03,3.333152629236835196e-04,0.000000000000000000e+00
1.530000000000001137e+00,4.220447052956475685e-04,-2.130847474959541698e-03,3.299831757008625521e-04,0.000000000000000000e+00
1.532000000000001139e+00,4.178256136097007346e-04,-2.109545842973427603e-03,3.266843987987863573e-04,0.000000000000000000e+00
1.534000000000001140e+00,4.136486992918798488e-04,-2.088457158910447895e-03,3.234185992167792900e-04,0.000000000000000000e+00
1.536000000000001142e+00,4.095135407039301643e-04,-2.067579293974853953e-03,3.201854472832527110e-04,0.000000000000000000e+00
1.538000000000001144e+00,4.054197204226260847e-04,-2.046910140652028962e-03,3.169846166223774797e-04,0.000000000000000000e+00
1.540000000000001146e+00,4.013668251976345680e-04,-2.026447612495746627e-03,3.138157841211797194e-04,0.000000000000000000e+00
1.542000000000001148e+00,3.973544459097994724e-04,-2.006189643917552761e-03,3.106786298968863824e-04,0.000000000000000000e+00
1.544000000000001149e+00,3.933821775298429403e-04,-1.986134189978254992e-03,3.075728372646455155e-04,0.000000000000000000e+00
1.546000000000001151e+00,3.894496190774799716e-04,-1.966279226181496306e-03,3.044980927055448983e-04,0.000000000000000000e+00
1.548000000000001153e+00,3.855563735809411992e-04,-1.946622748269391610e-03,3.014540858349706864e-04,0.000000000000000000e+00
1.550000000000001155e+00,3.817020480369007771e-04,-1.927162772020208237e-03,2.984405093712713675e-04,0.000000000000000000e+00
1.552000000000001156e+00,3.778862533708046635e-04,-1.907897333048067618e-03,2.954570591047096795e-04,0.000000000000000000e+00
1.554000000000001158e+00,3.741086043975953433e-04,-1.888824486604650989e-03,2.925034338667892309e-04,0.000000000000000000e+00
1.556000000000001160e+00,3.703687197828295732e-04,-1.869942307382886377e-03,2.895793354998170421e-04,0.000000000000000000e+00
1.558000000000001162e+00,3.666662220041843798e-04,-1.851248889322597768e-03,2.866844688268130326e-04,0.000000000000000000e+00
1.560000000000001164e+00,3.630007373133481668e-04,-1.832742345418098473e-03,2.838185416217213486e-04,0.000000000000000000e+00
1.562000000000001165e+00,3.593718956982927559e-04,-1.814420807527706778e-03,2.809812645798888397e-04,0.000000000000000000e+00
1.564000000000001167e+00,3.557793308459224050e-04,-1.796282426185166108e-03,2.781723512888661931e-04,0.000000000000000000e+00
1.566000000000001169e+00,3.522226801050964973e-04,-1.778325370412951051e-03,2.753915181994970318e-04,0.000000000000000000e+00
1.568000000000001171e+00,3.487015844500216170e-04,-1.760547827537438208e-03,2.726384845972811000e-04,0.000000000000000000e+00
1.570000000000001172e+00,3.452156884440097610e-04,-1.742948003005926911e-03,2.699129725740496977e-04,0.000000000000000000e+00
1.572000000000001174e+00,3.417646402035987821e-04,-1.725524120205487255e-03,2.672147069998943858e-04,0.000000000000000000e+00
1.574000000000001176e+00,3.383480913630315407e-04,-1.708274420283619616e-03,2.645434154953905936e-04,0.000000000000000000e+00
1.576000000000001178e+00,3.349656970390901324e-04,-1.691197161970708083e-03,2.618988284041195991e-04,0.000000000000000000e+00
1.578000000000001180e+00,3.316171157962816141e-04,-1.674290621404246789e-03,2.592806787654194922e-04,0.000000000000000000e+00
1.580000000000001181e+00,3.283020096123719762e-04,-1.657553091954825242e-03,2.566887022874449198e-04,0.000000000000000000e+00
1.582000000000001183e+00,3.250200438442642941e-04,-1.640982884053852507e-03,2.541226373204974465e-04,0.000000000000000000e+00
1.584000000000001185e+00,3.217708871942182958e-04,-1.624578325023003089e-03,2.515822248305848996e-04,0.000000000000000000e+00
1.586000000000001187e+00,3.185542116764075488e-04,-1.608337758905368934e-03,2.490672083732999031e-04,0.000000000000000000e+00
1.588000000000001188e+00,3.153696925838109623e-04,-1.592259546298298648e-03,2.465773340679031089e-04,0.000000000000000000e+00
1.590000000000001190e+00,3.122170084554351326e-04,-1.576342064187907701e-03,2.441123505717117392e-04,0.000000000000000000e+00
1.592000000000001192e+00,3.090958410438646598e-04,-1.560583705785243335e-03,2.416720090547205824e-04,0.000000000000000000e+00
1.594000000000001194e+00,3.060058752831364788e-04,-1.544982880364087052e-03,2.392560631744727884e-04,0.000000000000000000e+00
1.596000000000001195e+00,3.029467992569357098e-04,-1.529538013100379280e-03,2.368642690512116900e-04,0.000000000000000000e+00
1.598000000000001197e+00,2.999183041671092350e-04,-1.514247544913248020e-03,2.344963852432303819e-04,0.000000000000000000e+00
1.600000000000001199e+00,2.969200843024939643e-04,-1.499109932307627789e-03,2.321521727225266118e-04,0.000000000000000000e+00
1.602000000000001201e+00,2.939518370080570803e-04,-1.484123647218451312e-03,2.298313948506554294e-04,0.000000000000000000e+00
1.604000000000001203e+00,2.910132626543443057e-04,-1.469287176856398777e-03,2.275338173548351051e-04,0.000000000000000000e+00
1.606000000000001204e+00,2.881040646072339151e-04,-1.454599023555189913e-03,2.252592083043236659e-04,0.000000000000000000e+00
1.608000000000001206e+00,2.852239491979931306e-04,-1.440057704620401535e-03,2.230073380869758426e-04,0.000000000000000000e+00
1.610000000000001208e+00,2.823726256936335416e-04,-1.425661752179796689e-03,2.207779793860636941e-04,0.000000000000000000e+00
1.612000000000001210e+00,2.795498062675632147e-04,-1.411409713035151076e-03,2.185709071573609108e-04,0.000000000000000000e+00
1.614000000000001211e+00,2.767552059705320820e-04,-1.397300148515558983e-03,2.163858986063763035e-04,0.000000000000000000e+00
1.616000000000001213e+00,2.739885427018676775e-04,-1.383331634332207651e-03,2.142227331659099510e-04,0.000000000000000000e+00
1.618000000000001215e+00,2.712495371809984590e-04,-1.369502760434601445e-03,2.120811924737481258e-04,0.000000000000000000e+00
1.620000000000001217e+00,2.685379129192620035e-04,-1.355812130868224970e-03,2.099610603506392448e-04,0.000000000000000000e+00
1.622000000000001219e+00,2.658533961919947700e-04,-1.342258363633628453e-03,2.078621227784745173e-04,0.000000000000000000e+00
1.624000000000001220e+00,2.631957160109009365e-04,-1.328840090546921059e-03,2.057841678786628825e-04,0.000000000000000000e+00
1.626000000000001222e+00,2.605646040966975996e-04,-1.315555957101660449e-03,2.037269858907592157e-04,0.000000000000000000e+00
1.628000000000001224e+00,2.579597948520333554e-04,-1.302404622332121661e-03,2.016903691512764163e-04,0.000000000000000000e+00
1.630000000000001226e+00,2.553810253346774982e-04,-1.289384758677933600e-03,1.996741120727368868e-04,0.000000000000000000e+00
1.632000000000001227e+00,2.528280352309773414e-04,-1.276495051850067963e-03,1.976780111229009540e-04,0.000000000000000000e+00
1.634000000000001229e+00,2.503005668295810063e-04,-1.263734200698169103e-03,1.957018648042242737e-04,0.000000000000000000e+00
1.636000000000001231e+00,2.477983649954225865e-04,-1.251100917079208579e-03,1.937454736335303407e-04,0.000000000000000000e+00
1.638000000000001233e+00,2.453211771439676851e-04,-1.238593925727454401e-03,1.918086401218564718e-04,0.000000000000000000e+00
1.640000000000001235e+00,2.428687532157162044e-04,-1.226211964125738501e-03,1.898911687545183635e-04,0.000000000000000000e+00
1.642000000000001236e+00,2.404408456509601682e-04,-1.213953782378012674e-03,1.879928659713897554e-04,0.000000000000000000e+00
1.644000000000001238e+00,2.380372093647938102e-04,-1.201818143083177581e-03,1.861135401473382189e-04,0.000000000000000000e+00
1.646000000000001240e+00,2.356576017223734629e-04,-1.189803821210173125e-03,1.842530015728933990e-04,0.000000000000000000e+00
1.648000000000001242e+00,2.333017825144248340e-04,-1.177909603974318245e-03,1.824110624351060750e-04,0.000000000000000000e+00
1.650000000000001243e+00,2.309695139329950690e-04,-1.166134290714885419e-03,1.805875367985598778e-04,0.000000000000000000e+00
1.652000000000001245e+00,2.286605605474472682e-04,-1.154476692773901162e-03,1.787822405866362763e-04,0.000000000000000000e+00
1.654000000000001247e+00,2.263746892806949647e-04,-1.142935633376156081e-03,1.769949915629009940e-04,0.000000000000000000e+00
1.656000000000001249e+00,2.241116693856741243e-04,-1.131509947510415991e-03,1.752256093127263492e-04,0.000000000000000000e+00
1.658000000000001251e+00,2.218712724220504981e-04,-1.120198481811819158e-03,1.734739152250662497e-04,0.000000000000000000e+00
1.660000000000001252e+00,2.196532722331595913e-04,-1.109000094445450552e-03,1.717397324744428244e-04,0.000000000000000000e+00
1.662000000000001254e+00,2.174574449231774312e-04,-1.097913654991079227e-03,1.700228860030718325e-04,0.000000000000000000e+00
1.664000000000001256e+00,2.152835688345193423e-04,-1.086938044329047778e-03,1.683232025032170565e-04,0.000000000000000000e+00
1.666000000000001258e+00,2.131314245254647250e-04,-1.076072154527303029e-03,1.666405103996695947e-04,0.000000000000000000e+00
1.668000000000001259e+00,2.110007947480056116e-04,-1.065314888729556025e-03,1.649746398324491992e-04,0.000000000000000000e+00
1.670000000000001261e+00,2.088914644259164826e-04,-1.054665161044559835e-03,1.633254226396374520e-04,0.000000000000000000e+00
1.672000000000001263e+00,2.068032206330434972e-04,-1.044121896436493897e-03,1.616926923404225780e-04,0.000000000000000000e+00
1.674000000000001265e+00,2.047358525718106191e-04,-1.033684030616445352e-03,1.600762841182760965e-04,0.000000000000000000e+00
1.676000000000001267e+00,2.026891515519406851e-04,-1.023350509934973715e-03,1.584760348043237621e-04,0.000000000000000000e+00
1.678000000000001268e+00,2.006629109693891945e-04,-1.013120291275750430e-03,1.568917828608726306e-04,0.000000000000000000e+00
1.680000000000001270e+00,1.986569262854886769e-04,-1.002992341950262019e-03,1.553233683650977193e-04,0.000000000000000000e+00
1.682000000000001272e+00,1.966709950063015534e-04,-9.929656395935649096e-04,1.537706329929125482e-04,0.000000000000000000e+00
1.684000000000001274e+00,1.947049166621794012e-04,-9.830391720610826174e-04,1.522334200029697854e-04,0.000000000000000000e+00
1.686000000000001275e+00,1.927584927875265373e-04,-9.732119373264355201e-04,1.507115742208457732e-04,0.000000000000000000e+00
1.688000000000001277e+00,1.908315269007659681e-04,-9.634829433802910830e-04,1.492049420233794443e-04,0.000000000000000000e+00
1.690000000000001279e+00,1.889238244845055099e-04,-9.538512081302252116e-04,1.477133713231621598e-04,0.000000000000000000e+00
1.692000000000001281e+00,1.870351929659023452e-04,-9.443157593015852986e-04,1.462367115531767320e-04,0.000000000000000000e+00
1.694000000000001283e+00,1.851654416972236573e-04,-9.348756343393440152e-04,1.447748136516116557e-04,0.000000000000000000e+00
1.696000000000001284e+00,1.833143819366017983e-04,-9.255298803109341960e-04,1.433275300468037083e-04,0.000000000000000000e+00
1.698000000000001286e+00,1.814818268289816847e-04,-9.162775538100549535e-04,1.418947146423453487e-04,0.000000000000000000e+00
1.700000000000001288e+00,1.796675913872587975e-04,-9.071177208614396954e-04,1.404762228023308940e-04,0.000000000000000000e+00
1.702000000000001290e+00,1.778714924736056425e-04,-8.980494568265760726e-04,1.390719113367657606e-04,0.000000000000000000e+00
1.704000000000001291e+00,1.760933487809849109e-04,-8.890718463103684235e-04,1.376816384871023397e-04,0.000000000000000000e+00
1.706000000000001293e+00,1.743329808148474415e-04,-8.801839830687330658e-04,1.363052639119337328e-04,0.000000000000000000e+00
1.708000000000001295e+00,1.725902108750131971e-04,-8.713849699171177625e-04,1.349426486728280000e-04,0.000000000000000000e+00
1.710000000000001297e+00,1.708648630377333289e-04,-8.626739186399352789e-04,1.335936552202977162e-04,0.000000000000000000e+00
1.712000000000001299e+00,1.691567631379315144e-04,-8.540499499009027900e-04,1.322581473799239182e-04,0.000000000000000000e+00
1.714000000000001300e+00,1.674657387516229686e-04,-8.455121931542769476e-04,1.309359903385945434e-04,0.000000000000000000e+00
1.716000000000001302e+00,1.657916191785090143e-04,-8.370597865569770176e-04,1.296270506309111364e-04,0.000000000000000000e+00
1.718000000000001304e+00,1.641342354247458306e-04,-8.286918768815860039e-04,1.283311961257100481e-04,0.000000000000000000e+00
1.720000000000001306e+00,1.624934201858853984e-04,-8.204076194302217361e-04,1.270482960127154726e-04,0.000000000000000000e+00
1.722000000000001307e+00,1.608690078299868564e-04,-8.122061779492688142e-04,1.257782207893520798e-04,0.000000000000000000e+00
1.724000000000001309e+00,1.592608343808969381e-04,-8.040867245449631693e-04,1.245208422476565269e-04,0.000000000000000000e+00
1.726000000000001311e+00,1.576687375016972944e-04,-7.960484395998201337e-04,1.232760334613381553e-04,0.000000000000000000e+00
1.728000000000001313e+00,1.560925564783175097e-04,-7.880905116898985398e-04,1.220436687729767322e-04,0.000000000000000000e+00
1.730000000000001315e+00,1.545321322033117240e-04,-7.802121375028911975e-04,1.208236237813208047e-04,0.000000000000000000e+00
1.732000000000001316e+00,1.529873071597976416e-04,-7.724125217570350279e-04,1.196157753287491188e-04,0.000000000000000000e+00
1.734000000000001318e+00,1.514579254055559740e-04,-7.646908771208309891e-04,1.184200014888170394e-04,0.000000000000000000e+00
1.736000000000001320e+00,1.499438325572888275e-04,-7.570464241335671772e-04,1.172361815539695040e-04,0.000000000000000000e+00
1.738000000000001322e+00,1.484448757750355438e-04,-7.494783911266362153e-04,1.160641960233355086e-04,0.000000000000000000e+00
1.740000000000001323e+00,1.469609037467442590e-04,-7.419860141456390131e-04,1.149039265906839219e-04,0.000000000000000000e+00
1.742000000000001325e+00,1.454917666729977179e-04,-7.345685368732676355e-04,1.137552561324643025e-04,0.000000000000000000e+00
1.744000000000001327e+00,1.440373162518917974e-04,-7.272252105529588206e-04,1.126180686959969007e-04,0.000000000000000000e+00
1.746000000000001329e+00,1.425974056640651687e-04,-7.199552939133108858e-04,1.114922494877598064e-04,0.000000000000000000e+00
1.748000000000001330e+00,1.411718895578786598e-04,-7.127580530932559966e-04,1.103776848618027301e-04,0.000000000000000000e+00
1.750000000000001332e+00,1.397606240347426933e-04,-7.056327615679808610e-04,1.092742623082787468e-04,0.000000000000000000e+00
1.752000000000001334e+00,1.383634666345915254e-04,-6.985787000755872824e-04,1.081818704420749178e-04,0.000000000000000000e+00
1.754000000000001336e+00,1.369802763215025509e-04,-6.915951565444868271e-04,1.071003989915851606e-04,0.000000000000000000e+00
1.756000000000001338e+00,1.356109134694595086e-04,-6.846814260215204964e-04,1.060297387875663855e-04,0.000000000000000000e+00
1.758000000000001339e+00,1.342552398482579077e-04,-6.778368106007973343e-04,1.049697817521247356e-04,0.000000000000000000e+00
1.760000000000001341e+00,1.329131186095514267e-04,-6.710606193532443796e-04,1.039204208877955032e-04,0.000000000000000000e+00
1.762000000000001343e+00,1.315844142730377146e-04,-6.643521682568609161e-04,1.028815502667583537e-04,0.000000000000000000e+00
1.764000000000001345e+00,1.302689927127823727e-04,-6.577107801276698643e-04,1.018530650201271426e-04,0.000000000000000000e+00
1.766000000000001346e+00,1.289667211436796549e-04,-6.511357845513595938e-04,1.008348613273819805e-04,0.000000000000000000e+00
1.768000000000001348e+00,1.276774681080484488e-04,-6.446265178156088908e-04,9.982683640586548224e-05,0.000000000000000000e+00
1.770000000000001350e+00,1.264011034623622651e-04,-6.381823228430884678e-04,9.882888850043340667e-05,0.000000000000000000e+00
1.772000000000001352e+00,1.251374983641119867e-04,-6.318025491251327277e-04,9.784091687316427699e-05,0.000000000000000000e+00
1.774000000000001354e+00,1.238865252587998333e-04,-6.254865526560737582e-04,9.686282179319390118e-05,0.000000000000000000e+00
1.776000000000001355e+00,1.226480578670633770e-04,-6.192336958682324605e-04,9.589450452664877167e-05,0.000000000000000000e+00
1.778000000000001357e+00,1.214219711719282519e-04,-6.130433475675594419e-04,9.493586732669048733e-05,0.000000000000000000e+00
1.780000000000001359e+00,1.202081414061884198e-04,-6.069148828699188385e-04,9.398681342362782964e-05,0.000000000000000000e+00
1.782000000000001361e+00,1.190064460399123945e-04,-6.008476831380097586e-04,9.304724701516414731e-05,0.000000000000000000e+00
1.784000000000001362e+00,1.178167637680745540e-04,-5.948411359189177553e-04,9.211707325671933400e-05,0.000000000000000000e+00
1.786000000000001364e+00,1.166389744983099721e-04,-5.888946348822910164e-04,9.119619825185762418e-05,0.000000000000000000e+00
1.788000000000001366e+00,1.154729593387917100e-04,-5.830075797591342248e-04,9.028452904281079883e-05,0.000000000000000000e+00
1.790000000000001368e+00,1.143186005862292803e-04,-5.771793762812145586e-04,8.938197360108986189e-05,0.000000000000000000e+00
1.792000000000001370e+00,1.131757817139871338e-04,-5.714094361210733273e-04,8.848844081820253504e-05,0.000000000000000000e+00
1.794000000000001371e+00,1.120443873603218647e-04,-5.656971768326371714e-04,8.760384049644534543e-05,0.000000000000000000e+00
1.796000000000001373e+00,1.109243033167370127e-04,-5.600420217924231879e-04,8.672808333981020523e-05,0.000000000000000000e+00
1.798000000000001375e+00,1.098154165164543476e-04,-5.544434001413318025e-04,8.586108094496038012e-05,0.000000000000000000e+00
1.800000000000001377e+00,1.087176150230003107e-04,-5.489007467270212064e-04,8.500274579231401062e-05,0.000000000000000000e+00
1.802000000000001378e+00,1.076307880189065954e-04,-5.434135020468584820e-04,8.415299123720743069e-05,0.000000000000000000e+00
1.804000000000001380e+00,1.065548257945237148e-04,-5.379811121914401502e-04,8.331173150114522252e-05,0.000000000000000000e+00
1.806000000000001382e+00,1.054896197369463646e-04,-5.326030287886782382e-04,8.247888166314221170e-05,0.000000000000000000e+00
1.808000000000001384e+00,1.044350623190494693e-04,-5.272787089484447113e-04,8.165435765115740263e-05,0.000000000000000000e+00
1.810000000000001386e+00,1.033910470886339360e-04,-5.220076152077696065e-04,8.083807623359903771e-05,0.000000000000000000e+00
1.812000000000001387e+00,1.023574686576807609e-04,-5.167892154765866891e-04,8.002995501092680097e-05,0.000000000000000000e+00
1.814000000000001389e+00,1.013342226917127154e-04,-5.116229829840218592e-04,7.922991240733208429e-05,0.000000000000000000e+00
1.816000000000001391e+00,1.003212058992622842e-04,-5.065083962252180235e-04,7.843786766250498976e-05,0.000000000000000000e+00
1.818000000000001393e+00,9.931831602144489341e-05,-5.014449389086923087e-04,7.765374082348633356e-05,0.000000000000000000e+00
1.820000000000001394e+00,9.832545182163645160e-05,-4.964320999042184631e-04,7.687745273657863032e-05,0.000000000000000000e+00
1.822000000000001396e+00,9.734251307525398564e-05,-4.914693731912314102e-04,7.610892503938371245e-05,0.000000000000000000e+00
1.824000000000001398e+00,9.636940055963848933e-05,-4.865562578077466897e-04,7.534808015286810490e-05,0.000000000000000000e+00
1.826000000000001400e+00,9.540601604403890117e-05,-4.816922577997909908e-04,7.459484127354375910e-05,0.000000000000000000e+00
1.828000000000001402e+00,9.445226227969622163e-05,-4.768768821713381418e-04,7.384913236571297168e-05,0.000000000000000000e+00
1.830000000000001403e+00,9.350804299002672660e-05,-4.721096448347456205e-04,7.311087815379136573e-05,0.000000000000000000e+00
1.832000000000001405e+00,9.257326286090335524e-05,-4.673900645616863286e-04,7.238000411471240403e-05,0.000000000000000000e+00
1.834000000000001407e+00,9.164782753103421537e-05,-4.627176649345710762e-04,7.165643647040042391e-05,0.000000000000000000e+00
1.836000000000001409e+00,9.073164358243729810e-05,-4.580919742984567345e-04,7.094010218032433673e-05,0.000000000000000000e+00
1.838000000000001410e+00,8.982461853101042623e-05,-4.535125257134350147e-04,7.023092893412592047e-05,0.000000000000000000e+00
1.840000000000001412e+00,8.892666081719543321e-05,-4.489788569074972674e-04,6.952884514432183805e-05,0.000000000000000000e+00
1.842000000000001414e+00,8.803767979673569205e-05,-4.444905102298704201e-04,6.883377993907157516e-05,0.000000000000000000e+00
1.844000000000001416e+00,8.715758573152605879e-05,-4.400470326048195571e-04,6.814566315502864485e-05,0.000000000000000000e+00
1.846000000000001418e+00,8.628628978055422787e-05,-4.356479754859121515e-04,6.746442533025597682e-05,0.000000000000000000e+00
1.848000000000001419e+00,8.542370399093275385e-05,-4.312928948107396139e-04,6.678999769721329777e-05,0.000000000000000000e+00
1.850000000000001421e+00,8.456974128902057400e-05,-4.269813509560914421e-04,6.612231217581737014e-05,0.000000000000000000e+00
1.852000000000001423e+00,8.372431547163342199e-05,-4.227129086935774160e-04,6.546130136656468090e-05,0.000000000000000000e+00
1.854000000000001425e+00,8.288734119734203476e-05,-4.184871371456937205e-04,6.480689854373652969e-05,0.000000000000000000e+00
1.856000000000001426e+00,8.205873397785738027e-05,-4.143036097423277893e-04,6.415903764865442394e-05,0.000000000000000000e+00
1.858000000000001428e+00,8.123841016950198433e-05,-4.101619041776984574e-04,6.351765328301700597e-05,0.000000000000000000e+00
1.860000000000001430e+00,8.042628696476653005e-05,-4.060616023677261072e-04,6.288268070229509343e-05,0.000000000000000000e+00
1.862000000000001432e+00,7.962228238395087593e-05,-4.020022904078294481e-04,6.225405580920131271e-05,0.000000000000000000e+00
1.864000000000001434e+00,7.882631526688858457e-05,-3.979835585311437807e-04,6.163171514721350885e-05,0.000000000000000000e+00
1.866000000000001435e+00,7.803830526475427100e-05,-3.940050010671571653e-04,6.101559589417274859e-05,0.000000000000000000e+00
1.868000000000001437e+00,7.725817283195275393e-05,-3.900662164007600522e-04,6.040563585594030394e-05,0.000000000000000000e+00
1.870000000000001439e+00,7.648583921808934608e-05,-3.861668069317043058e-04,5.980177346012142264e-05,0.000000000000000000e+00
1.872000000000001441e+00,7.572122646002041606e-05,-3.823063790344673955e-04,5.920394774984547720e-05,0.000000000000000000e+00
1.874000000000001442e+00,7.496425737398338166e-05,-3.784845430185180127e-04,5.861209837761723745e-05,0.000000000000000000e+00
1.876000000000001444e+00,7.421485554780542975e-05,-3.747009130889787762e-04,5.802616559922625650e-05,0.000000000000000000e+00
1.878000000000001446e+00,7.347294533319006832e-05,-3.709551073076821238e-04,5.744609026770829824e-05,0.000000000000000000e+00
1.880000000000001448e+00,7.273845183808083311e-05,-3.672467475546156495e-04,5.687181382738396018e-05,0.000000000000000000e+00
1.882000000000001450e+00,7.201130091910132205e-05,-3.635754594897527663e-04,5.630327830793806221e-05,0.000000000000000000e+00
1.884000000000001451e+00,7.129141917407079854e-05,-3.599408725152650613e-04,5.574042631857709790e-05,0.000000000000000000e+00
1.886000000000001453e+00,7.057873393459457767e-05,-3.563426197381123345e-04,5.518320104223092132e-05,0.000000000000000000e+00
1.888000000000001455e+00,6.987317325872855823e-05,-3.527803379330065226e-04,5.463154622981948594e-05,0.000000000000000000e+00
1.890000000000001457e+00,6.917466592371706040e-05,-3.492536675057459879e-04,5.408540619457075788e-05,0.000000000000000000e+00
1.892000000000001458e+00,6.848314141880322363e-05,-3.457622524569163754e-04,5.354472580640368129e-05,0.000000000000000000e+00
1.894000000000001460e+00,6.779852993811131428e-05,-3.423057403459542434e-04,5.300945048636318546e-05,0.000000000000000000e+00
1.896000000000001462e+00,6.712076237360017038e-05,-3.388837822555698914e-04,5.247952620110463151e-05,0.000000000000000000e+00
1.898000000000001464e+00,6.644977030808711964e-05,-3.354960327565261304e-04,5.195489945744851540e-05,0.000000000000000000e+00
1.900000000000001465e+00,6.578548600834158448e-05,-3.321421498727687694e-04,5.143551729697333486e-05,0.000000000000000000e+00
1.902000000000001467e+00,6.512784241824777791e-05,-3.288217950469059974e-04,5.092132729067350844e-05,0.000000000000000000e+00
1.904000000000001469e+00,6.447677315203571759e-05,-3.255346331060326504e-04,5.041227753366499947e-05,0.000000000000000000e+00
1.906000000000001471e+00,6.383221248757992136e-05,-3.222803322278962736e-04,4.990831663994645118e-05,0.000000000000000000e+00
1.908000000000001473e+00,6.319409535976511986e-05,-3.190585639074013449e-04,4.940939373721149608e-05,0.000000000000000000e+00
1.910000000000001474e+00,6.256235735391822760e-05,-3.158690029234483020e-04,4.891545846171484191e-05,0.000000000000000000e+00
1.912000000000001476e+00,6.193693469930601654e-05,-3.127113273061042794e-04,4.842646095318692973e-05,0.000000000000000000e+00
1.914000000000001478e+00,6.131776426269781486e-05,-3.095852183041016546e-04,4.794235184980150111e-05,0.000000000000000000e+00
1.916000000000001480e+00,6.070478354199249196e-05,-3.064903603526619095e-04,4.746308228319087025e-05,0.000000000000000000e+00
1.918000000000001481e+00,6.009793065990920826e-05,-3.034264410416409575e-04,4.698860387351844192e-05,0.000000000000000000e+00
1.920000000000001483e+00,5.949714435774122479e-05,-3.003931510839927916e-04,4.651886872458679129e-05,0.000000000000000000e+00
1.922000000000001485e+00,5.890236398917212903e-05,-2.973901842845486370e-04,4.605382941900819371e-05,0.000000000000000000e+00
1.924000000000001487e+00,5.831352951415391445e-05,-2.944172375091081892e-04,4.559343901341765537e-05,0.000000000000000000e+00
1.926000000000001489e+00,5.773058149284623610e-05,-2.914740106538395810e-04,4.513765103373451604e-05,0.000000000000000000e+00
1.928000000000001490e+00,5.715346107961626645e-05,-2.885602066149855257e-04,4.468641947046742002e-05,0.000000000000000000e+00
1.930000000000001492e+00,5.658211001709852108e-05,-2.856755312588721719e-04,4.423969877407306350e-05,0.000000000000000000e+00
1.932000000000001494e+00,5.601647063031408506e-05,-2.828196933922179552e-04,4.379744385036004467e-05,0.000000000000000000e+00
1.934000000000001496e+00,5.545648582084860997e-05,-2.799924047327388178e-04,4.335961005593261253e-05,0.000000000000000000e+00
1.936000000000001497e+00,5.490209906108851217e-05,-2.771933798800478425e-04,4.292615319368472265e-05,0.000000000000000000e+00
1.938000000000001499e+00,5.435325438851482355e-05,-2.744223362868454530e-04,4.249702950834093051e-05,0.000000000000000000e+00
1.940000000000001501e+00,5.380989640005403061e-05,-2.716789942303976329e-04,4.207219568203978549e-05,0.000000000000000000e+00
1.942000000000001503e+00,5.327197024648543447e-05,-2.689630767842995061e-04,4.165160882995712355e-05,0.000000000000000000e+00
1.944000000000001505e+00,5.273942162690439459e-05,-2.662743097905208647e-04,4.123522649598226897e-05,0.000000000000000000e+00
1.946000000000001506e+00,5.221219678324093462e-05,-2.636124218317313118e-04,4.082300664842632848e-05,0.000000000000000000e+00
1.948000000000001508e+00,5.169024249483312761e-05,-2.609771442039022019e-04,4.041490767578512916e-05,0.000000000000000000e+00
1.950000000000001510e+00,5.117350607305476580e-05,-2.583682108891822331e-04,4.001088838253424873e-05,0.000000000000000000e+00
1.952000000000001512e+00,5.066193535599667811e-05,-2.557853585290443621e-04,3.961090798497522020e-05,0.000000000000000000e+00
1.954000000000001513e+00,5.015547870320127518e-05,-2.532283263977009495e-04,3.921492610711296151e-05,0.000000000000000000e+00
1.956000000000001515e+00,4.965408499044970535e-05,-2.506968563757850776e-04,3.882290277658524691e-05,0.000000000000000000e+00
1.958000000000001517e+00,4.915770360460111328e-05,-2.481906929242944614e-04,3.843479842062253599e-05,0.000000000000000000e+00
1.960000000000001519e+00,4.866628443848352019e-05,-2.457095830587962735e-04,3.805057386205897701e-05,0.000000000000000000e+00
1.962000000000001521e+00,4.817977788583574289e-05,-2.432532763238894936e-04,3.767019031537246695e-05,0.000000000000000000e+00
1.964000000000001522e+00,4.769813483629989760e-05,-2.408215247679228318e-04,3.729360938277371737e-05,0.000000000000000000e+00
1.966000000000001524e+00,4.722130667046396690e-05,-2.384140829179652436e-04,3.692079305032654538e-05,0.000000000000000000e+00
1.968000000000001526e+00,4.674924525495391457e-05,-2.360307077550266792e-04,3.655170368411370108e-05,0.000000000000000000e+00
1.970000000000001528e+00,4.628190293757486072e-05,-2.336711586895265456e-04,3.618630402643565475e-05,0.000000000000000000e+00
1.972000000000001529e+00,4.581923254250084264e-05,-2.313351975370074153e-04,3.582455719205145106e-05,0.000000000000000000e+00
1.974000000000001531e+00,4.536118736551266004e-05,-2.290225884940915151e-04,3.546642666445165570e-05,0.000000000000000000e+00
1.976000000000001533e+00,4.490772116928330325e-05,-2.267330981146775822e-04,3.511187629217683848e-05,0.000000000000000000e+00
1.978000000000001535e+00,4.445878817871055092e-05,-2.244664952863756758e-04,3.476087028516684774e-05,0.000000000000000000e+00
1.980000000000001537e+00,4.401434307629619526e-05,-2.222225512071775589e-04,3.441337321114521300e-05,0.000000000000000000e+00
1.982000000000001538e+00,4.357434099757147457e-05,-2.200010393623603186e-04,3.406934999204691561e-05,0.000000000000000000e+00
1.984000000000001540e+00,4.313873752656823202e-05,-2.178017355016207595e-04,3.372876590047348133e-05,0.000000000000000000e+00
1.986000000000001542e+00,4.270748869133535343e-05,-2.156244176164386170e-04,3.339158655618970628e-05,0.000000000000000000e+00
1.988000000000001544e+00,4.228055095950002324e-05,-2.134688659176658552e-04,3.305777792265160789e-05,0.000000000000000000e+00
1.990000000000001545e+00,4.185788123387334468e-05,-2.113348628133400410e-04,3.272730630357297346e-05,0.000000000000000000e+00
1.992000000000001547e+00,4.143943684809990401e-05,-2.092221928867196278e-04,3.240013833952183273e-05,0.000000000000000000e+00
1.994000000000001549e+00,4.102517556235082486e-05,-2.071306428745386550e-04,3.207624100455249219e-05,0.000000000000000000e+00
1.996000000000001551e+00,4.061505555905986530e-05,-2.050600016454789379e-04,3.175558160287356504e-05,0.000000000000000000e+00
1.998000000000001553e+00,4.020903543870215128e-05,-2.030100601788574716e-04,3.143812776554765973e-05,0.000000000000000000e+00
2.000000000000001332e+00,3.980707421561509898e-05,-2.009806115435267731e-04,3.112384744722055882e-05,0.000000000000000000e+00
2.002000000000001112e+00,3.940913131386112646e-05,-1.989714508769863165e-04,3.081270892289116395e-05,0.000000000000000000e+00
2.004000000000000892e+00,3.901516656313172077e-05,-1.969823753647026779e-04,3.050468078470529310e-05,0.000000000000000000e+00
2.006000000000000671e+00,3.862514019469244736e-05,-1.950131842196364102e-04,3.019973193878677450e-05,0.000000000000000000e+00
2.008000000000000451e+00,3.823901283736850170e-05,-1.930636786619736693e-04,2.989783160209846455e-05,0.000000000000000000e+00
2.010000000000000231e+00,3.785674551357038335e-05,-1.911336618990603969e-04,2.959894929933579166e-05,0.000000000000000000e+00
2.012000000000000011e+00,3.747829963535931265e-05,-1.892229391055370261e-04,2.930305485984762218e-05,0.000000000000000000e+00
2.013999999999999790e+00,3.710363700055197022e-05,-1.873313174036719754e-04,2.901011841459398902e-05,0.000000000000000000e+00
2.015999999999999570e+00,3.673271978886418626e-05,-1.854586058438915193e-04,2.872011039312940758e-05,0.000000000000000000e+00
2.017999999999999350e+00,3.636551055809318016e-05,-1.836046153855044622e-04,2.843300152061698297e-05,0.000000000000000000e+00
2.019999999999999130e+00,3.600197224033794359e-05,-1.817691588776194217e-04,2.814876281487504323e-05,0.000000000000000000e+00
2.021999999999998909e+00,3.564206813825743523e-05,-1.799520510402528764e-04,2.786736558345109457e-05,0.000000000000000000e+00
2.023999999999998689e+00,3.528576192136618041e-05,-1.781531084456261635e-04,2.758878142072396580e-05,0.000000000000000000e+00
2.025999999999998469e+00,3.493301762236688271e-05,-1.763721494996493388e-04,2.731298220503891247e-05,0.000000000000000000e+00
2.027999999999998249e+00,3.458379963351970195e-05,-1.746089944235901096e-04,2.703994009586570615e-05,0.000000000000000000e+00
2.029999999999998028e+00,3.423807270304784616e-05,-1.728634652359262148e-04,2.676962753099185188e-05,0.000000000000000000e+00
2.031999999999997808e+00,3.389580193157909130e-05,-1.711353857343790293e-04,2.650201722373705590e-05,0.000000000000000000e+00
2.033999999999997588e+00,3.355695276862283571e-05,-1.694245814781268481e-04,2.623708216020282161e-05,0.000000000000000000e+00
2.035999999999997367e+00,3.322149100908244532e-05,-1.677308797701959251e-04,2.597479559653895903e-05,0.000000000000000000e+00
2.037999999999997147e+00,3.288938278980238825e-05,-1.660541096400276946e-04,2.571513105625216136e-05,0.000000000000000000e+00
2.039999999999996927e+00,3.256059458614994861e-05,-1.643941018262201159e-04,2.545806232752585718e-05,0.000000000000000000e+00
2.041999999999996707e+00,3.223509320863106564e-05,-1.627506887594415419e-04,2.520356346057952765e-05,0.000000000000000000e+00
2.043999999999996486e+00,3.191284579954003375e-05,-1.611237045455155383e-04,2.495160876504580461e-05,0.000000000000000000e+00
2.045999999999996266e+00,3.159381982964268418e-05,-1.595129849486746497e-04,2.470217280737966106e-05,0.000000000000000000e+00
2.047999999999996046e+00,3.127798309489272284e-05,-1.579183673749816742e-04,2.445523040828885206e-05,0.000000000000000000e+00
2.049999999999995826e+00,3.096530371318089239e-05,-1.563396908559166315e-04,2.421075664019471316e-05,0.000000000000000000e+00
2.051999999999995605e+00,3.065575012111664010e-05,-1.547767960321277437e-04,2.396872682471290830e-05,0.000000000000000000e+00
2.053999999999995385e+00,3.034929107084194917e-05,-1.532295251373450191e-04,2.372911653016453529e-05,0.000000000000000000e+00
2.055999999999995165e+00,3.004589562687703887e-05,-1.516977219824544880e-04,2.349190156910848162e-05,0.000000000000000000e+00
2.057999999999994944e+00,2.974553316299757429e-05,-1.501812319397317073e-04,2.325705799590153597e-05,0.000000000000000000e+00
2.059999999999994724e+00,2.944817335914310790e-05,-1.486799019272329358e-04,2.302456210427844888e-05,0.000000000000000000e+00
2.061999999999994504e+00,2.915378619835642425e-05,-1.471935803933422174e-04,2.279439042496148385e-05,0.000000000000000000e+00
2.063999999999994284e+00,2.886234196375347949e-05,-1.457221173014730715e-04,2.256651972329078507e-05,0.000000000000000000e+00
2.065999999999994063e+00,2.857381123552363419e-05,-1.442653641149230291e-04,2.234092699687773020e-05,0.000000000000000000e+00
2.067999999999993843e+00,2.828816488795987452e-05,-1.428231737818796586e-04,2.211758947328473779e-05,0.000000000000000000e+00
2.069999999999993623e+00,2.800537408651872023e-05,-1.413954007205763474e-04,2.189648460772415650e-05,0.000000000000000000e+00
2.071999999999993403e+00,2.772541028490952805e-05,-1.399819008045966192e-04,2.167759008078360902e-05,0.000000000000000000e+00
2.073999999999993182e+00,2.744824522221287884e-05,-1.385825313483253604e-04,2.146088379617562200e-05,0.000000000000000000e+00
2.075999999999992962e+00,2.717385092002778759e-05,-1.371971510925453299e-04,2.124634387850243486e-05,0.000000000000000000e+00
2.077999999999992742e+00,2.690219967964743123e-05,-1.358256201901778405e-04,2.103394867105116625e-05,0.000000000000000000e+00
2.079999999999992522e+00,2.663326407926309972e-05,-1.344678001921658500e-04,2.082367673360546040e-05,0.000000000000000000e+00
2.081999999999992301e+00,2.636701697119610250e-05,-1.331235540334982435e-04,2.061550684028358796e-05,0.000000000000000000e+00
2.083999999999992081e+00,2.610343147915735604e-05,-1.317927460193738952e-04,2.040941797739389413e-05,0.000000000000000000e+00
2.085999999999991861e+00,2.584248099553434745e-05,-1.304752418115038583e-04,2.020538934131409919e-05,0.000000000000000000e+00
2.087999999999991640e+00,2.558413917870524726e-05,-1.291709084145506795e-04,2.000340033639098208e-05,0.000000000000000000e+00
2.089999999999991420e+00,2.532837995037984255e-05,-1.278796141627031567e-04,1.980343057286304900e-05,0.000000000000000000e+00
2.091999999999991200e+00,2.507517749296707038e-05,-1.266012287063853490e-04,1.960545986480011563e-05,0.000000000000000000e+00
2.093999999999990980e+00,2.482450624696887364e-05,-1.253356229990984548e-04,1.940946822806544070e-05,0.000000000000000000e+00
2.095999999999990759e+00,2.457634090840008439e-05,-1.240826692843942857e-04,1.921543587830171207e-05,0.000000000000000000e+00
2.097999999999990539e+00,2.433065642623412833e-05,-1.228422410829787897e-04,1.902334322893047686e-05,0.000000000000000000e+00
2.099999999999990319e+00,2.408742799987423838e-05,-1.216142131799446762e-04,1.883317088917585772e-05,0.000000000000000000e+00
2.101999999999990099e+00,2.384663107664997429e-05,-1.203984616121316114e-04,1.864489966210778477e-05,0.000000000000000000e+00
2.103999999999989878e+00,2.360824134933875001e-05,-1.191948636556127762e-04,1.845851054270430947e-05,0.000000000000000000e+00
2.105999999999989658e+00,2.337223475371213850e-05,-1.180032978133064745e-04,1.827398471593256676e-05,0.000000000000000000e+00
2.107999999999989438e+00,2.313858746610671674e-05,-1.168236438027116383e-04,1.809130355484881922e-05,0.000000000000000000e+00
2.109999999999989218e+00,2.290727590101918336e-05,-1.156557825437659419e-04,1.791044861872040199e-05,0.000000000000000000e+00
2.111999999999988997e+00,2.267827670872553199e-05,-1.144995961468252532e-04,1.773140165116154562e-05,0.000000000000000000e+00
2.113999999999988777e+00,2.245156677292400586e-05,-1.133549679007632671e-04,1.755414457829175025e-05,0.000000000000000000e+00
2.115999999999988557e+00,2.222712320840162712e-05,-1.122217822611901454e-04,1.737865950691215751e-05,0.000000000000000000e+00
2.117999999999988336e+00,2.200492335872404994e-05,-1.110999248387888727e-04,1.720492872269796872e-05,0.000000000000000000e+00
2.119999999999988116e+00,2.178494479394851402e-05,-1.099892823877682323e-04,1.703293468841059546e-05,0.000000000000000000e+00
2.121999999999987896e+00,2.156716530835965092e-05,-1.088897427944312494e-04,1.686266004212802483e-05,0.000000000000000000e+00
2.123999999999987676e+00,2.135156291822793678e-05,-1.078011950658578553e-04,1.669408759549079711e-05,0.000000000000000000e+00
2.125999999999987455e+00,2.113811585959053373e-05,-1.067235293187007288e-04,1.652720033196901708e-05,0.000000000000000000e+00
2.127999999999987235e+00,2.092680258605434729e-05,-1.056566367680931485e-04,1.636198140514259249e-05,0.000000000000000000e+00
2.129999999999987015e+00,2.071760176662101186e-05,-1.046004097166676922e-04,1.619841413700207240e-05,0.000000000000000000e+00
2.131999999999986795e+00,2.051049228353364138e-05,-1.035547415436847382e-04,1.603648201626444759e-05,0.000000000000000000e+00
2.133999999999986574e+00,2.030545323014510160e-05,-1.025195266942696584e-04,1.587616869670651493e-05,0.000000000000000000e+00
2.135999999999986354e+00,2.010246390880758680e-05,-1.014946606687575770e-04,1.571745799551428797e-05,0.000000000000000000e+00
2.137999999999986134e+00,1.990150382878329782e-05,-1.004800400121446530e-04,1.556033389165062224e-05,0.000000000000000000e+00
2.139999999999985913e+00,1.970255270417600794e-05,-9.947556230364486848e-05,1.540478052423715181e-05,0.000000000000000000e+00
2.141999999999985693e+00,1.950559045188330655e-05,-9.848112614635113108e-05,1.525078219095357332e-05,0.000000000000000000e+00
2.143999999999985473e+00,1.931059718956930704e-05,-9.749663115699978182e-05,1.509832334645189178e-05,0.000000000000000000e+00
2.145999999999985253e+00,1.911755323365763279e-05,-9.652197795583741140e-05,1.494738860078801378e-05,0.000000000000000000e+00
2.147999999999985032e+00,1.892643909734445401e-05,-9.555706815658899492e-05,1.479796271786765205e-05,0.000000000000000000e+00
2.149999999999984812e+00,1.873723548863140284e-05,-9.460180435652628826e-05,1.465003061390849314e-05,0.000000000000000000e+00
2.151999999999984592e+00,1.854992330837813277e-05,-9.365609012663553745e-05,1.450357735591797752e-05,0.000000000000000000e+00
2.153999999999984372e+00,1.836448364837436662e-05,-9.271983000188343020e-05,1.435858816018560809e-05,0.000000000000000000e+00
2.155999999999984151e+00,1.818089778943120604e-05,-9.179292947158040883e-05,1.421504839079000375e-05,0.000000000000000000e+00
2.157999999999983931e+00,1.799914719949152642e-05,-9.087529496984027397e-05,1.407294355812221606e-05,0.000000000000000000e+00
2.159999999999983711e+00,1.781921353175925710e-05,-8.996683386613522502e-05,1.393225931742314051e-05,0.000000000000000000e+00
2.161999999999983491e+00,1.764107862284736765e-05,-8.906745445594525345e-05,1.379298146733458873e-05,0.000000000000000000e+00
2.163999999999983270e+00,1.746472449094436672e-05,-8.817706595150103487e-05,1.365509594846727424e-05,0.000000000000000000e+00
2.165999999999983050e+00,1.729013333399912741e-05,-8.729557847261937135e-05,1.351858884197964031e-05,0.000000000000000000e+00
2.167999999999982830e+00,1.711728752792386621e-05,-8.642290303763026243e-05,1.338344636817490226e-05,0.000000000000000000e+00
2.169999999999982609e+00,1.694616962481507565e-05,-8.555895155439462889e-05,1.324965488510806456e-05,0.000000000000000000e+00
2.171999999999982389e+00,1.677676235119225144e-05,-8.470363681141188984e-05,1.311720088721006830e-05,0.000000000000000000e+00
2.173999999999982169e+00,1.660904860625421752e-05,-8.385687246901637657e-05,1.298607100392451530e-05,0.000000000000000000e+00
2.175999999999981949e+00,1.644301146015289327e-05,-8.301857305066179726e-05,1.285625199835740279e-05,0.000000000000000000e+00
2.177999999999981728e+00,1.627863415228430628e-05,-8.218865393429283079e-05,1.272773076594073578e-05,0.000000000000000000e+00
2.179999999999981508e+00,1.611590008959670162e-05,-8.136703134380294177e-05,1.260049433311088464e-05,0.000000000000000000e+00
2.181999999999981288e+00,1.595479284491554774e-05,-8.055362234057760363e-05,1.247452985599778463e-05,0.000000000000000000e+00
2.183999999999981068e+00,1.579529615528530348e-05,-7.974834481512208938e-05,1.234982461912909751e-05,0.000000000000000000e+00
2.185999999999980847e+00,1.563739392032775639e-05,-7.895111747877292226e-05,1.222636603414629930e-05,0.000000000000000000e+00
2.187999999999980627e+00,1.548107020061677318e-05,-7.816185985549218640e-05,1.210414163853312797e-05,0.000000000000000000e+00
2.189999999999980407e+00,1.532630921606928612e-05,-7.738049227374392525e-05,1.198313909435986049e-05,0.000000000000000000e+00
2.191999999999980187e+00,1.517309534435238317e-05,-7.660693585845166536e-05,1.186334618703604668e-05,0.000000000000000000e+00
2.193999999999979966e+00,1.502141311930631054e-05,-7.584111252303638799e-05,1.174475082407733760e-05,0.000000000000000000e+00
2.195999999999979746e+00,1.487124722938324189e-05,-7.508294496153408118e-05,1.162734103388597499e-05,0.000000000000000000e+00
2.197999999999979526e+00,1.472258251610165833e-05,-7.433235664079212686e-05,1.151110496454147217e-05,0.000000000000000000e+00
2.199999999999979305e+00,1.457540397251617154e-05,-7.358927179274364204e-05,1.139603088260452216e-05,0.000000000000000000e+00
2.201999999999979085e+00,1.442969674170265282e-05,-7.285361540675906950e-05,1.128210717193283211e-05,0.000000000000000000e+00
2.203999999999978865e+00,1.428544611525850360e-05,-7.212531322207425886e-05,1.116932233250779970e-05,0.000000000000000000e+00
2.205999999999978645e+00,1.414263753181791514e-05,-7.140429172029421148e-05,1.105766497927419996e-05,0.000000000000000000e+00
2.207999999999978424e+00,1.400125657558197158e-05,-7.069047811797179786e-05,1.094712384099114783e-05,0.000000000000000000e+00
2.209999999999978204e+00,1.386128897486345076e-05,-6.998380035926058036e-05,1.083768775909325216e-05,0.000000000000000000e+00
2.211999999999977984e+00,1.372272060064616851e-05,-6.928418710864119891e-05,1.072934568656564759e-05,0.000000000000000000e+00
2.213999999999977764e+00,1.358553746515872767e-05,-6.859156774372038485e-05,1.062208668682791679e-05,0.000000000000000000e+00
2.215999999999977543e+00,1.344972572046252432e-05,-6.790587234810200636e-05,1.051589993263015582e-05,0.000000000000000000e+00
2.217999999999977323e+00,1.331527165705386559e-05,-6.722703170432935951e-05,1.041077470496053203e-05,0.000000000000000000e+00
2.219999999999977103e+00,1.318216170248007028e-05,-6.655497728689801389e-05,1.030670039196259977e-05,0.000000000000000000e+00
2.221999999999976882e+00,1.305038241996939309e-05,-6.588964125533849426e-05,1.020366648786454229e-05,0.000000000000000000e+00
2.223999999999976662e+00,1.291992050707465719e-05,-6.523095644736818860e-05,1.010166259191838840e-05,0.000000000000000000e+00
2.225999999999976442e+00,1.279076279433043425e-05,-6.457885637211158798e-05,1.000067840735072155e-05,0.000000000000000000e+00
2.227999999999976222e+00,1.266289624392365677e-05,-6.393327520338841106e-05,9.900703740322062615e-06,0.000000000000000000e+00
2.229999999999976001e+00,1.253630794837751853e-05,-6.329414777306878643e-05,9.801728498899046210e-06,0.000000000000000000e+00
2.231999999999975781e+00,1.241098512924852963e-05,-6.266140956449484242e-05,9.703742692035053838e-06,0.000000000000000000e+00
2.233999999999975561e+00,1.228691513583659369e-05,-6.203499670596810788e-05,9.606736428562122690e-06,0.000000000000000000e+00
2.235999999999975341e+00,1.216408544390799048e-05,-6.141484596430195168e-05,9.510699916191961770e-06,0.000000000000000000e+00
2.237999999999975120e+00,1.204248365443111319e-05,-6.080089473843855241e-05,9.415623460527810032e-06,0.000000000000000000e+00
2.239999999999974900e+00,1.192209749232485362e-05,-6.019308105312962603e-05,9.321497464085727082e-06,0.000000000000000000e+00
2.241999999999974680e+00,1.180291480521949284e-05,-5.959134355268032188e-05,9.228312425325750114e-06,0.000000000000000000e+00
2.243999999999974460e+00,1.168492356222998073e-05,-5.899562149475571094e-05,9.136058937692917090e-06,0.000000000000000000e+00
2.245999999999974239e+00,1.156811185274148210e-05,-5.840585474424912792e-05,9.044727688667505636e-06,0.000000000000000000e+00
2.247999999999974019e+00,1.145246788520705923e-05,-5.782198376721185202e-05,8.954309458824921339e-06,0.000000000000000000e+00
2.249999999999973799e+00,1.133797998595737195e-05,-5.724394962484346915e-05,8.864795120905777544e-06,0.000000000000000000e+00
2.251999999999973578e+00,1.122463659802228719e-05,-5.667169396754227187e-05,8.776175638893347723e-06,0.000000000000000000e+00
2.253999999999973358e+00,1.111242627996425705e-05,-5.610515902901518201e-05,8.688442067102293553e-06,0.000000000000000000e+00
2.255999999999973138e+00,1.100133770472336402e-05,-5.554428762044654545e-05,8.601585549275632923e-06,0.000000000000000000e+00
2.257999999999972918e+00,1.089135965847391283e-05,-5.498902312472519604e-05,8.515597317690056303e-06,0.000000000000000000e+00
2.259999999999972697e+00,1.078248103949245398e-05,-5.443930949072925998e-05,8.430468692271868292e-06,0.000000000000000000e+00
2.261999999999972477e+00,1.067469085703711849e-05,-5.389509122766806388e-05,8.346191079719542799e-06,0.000000000000000000e+00
2.263999999999972257e+00,1.056797823023815717e-05,-5.335631339948063807e-05,8.262755972637662351e-06,0.000000000000000000e+00
2.265999999999972037e+00,1.046233238699957610e-05,-5.282292161929019871e-05,8.180154948677037345e-06,0.000000000000000000e+00
2.267999999999971816e+00,1.035774266291174787e-05,-5.229486204391406646e-05,8.098379669685233651e-06,0.000000000000000000e+00
2.269999999999971596e+00,1.025419850017489036e-05,-5.177208136842846608e-05,8.017421880864255938e-06,0.000000000000000000e+00
2.271999999999971376e+00,1.015168944653331458e-05,-5.125452682078767178e-05,7.937273409937555153e-06,0.000000000000000000e+00
2.273999999999971156e+00,1.005020515422032152e-05,-5.074214615649694243e-05,7.857926166325384341e-06,0.000000000000000000e+00
2.275999999999970935e+00,9.949735378913644477e-06,-5.023488765333869791e-05,7.779372140327635472e-06,0.000000000000000000e+00
2.277999999999970715e+00,9.850269978701342108e-06,-4.973270010615142838e-05,7.701603402315458299e-06,0.000000000000000000e+00
2.279999999999970495e+00,9.751798913058020208e-06,-4.923553282166079429e-05,7.624612101931119157e-06,0.000000000000000000e+00
2.281999999999970274e+00,9.654312241831295796e-06,-4.874333561336240220e-05,7.548390467294798650e-06,0.000000000000000000e+00
2.283999999999970054e+00,9.557800124238384951e-06,-4.825605879645572782e-05,7.472930804220821906e-06,0.000000000000000000e+00
2.285999999999969834e+00,9.462252817872727974e-06,-4.777365318282868483e-05,7.398225495440719293e-06,0.000000000000000000e+00
2.287999999999969614e+00,9.367660677720543487e-06,-4.729607007609233811e-05,7.324266999833876565e-06,0.000000000000000000e+00
2.289999999999969393e+00,9.274014155187213185e-06,-4.682326126666525983e-05,7.251047851667075453e-06,0.000000000000000000e+00
2.291999999999969173e+00,9.181303797133398995e-06,-4.635517902690701345e-05,7.178560659840322634e-06,0.000000000000000000e+00
2.293999999999968953e+00,9.089520244920797789e-06,-4.589177610630027773e-05,7.106798107140593380e-06,0.000000000000000000e+00
2.295999999999968733e+00,8.998654233467435367e-06,-4.543300572668117714e-05,7.035752949504031975e-06,0.000000000000000000e+00
2.297999999999968512e+00,8.908696590312401478e-06,-4.497882157751723580e-05,6.965418015283681569e-06,0.000000000000000000e+00
2.299999999999968292e+00,8.819638234689936083e-06,-4.452917781123257550e-05,6.895786204526321329e-06,0.000000000000000000e+00
2.301999999999968072e+00,8.731470176612777075e-06,-4.408402903857983616e-05,6.826850488255158285e-06,0.000000000000000000e+00
2.303999999999967851e+00,8.644183515964661037e-06,-4.364333032405837127e-05,6.758603907761084363e-06,0.000000000000000000e+00
2.305999999999967631e+00,8.557769441601904197e-06,-4.320703718137823064e-05,6.691039573899354442e-06,0.000000000000000000e+00
2.307999999999967411e+00,8.472219230463965312e-06,-4.277510556896948986e-05,6.624150666394612759e-06,0.000000000000000000e+00
2.309999999999967191e+00,8.387524246692892245e-06,-4.234749188553648606e-05,6.557930433152424528e-06,0.000000000000000000e+00
2.311999999999966970e+00,8.303675940761579368e-06,-4.192415296565648567e-05,6.492372189577421196e-06,0.000000000000000000e+00
2.313999999999966750e+00,8.220665848610734166e-06,-4.150504607542236391e-05,6.427469317899143532e-06,0.000000000000000000e+00
2.315999999999966530e+00,8.138485590794476793e-06,-4.109012890812882194e-05,6.363215266502980465e-06,0.000000000000000000e+00
2.317999999999966310e+00,8.057126871634472646e-06,-4.067935958000174829e-05,6.299603549270106802e-06,0.000000000000000000e+00
2.319999999999966089e+00,7.976581478382531874e-06,-4.027269662597025737e-05,6.236627744921540914e-06,0.000000000000000000e+00
2.321999999999965869e+00,7.896841280391569105e-06,-3.987009899548101850e-05,6.174281496370767619e-06,0.000000000000000000e+00
2.323999999999965649e+00,7.817898228294860709e-06,-3.947152604835438782e-05,6.112558510081348394e-06,0.000000000000000000e+00
2.325999999999965429e+00,7.739744353193496254e-06,-3.907693755068200408e-05,6.051452555432337843e-06,0.000000000000000000e+00
2.327999999999965208e+00,7.662371765851964868e-06,-3.868629367076539442e-05,5.990957464089121179e-06,0.000000000000000000e+00
2.329999999999964988e+00,7.585772655901774867e-06,-3.829955497509512929e-05,5.931067129380106391e-06,0.000000000000000000e+00
2.331999999999964768e+00,7.509939291053034634e-06,-3.791668242437024874e-05,5.871775505681222675e-06,0.000000000000000000e+00
2.333999999999964547e+00,7.434864016313919385e-06,-3.753763736955741787e-05,5.813076607805080925e-06,0.000000000000000000e+00
2.335999999999964327e+00,7.360539253217939952e-06,-3.716238154798952022e-05,5.754964510397181550e-06,0.000000000000000000e+00
2.337999999999964107e+00,7.286957499058933116e-06,-3.679087707950322815e-05,5.697433347337001186e-06,0.000000000000000000e+00
2.339999999999963887e+00,7.214111326133702347e-06,-3.642308646261519124e-05,5.640477311146885678e-06,0.000000000000000000e+00
2.341999999999963666e+00,7.141993380992229319e-06,-3.605897257073646304e-05,5.584090652405063020e-06,0.000000000000000000e+00
2.343999999999963446e+00,7.070596383695379976e-06,-3.569849864842474619e-05,5.528267679165486774e-06,0.000000000000000000e+00
2.345999999999963226e+00,6.999913127080031450e-06,-3.534162830767413746e-05,5.473002756383642600e-06,0.000000000000000000e+00
2.347999999999963006e+00,6.929936476031547844e-06,-3.498832552424192523e-05,5.418290305347016854e-06,0.000000000000000000e+00
2.349999999999962785e+00,6.860659366763523547e-06,-3.463855463401213484e-05,5.364124803112287239e-06,0.000000000000000000e+00
2.351999999999962565e+00,6.792074806104733117e-06,-3.429228032939541488e-05,5.310500781947934471e-06,0.000000000000000000e+00
2.353999999999962345e+00,6.724175870793203008e-06,-3.394946765576492586e-05,5.257412828782600210e-06,0.000000000000000000e+00
2.355999999999962125e+00,6.656955706777347555e-06,-3.361008200792782458e-05,5.204855584657348128e-06,0.000000000000000000e+00
2.357999999999961904e+00,6.590407528524083667e-06,-3.327408912663206634e-05,5.152823744186381741e-06,0.000000000000000000e+00
2.359999999999961684e+00,6.524524618333867463e-06,-3.294145509510811178e-05,5.101312055020364340e-06,0.000000000000000000e+00
2.361999999999961464e+00,6.459300325662577492e-06,-3.261214633564518575e-05,5.050315317316786227e-06,0.000000000000000000e+00
2.363999999999961243e+00,6.394728066450174196e-06,-3.228612960620179032e-05,4.999828383214668763e-06,0.000000000000000000e+00
2.365999999999961023e+00,6.330801322456073821e-06,-3.196337199705008548e-05,4.949846156315448366e-06,0.000000000000000000e+00
2.367999999999960803e+00,6.267513640601166447e-06,-3.164384092745381916e-05,4.900363591167763641e-06,0.000000000000000000e+00
2.369999999999960583e+00,6.204858632316407837e-06,-3.132750414237946092e-05,4.851375692758747721e-06,0.000000000000000000e+00
2.371999999999960362e+00,6.142829972897927517e-06,-3.101432970924024118e-05,4.802877516009657413e-06,0.000000000000000000e+00
2.373999999999960142e+00,6.081421400868581929e-06,-3.070428601467270295e-05,4.754864165276706522e-06,0.000000000000000000e+00
2.375999999999959922e+00,6.020626717345890816e-06,-3.039734176134548831e-05,4.707330793856561238e-06,0.000000000000000000e+00
2.377999999999959702e+00,5.960439785416290795e-06,-3.009346596480005453e-05,4.660272603497581795e-06,0.000000000000000000e+00
2.379999999999959481e+00,5.900854529515645097e-06,-2.979262795032293042e-05,4.613684843915292523e-06,0.000000000000000000e+00
2.381999999999959261e+00,5.841864934815946824e-06,-2.949479734984926878e-05,4.567562812312568176e-06,0.000000000000000000e+00
2.383999999999959041e+00,5.783465046618152179e-06,-2.919994409889734610e-05,4.521901852905349690e-06,0.000000000000000000e+00
2.385999999999958820e+00,5.725648969751084384e-06,-2.890803843353370446e-05,4.476697356452534124e-06,0.000000000000000000e+00
2.387999999999958600e+00,5.668410867976347292e-06,-2.861905088736862743e-05,4.431944759790255612e-06,0.000000000000000000e+00
2.389999999999958380e+00,5.611744963399184327e-06,-2.833295228858167210e-05,4.387639545372021017e-06,0.000000000000000000e+00
2.391999999999958160e+00,5.555645535885230233e-06,-2.804971375697690815e-05,4.343777240812098182e-06,0.000000000000000000e+00
2.393999999999957939e+00,5.500106922483094640e-06,-2.776930670106762361e-05,4.300353418434433618e-06,0.000000000000000000e+00
2.395999999999957719e+00,5.445123516852713930e-06,-2.749170281519014479e-05,4.257363694825202268e-06,0.000000000000000000e+00
2.397999999999957499e+00,5.390689768699420572e-06,-2.721687407664653328e-05,4.214803730390886700e-06,0.000000000000000000e+00
2.399999999999957279e+00,5.336800183213668944e-06,-2.694479274287583468e-05,4.172669228919825748e-06,0.000000000000000000e+00
2.401999999999957058e+00,5.283449320516361734e-06,-2.667543134865361151e-05,4.130955937148858906e-06,0.000000000000000000e+00
2.403999999999956838e+00,5.230631795109722722e-06,-2.640876270331946548e-05,4.089659644333657005e-06,0.000000000000000000e+00
2.405999999999956618e+00,5.178342275333658322e-06,-2.614475988803227803e-05,4.048776181823769173e-06,0.000000000000000000e+00
2.407999999999956398e+00,5.126575482827552851e-06,-2.588339625305289136e-05,4.008301422642006600e-06,0.000000000000000000e+00
2.409999999999956177e+00,5.075326191997444994e-06,-2.562464541505395552e-05,3.968231281067675226e-06,0.000000000000000000e+00
2.411999999999955957e+00,5.024589229488531260e-06,-2.536848125445666368e-05,3.928561712224145231e-06,0.000000000000000000e+00
2.413999999999955737e+00,4.974359473662943064e-06,-2.511487791279411479e-05,3.889288711670377870e-06,0.000000000000000000e+00
2.415999999999955516e+00,4.924631854082740688e-06,-2.486380979010102902e-05,3.850408314997222792e-06,0.000000000000000000e+00
2.417999999999955296e+00,4.875401350998081760e-06,-2.461525154232956889e-05,3.811916597426588497e-06,0.000000000000000000e+00
2.419999999999955076e+00,4.826662994840499892e-06,-2.436917807879098125e-05,3.773809673415708544e-06,0.000000000000000000e+00
2.421999999999954856e+00,4.778411865721254497e-06,-2.412556455962281969e-05,3.736083696264768782e-06,0.000000000000000000e+00
2.423999999999954635e+00,4.730643092934691653e-06,-2.388438639328149324e-05,3.698734857728546137e-06,0.000000000000000000e+00
2.425999999999954415e+00,4.683351854466571973e-06,-2.364561923405987033e-05,3.661759387632167358e-06,0.000000000000000000e+00
2.427999999999954195e+00,4.636533376507312958e-06,-2.340923897962970070e-05,3.625153553490174582e-06,0.000000000000000000e+00
2.429999999999953975e+00,4.590182932970095857e-06,-2.317522176860861501e-05,3.588913660130144557e-06,0.000000000000000000e+00
2.431999999999953754e+00,4.544295845013792995e-06,-2.294354397815143751e-05,3.553036049319560456e-06,0.000000000000000000e+00
2.433999999999953534e+00,4.498867480570662205e-06,-2.271418222156557483e-05,3.517517099396207363e-06,0.000000000000000000e+00
2.435999999999953314e+00,4.453893253878761765e-06,-2.248711334595026069e-05,3.482353224903229818e-06,0.000000000000000000e+00
2.437999999999953094e+00,4.409368625019042662e-06,-2.226231442985937507e-05,3.447540876226574610e-06,0.000000000000000000e+00
2.439999999999952873e+00,4.365289099457067345e-06,-2.203976278098764843e-05,3.413076539236987225e-06,0.000000000000000000e+00
2.441999999999952653e+00,4.321650227589307535e-06,-2.181943593387998979e-05,3.378956734935206676e-06,0.000000000000000000e+00
2.443999999999952433e+00,4.278447604293980443e-06,-2.160131164766370513e-05,3.345178019100846639e-06,0.000000000000000000e+00
2.445999999999952212e+00,4.235676868486373414e-06,-2.138536790380340946e-05,3.311736981944691811e-06,0.000000000000000000e+00
2.447999999999951992e+00,4.193333702678616339e-06,-2.117158290387835136e-05,3.278630247764301089e-06,0.000000000000000000e+00
2.449999999999951772e+00,4.151413832543852709e-06,-2.095993506738198740e-05,3.245854474603568091e-06,0.000000000000000000e+00
2.451999999999951552e+00,4.109913026484765273e-06,-2.075040302954352862e-05,3.213406353915263230e-06,0.000000000000000000e+00
2.453999999999951331e+00,4.068827095206422395e-06,-2.054296563917128621e-05,3.181282610226774180e-06,0.000000000000000000e+00
2.455999999999951111e+00,4.028151891293387549e-06,-2.033760195651755556e-05,3.149480000809857898e-06,0.000000000000000000e+00
2.457999999999950891e+00,3.987883308791058027e-06,-2.013429125116486586e-05,3.117995315353211568e-06,0.000000000000000000e+00
2.459999999999950671e+00,3.948017282791191399e-06,-1.993301299993334119e-05,3.086825375638133518e-06,0.000000000000000000e+00
2.461999999999950450e+00,3.908549789021573100e-06,-1.973374688480899680e-05,3.055967035218087272e-06,0.000000000000000000e+00
2.463999999999950230e+00,3.869476843439787904e-06,-1.953647279089273697e-05,3.025417179100759260e-06,0.000000000000000000e+00
2.465999999999950010e+00,3.830794501831047829e-06,-1.934117080436985775e-05,2.995172723433911239e-06,0.000000000000000000e+00
2.467999999999949789e+00,3.792498859410048116e-06,-1.914782121049984806e-05,2.965230615193726379e-06,0.000000000000000000e+00
2.469999999999949569e+00,3.754586050426795362e-06,-1.895640449162628915e-05,2.935587831877004266e-06,0.000000000000000000e+00
2.471999999999949349e+00,3.717052247776381982e-06,-1.876690132520664246e-05,2.906241381195741151e-06,0.000000000000000000e+00
2.473999999999949129e+00,3.679893662612658297e-06,-1.857929258186174275e-05,2.877188300775233853e-06,0.000000000000000000e+00
2.475999999999948908e+00,3.643106543965768778e-06,-1.839355932344478324e-05,2.848425657855056803e-06,0.000000000000000000e+00
2.477999999999948688e+00,3.606687178363509687e-06,-1.820968280112960630e-05,2.819950548992912216e-06,0.000000000000000000e+00
2.479999999999948468e+00,3.570631889456473376e-06,-1.802764445351809976e-05,2.791760099771732877e-06,0.000000000000000000e+00
2.481999999999948248e+00,3.534937037646940279e-06,-1.784742590476652623e-05,2.763851464509170172e-06,0.000000000000000000e+00
2.483999999999948027e+00,3.499599019721479224e-06,-1.766900896273056830e-05,2.736221825970768396e-06,0.000000000000000000e+00
2.485999999999947807e+00,3.464614268487221315e-06,-1.749237561712893406e-05,2.708868395085253268e-06,0.000000000000000000e+00
2.487999999999947587e+00,3.429979252411770561e-06,-1.731750803772529572e-05,2.681788410663073045e-06,0.000000000000000000e+00
2.489999999999947367e+00,3.395690475266713540e-06,-1.714438857252843608e-05,2.654979139117866985e-06,0.000000000000000000e+00
2.491999999999947146e+00,3.361744475774692958e-06,-1.697299974601035211e-05,2.628437874190210632e-06,0.000000000000000000e+00
2.493999999999946926e+00,3.328137827260008675e-06,-1.680332425734220377e-05,2.602161936674559500e-06,0.000000000000000000e+00
2.495999999999946706e+00,3.294867137302712747e-06,-1.663534497864787781e-05,2.576148674149011681e-06,0.000000000000000000e+00
2.497999999999946485e+00,3.261929047396162892e-06,-1.646904495327501392e-05,2.550395460707184647e-06,0.000000000000000000e+00
2.499999999999946265e+00,3.229320232607996288e-06,-1.630440739408332056e-05,2.524899696693453082e-06,0.000000000000000000e+00
2.501999999999946045e+00,3.197037401244496154e-06,-1.614141568174999407e-05,2.499658808440192483e-06,0.000000000000000000e+00
2.503999999999945825e+00,3.165077294518312160e-06,-1.598005336309208860e-05,2.474670248008438000e-06,0.000000000000000000e+00
2.505999999999945604e+00,3.133436686219500781e-06,-1.582030414940564713e-05,2.449931492930278003e-06,0.000000000000000000e+00
2.507999999999945384e+00,3.102112382389858072e-06,-1.566215191482144451e-05,2.425440045954446039e-06,0.000000000000000000e+00
2.509999999999945164e+00,3.071101221000503773e-06,-1.550558069467715614e-05,2.401193434794189618e-06,0.000000000000000000e+00
2.511999999999944944e+00,3.040400071632692193e-06,-1.535057468390581004e-05,2.377189211877578454e-06,0.000000000000000000e+00
2.513999999999944723e+00,3.010005835161811322e-06,-1.519711823544034609e-05,2.353424954100631628e-06,0.000000000000000000e+00
2.515999999999944503e+00,2.979915443444543065e-06,-1.504519585863412653e-05,2.329898262582586052e-06,0.000000000000000000e+00
2.517999999999944283e+00,2.950125859009148618e-06,-1.489479221769723023e-05,2.306606762423794128e-06,0.000000000000000000e+00
2.519999999999944063e+00,2.920634074748851852e-06,-1.474589213014838298e-05,2.283548102465979539e-06,0.000000000000000000e+00
2.521999999999943842e+00,2.891437113618287272e-06,-1.459848056528236667e-05,2.260719955054878291e-06,0.000000000000000000e+00
2.523999999999943622e+00,2.862532028332981617e-06,-1.445254264265274435e-05,2.238120015805373413e-06,0.000000000000000000e+00
2.525999999999943402e+00,2.833915901071842014e-06,-1.430806363056975402e-05,2.215746003368716755e-06,0.000000000000000000e+00
2.527999999999943181e+00,2.805585843182615512e-06,-1.416502894461322038e-05,2.193595659202298657e-06,0.000000000000000000e+00
2.529999999999942961e+00,2.777538994890295028e-06,-1.402342414616033358e-05,2.171666747341721541e-06,0.000000000000000000e+00
2.531999999999942741e+00,2.749772525008438658e-06,-1.388323494092813934e-05,2.149957054175150343e-06,0.000000000000000000e+00
2.533999999999942521e+00,2.722283630653377374e-06,-1.374444717753060981e-05,2.128464388219560282e-06,0.000000000000000000e+00
2.535999999999942300e+00,2.695069536961277220e-06,-1.360704684605012764e-05,2.107186579899857776e-06,0.000000000000000000e+00
2.537999999999942080e+00,2.668127496808030600e-06,-1.347102007662326108e-05,2.086121481329736077e-06,0.000000000000000000e+00
2.539999999999941860e+00,2.641454790531949122e-06,-1.333635313804066940e-05,2.065266966094780627e-06,0.000000000000000000e+00
2.541999999999941640e+00,2.615048725659227096e-06,-1.320303243636100626e-05,2.044620929037932553e-06,0.000000000000000000e+00
2.543999999999941419e+00,2.588906636632149833e-06,-1.307104451353868234e-05,2.024181286046930831e-06,0.000000000000000000e+00
2.545999999999941199e+00,2.563025884540019232e-06,-1.294037604606534303e-05,2.003945973843949957e-06,0.000000000000000000e+00
2.547999999999940979e+00,2.537403856852769539e-06,-1.281101384362492922e-05,1.983912949777297610e-06,0.000000000000000000e+00
2.549999999999940758e+00,2.512037967157245337e-06,-1.268294484776218385e-05,1.964080191615307815e-06,0.000000000000000000e+00
2.551999999999940538e+00,2.486925654896116342e-06,-1.255615613056446196e-05,1.944445697342077253e-06,0.000000000000000000e+00
2.553999999999940318e+00,2.462064385109402759e-06,-1.243063489335672908e-05,1.925007484955451294e-06,0.000000000000000000e+00
2.555999999999940098e+00,2.437451648178583663e-06,-1.230636846540959706e-05,1.905763592266853171e-06,0.000000000000000000e+00
2.557999999999939877e+00,2.413084959573263000e-06,-1.218334430266027899e-05,1.886712076703417080e-06,0.000000000000000000e+00
2.559999999999939657e+00,2.388961859600370328e-06,-1.206154998644633248e-05,1.867851015111693380e-06,0.000000000000000000e+00
2.561999999999939437e+00,2.365079913155866240e-06,-1.194097322225205600e-05,1.849178503563603509e-06,0.000000000000000000e+00
2.563999999999939217e+00,2.341436709478931282e-06,-1.182160183846742298e-05,1.830692657164265146e-06,0.000000000000000000e+00
2.565999999999938996e+00,2.318029861908612544e-06,-1.170342378515941481e-05,1.812391609861633418e-06,0.000000000000000000e+00
2.567999999999938776e+00,2.294857007642901229e-06,-1.158642713285564589e-05,1.794273514258229191e-06,0.000000000000000000e+00
2.569999999999938556e+00,2.271915807500220880e-06,-1.147060007134014373e-05,1.776336541424629193e-06,0.000000000000000000e+00
2.571999999999938336e+00,2.249203945683298739e-06,-1.135593090846116696e-05,1.758578880714772169e-06,0.000000000000000000e+00
2.573999999999938115e+00,2.226719129545396932e-06,-1.124240806895094120e-05,1.740998739583297927e-06,0.000000000000000000e+00
2.575999999999937895e+00,2.204459089358882737e-06,-1.113002009325719742e-05,1.723594343404539781e-06,0.000000000000000000e+00
2.577999999999937675e+00,2.182421578086109989e-06,-1.101875563638638749e-05,1.706363935293387247e-06,0.000000000000000000e+00
2.579999999999937454e+00,2.160604371152592970e-06,-1.090860346675846011e-05,1.689305775927910569e-06,0.000000000000000000e+00
2.581999999999937234e+00,2.139005266222446966e-06,-1.079955246507309868e-05,1.672418143373828386e-06,0.000000000000000000e+00
2.583999999999937014e+00,2.117622082976072608e-06,-1.069159162318727903e-05,1.655699332910655916e-06,0.000000000000000000e+00
2.585999999999936794e+00,2.096452662890064528e-06,-1.058471004300405196e-05,1.639147656859669174e-06,0.000000000000000000e+00
2.587999999999936573e+00,2.075494869019319755e-06,-1.047889693537244224e-05,1.622761444413495496e-06,0.000000000000000000e+00
2.589999999999936353e+00,2.054746585781322989e-06,-1.037414161899833368e-05,1.606539041467492995e-06,0.000000000000000000e+00
2.591999999999936133e+00,2.034205718742590536e-06,-1.027043351936624868e-05,1.590478810452729220e-06,0.000000000000000000e+00
2.593999999999935913e+00,2.013870194407246647e-06,-1.016776216767190207e-05,1.574579130170694532e-06,0.000000000000000000e+00
2.595999999999935692e+00,1.993737960007715751e-06,-1.006611719976543264e-05,1.558838395629668890e-06,0.000000000000000000e+00
2.597999999999935472e+00,1.973806983297505161e-06,-9.965488355105193793e-06,1.543255017882687839e-06,0.000000000000000000e+00
2.599999999999935252e+00,1.954075252346061313e-06,-9.865865475722003337e-06,1.527827423867161903e-06,0.000000000000000000e+00
2.601999999999935032e+00,1.934540775335673720e-06,-9.767238505193749125e-06,1.512554056246095176e-06,0.000000000000000000e+00
2.603999999999934811e+00,1.915201580360413060e-06,-9.669597487630242084e-06,1.497433373250821797e-06,0.000000000000000000e+00
2.605999999999934591e+00,1.896055715227076530e-06,-9.572932566668223488e-06,1.482463848525450044e-06,0.000000000000000000e+00
2.607999999999934371e+00,1.877101247258123726e-06,-9.477233984476412948e-06,1.467643970972715888e-06,0.000000000000000000e+00
2.609999999999934150e+00,1.858336263096582720e-06,-9.382492080770505661e-06,1.452972244601462857e-06,0.000000000000000000e+00
2.611999999999933930e+00,1.839758868512906641e-06,-9.288697291838015561e-06,1.438447188375721088e-06,0.000000000000000000e+00
2.613999999999933710e+00,1.821367188213760861e-06,-9.195840149572866130e-06,1.424067336064979011e-06,0.000000000000000000e+00
2.615999999999933490e+00,1.803159365652721505e-06,-9.103911280519639079e-06,1.409831236096515013e-06,0.000000000000000000e+00
2.617999999999933269e+00,1.785133562842866870e-06,-9.012901404927362313e-06,1.395737451408433829e-06,0.000000000000000000e+00
2.619999999999933049e+00,1.767287960171241213e-06,-8.922801335812776194e-06,1.381784559305115293e-06,0.000000000000000000e+00
2.621999999999932829e+00,1.749620756215175230e-06,-8.833601978032945966e-06,1.367971151313123867e-06,0.000000000000000000e+00
2.623999999999932609e+00,1.732130167560441001e-06,-8.745294327367159355e-06,1.354295833039259470e-06,0.000000000000000000e+00
2.625999999999932388e+00,1.714814428621225090e-06,-8.657869469607992456e-06,1.340757224029882249e-06,0.000000000000000000e+00
2.627999999999932168e+00,1.697671791461902226e-06,-8.571318579661469362e-06,1.327353957631321546e-06,0.000000000000000000e+00
2.629999999999931948e+00,1.680700525620589866e-06,-8.485632920656212201e-06,1.314084680852209332e-06,0.000000000000000000e+00
2.631999999999931728e+00,1.663898917934466923e-06,-8.400803843061496883e-06,1.300948054226599678e-06,0.000000000000000000e+00
2.633999999999931507e+00,1.647265272366838648e-06,-8.316822783814129840e-06,1.287942751678985585e-06,0.000000000000000000e+00
2.635999999999931287e+00,1.630797909835930519e-06,-8.233681265454047515e-06,1.275067460390318704e-06,0.000000000000000000e+00
2.637999999999931067e+00,1.614495168045393349e-06,-8.151370895268564062e-06,1.262320880665546933e-06,0.000000000000000000e+00
2.639999999999930846e+00,1.598355401316503092e-06,-8.069883364445165600e-06,1.249701725802398848e-06,0.000000000000000000e+00
2.641999999999930626e+00,1.582376980422037570e-06,-7.989210447232779883e-06,1.237208721961469181e-06,0.000000000000000000e+00
2.643999999999930406e+00,1.566558292421814644e-06,-7.909344000111428211e-06,1.224840608037686650e-06,0.000000000000000000e+00
2.645999999999930186e+00,1.550897740499874275e-06,-7.830275960970178254e-06,1.212596135532920203e-06,0.000000000000000000e+00
2.647999999999929965e+00,1.535393743803287730e-06,-7.751998348293318193e-06,1.200474068430076044e-06,0.000000000000000000e+00
2.649999999999929745e+00,1.520044737282578479e-06,-7.674503260354657280e-06,1.188473183068238198e-06,0.000000000000000000e+00
2.651999999999929525e+00,1.504849171533738690e-06,-7.597782874419893549e-06,1.176592268019204988e-06,0.000000000000000000e+00
2.653999999999929305e+00,1.489805512641824813e-06,-7.521829445956942785e-06,1.164830123965096163e-06,0.000000000000000000e+00
2.655999999999929084e+00,1.474912242026116564e-06,-7.446635307854171163e-06,1.153185563577410148e-06,0.000000000000000000e+00
2.657999999999928864e+00,1.460167856286823656e-06,-7.372192869646437525e-06,1.141657411397111279e-06,0.000000000000000000e+00
2.659999999999928644e+00,1.445570867053325874e-06,-7.298494616748875842e-06,1.130244503715936775e-06,0.000000000000000000e+00
2.661999999999928423e+00,1.431119800833929118e-06,-7.225533109698336563e-06,1.118945688459058955e-06,0.000000000000000000e+00
2.663999999999928203e+00,1.416813198867124304e-06,-7.153300983402408038e-06,1.107759825068587714e-06,0.000000000000000000e+00
2.665999999999927983e+00,1.402649616974332378e-06,-7.081790946395951147e-06,1.096685784388631542e-06,0.000000000000000000e+00
2.667999999999927763e+00,1.388627625414122324e-06,-7.010995780105060698e-06,1.085722448551185246e-06,0.000000000000000000e+00
2.669999999999927542e+00,1.374745808737885644e-06,-6.940908338118388391e-06,1.074868710863359370e-06,0.000000000000000000e+00
2.671999999999927322e+00,1.361002765646954179e-06,-6.871521545465748581e-06,1.064123475695639607e-06,0.000000000000000000e+00
2.673999999999927102e+00,1.347397108851146245e-06,-6.802828397903936513e-06,1.053485658371284628e-06,0.000000000000000000e+00
2.675999999999926882e+00,1.333927464928726886e-06,-6.734821961209685360e-06,1.042954185056808110e-06,0.000000000000000000e+00
2.677999999999926661e+00,1.320592474187767428e-06,-6.667495370479692593e-06,1.032527992653694041e-06,0.000000000000000000e+00
2.679999999999926441e+00,1.307390790528892047e-06,-6.600841829437639460e-06,1.022206028690870972e-06,0.000000000000000000e+00
2.681999999999926221e+00,1.294321081309395688e-06,-6.534854609748146812e-06,1.011987251218690598e-06,0.000000000000000000e+00
2.683999999999926001e+00,1.281382027208720616e-06,-6.469527050337580040e-06,1.001870628703624617e-06,0.000000000000000000e+00
2.685999999999925780e+00,1.268572322095277219e-06,-6.404852556721648066e-06,9.918551399241948806e-07,0.000000000000000000e+00
2.687999999999925560e+00,1.255890672894597825e-06,-6.340824600339726076e-06,9.819397738677844477e-07,0.000000000000000000e+00
2.689999999999925340e+00,1.243335799458806165e-06,-6.277436717895829162e-06,9.721235296287767920e-07,0.000000000000000000e+00
2.691999999999925119e+00,1.230906434437393822e-06,-6.214682510706174180e-06,9.624054163072777663e-07,0.000000000000000000e+00
2.693999999999924899e+00,1.218601323149287335e-06,-6.152555644053266307e-06,9.527844529092741347e-07,0.000000000000000000e+00
2.695999999999924679e+00,1.206419223456194541e-06,-6.091049846546442529e-06,9.432596682475103897e-07,0.000000000000000000e+00
2.697999999999924459e+00,1.194358905637217017e-06,-6.030158909488805991e-06,9.338301008435310850e-07,0.000000000000000000e+00
2.699999999999924238e+00,1.182419152264716130e-06,-5.969876686250489382e-06,9.244947988305363216e-07,0.000000000000000000e+00
2.701999999999924018e+00,1.170598758081419779e-06,-5.910197091648183816e-06,9.152528198573620924e-07,0.000000000000000000e+00
2.703999999999923798e+00,1.158896529878757974e-06,-5.851114101330871386e-06,9.061032309933008842e-07,0.000000000000000000e+00
2.705999999999923578e+00,1.147311286376414534e-06,-5.792621751171697017e-06,8.970451086339929292e-07,0.000000000000000000e+00
2.707999999999923357e+00,1.135841858103082641e-06,-5.734714136665920309e-06,8.880775384081170554e-07,0.000000000000000000e+00
2.709999999999923137e+00,1.124487087278412795e-06,-5.677385412334885565e-06,8.791996150851521868e-07,0.000000000000000000e+00
2.711999999999922917e+00,1.113245827696140906e-06,-5.620629791135951529e-06,8.704104424839519951e-07,0.000000000000000000e+00
2.713999999999922697e+00,1.102116944608384224e-06,-5.564441543878317330e-06,8.617091333823359914e-07,0.000000000000000000e+00
2.715999999999922476e+00,1.091099314611094748e-06,-5.508814998644692101e-06,8.530948094274937686e-07,0.000000000000000000e+00
2.717999999999922256e+00,1.080191825530657184e-06,-5.453744540218742211e-06,8.445666010472972643e-07,0.000000000000000000e+00
2.719999999999922036e+00,1.069393376311620655e-06,-5.399224609518263593e-06,8.361236473625616996e-07,0.000000000000000000e+00
2.721999999999921815e+00,1.058702876905552522e-06,-5.345249703034020725e-06,8.277650961001332226e-07,0.000000000000000000e+00
2.723999999999921595e+00,1.048119248161004145e-06,-5.291814372274197198e-06,8.194901035068303608e-07,0.000000000000000000e+00
2.725999999999921375e+00,1.037641421714575456e-06,-5.238913223214396894e-06,8.112978342643070457e-07,0.000000000000000000e+00
2.727999999999921155e+00,1.027268339883069246e-06,-5.186540915753143260e-06,8.031874614047558938e-07,0.000000000000000000e+00
2.729999999999920934e+00,1.016998955556723504e-06,-5.134692163172825843e-06,7.951581662273297718e-07,0.000000000000000000e+00
2.731999999999920714e+00,1.006832232093511452e-06,-5.083361731606032266e-06,7.872091382155933532e-07,0.000000000000000000e+00
2.733999999999920494e+00,9.967671432144969694e-07,-5.032544439507215657e-06,7.793395749556929599e-07,0.000000000000000000e+00
2.735999999999920274e+00,9.868026729002376014e-07,-4.982235157129643341e-06,7.715486820552853444e-07,0.000000000000000000e+00
2.737999999999920053e+00,9.769378152882224156e-07,-4.932428806007575948e-06,7.638356730634151496e-07,0.000000000000000000e+00
2.739999999999919833e+00,9.671715745713352006e-07,-4.883120358443622748e-06,7.561997693911513092e-07,0.000000000000000000e+00
2.741999999999919613e+00,9.575029648973328304e-07,-4.834304837001219834e-06,7.486402002328875231e-07,0.000000000000000000e+00
2.743999999999919392e+00,9.479310102693284223e-07,-4.785977314002183733e-06,7.411562024886591713e-07,0.000000000000000000e+00
2.745999999999919172e+00,9.384547444472698642e-07,-4.738132911029287920e-06,7.337470206870158823e-07,0.000000000000000000e+00
2.747999999999918952e+00,9.290732108504022770e-07,-4.690766798433811412e-06,7.264119069088021199e-07,0.000000000000000000e+00
2.749999999999918732e+00,9.197854624607062580e-07,-4.643874194848009476e-06,7.191501207116560547e-07,0.000000000000000000e+00
2.751999999999918511e+00,9.105905617273013197e-07,-4.597450366702459857e-06,7.119609290552538243e-07,0.000000000000000000e+00
2.753999999999918291e+00,9.014875804718048862e-07,-4.551490627748232006e-06,7.048436062273262873e-07,0.000000000000000000e+00
2.755999999999918071e+00,8.924755997946372148e-07,-4.505990338583835279e-06,6.977974337703940618e-07,0.000000000000000000e+00
2.757999999999917851e+00,8.835537099822634530e-07,-4.460944906186894415e-06,6.908217004092344002e-07,0.000000000000000000e+00
2.759999999999917630e+00,8.747210104153624560e-07,-4.416349783450507421e-06,6.839157019791205572e-07,0.000000000000000000e+00
2.761999999999917410e+00,8.659766094779139986e-07,-4.372200468724239261e-06,6.770787413547116806e-07,0.000000000000000000e+00
2.763999999999917190e+00,8.573196244671946433e-07,-4.328492505359700546e-06,6.703101283796338797e-07,0.000000000000000000e+00
2.765999999999916970e+00,8.487491815046732615e-07,-4.285221481260673925e-06,6.636091797969286563e-07,0.000000000000000000e+00
2.767999999999916749e+00,8.402644154477977410e-07,-4.242383028437734855e-06,6.569752191799350157e-07,0.000000000000000000e+00
2.769999999999916529e+00,8.318644698026631355e-07,-4.199972822567325205e-06,6.504075768641473607e-07,0.000000000000000000e+00
2.771999999999916309e+00,8.235484966375526828e-07,-4.157986582555234829e-06,6.439055898795477233e-07,0.000000000000000000e+00
2.773999999999916088e+00,8.153156564973437489e-07,-4.116420070104447050e-06,6.374686018836562803e-07,0.000000000000000000e+00
2.775999999999915868e+00,8.071651183187691696e-07,-4.075269089287303167e-06,6.310959630953137060e-07,0.000000000000000000e+00
2.777999999999915648e+00,7.990960593465253078e-07,-4.034529486121947861e-06,6.247870302291411507e-07,0.000000000000000000e+00
2.779999999999915428e+00,7.911076650502193077e-07,-3.994197148153002151e-06,6.185411664304881103e-07,0.000000000000000000e+00
2.781999999999915207e+00,7.831991290421464426e-07,-3.954268004036434239e-06,6.123577412112341054e-07,0.000000000000000000e+00
2.783999999999914987e+00,7.753696529958892954e-07,-3.914738023128577427e-06,6.062361303860918033e-07,0.000000000000000000e+00
2.785999999999914767e+00,7.676184465657308322e-07,-3.875603215079257844e-06,6.001757160096555296e-07,0.000000000000000000e+00
2.787999999999914547e+00,7.599447273068728987e-07,-3.836859629428987080e-06,5.941758863139647755e-07,0.000000000000000000e+00
2.789999999999914326e+00,7.523477205964525152e-07,-3.798503355210186277e-06,5.882360356467792131e-07,0.000000000000000000e+00
2.791999999999914106e+00,7.448266595553477123e-07,-3.760530520552390841e-06,5.823555644104364687e-07,0.000000000000000000e+00
2.793999999999913886e+00,7.373807849707648610e-07,-3.722937292291407002e-06,5.765338790013265369e-07,0.000000000000000000e+00
2.795999999999913666e+00,7.300093452196000842e-07,-3.685719875582372760e-06,5.707703917499557292e-07,0.000000000000000000e+00
2.797999999999913445e+00,7.227115961925667038e-07,-3.648874513516687658e-06,5.650645208616679200e-07,0.000000000000000000e+00
2.799999999999913225e+00,7.154868012190812064e-07,-3.612397486742771570e-06,5.594156903578469077e-07,0.000000000000000000e+00
2.801999999999913005e+00,7.083342309928999971e-07,-3.576285113090615649e-06,5.538233300178506120e-07,0.000000000000000000e+00
2.803999999999912784e+00,7.012531634984998487e-07,-3.540533747200086063e-06,5.482868753213857287e-07,0.000000000000000000e+00
2.805999999999912564e+00,6.942428839381939987e-07,-3.505139780152942812e-06,5.428057673915667866e-07,0.000000000000000000e+00
2.807999999999912344e+00,6.873026846599769065e-07,-3.470099639108538476e-06,5.373794529384630955e-07,0.000000000000000000e+00
2.809999999999912124e+00,6.804318650860905770e-07,-3.435409786943157946e-06,5.320073842032826635e-07,0.000000000000000000e+00
2.811999999999911903e+00,6.736297316423046152e-07,-3.401066721892963962e-06,5.266890189030575572e-07,0.000000000000000000e+00
2.813999999999911683e+00,6.668955976879035530e-07,-3.367066977200511631e-06,5.214238201758984682e-07,0.000000000000000000e+00
2.815999999999911463e+00,6.602287834463739315e-07,-3.333407120764796766e-06,5.162112565268320383e-07,0.000000000000000000e+00
2.817999999999911243e+00,6.536286159367843621e-07,-3.300083754794802890e-06,5.110508017740989710e-07,0.000000000000000000e+00
2.819999999999911022e+00,6.470944289058513666e-07,-3.267093515466512614e-06,5.059419349960891108e-07,0.000000000000000000e+00
2.821999999999910802e+00,6.406255627606846430e-07,-3.234433072583344826e-06,5.008841404787440859e-07,0.000000000000000000e+00
2.823999999999910582e+00,6.342213645022046652e-07,-3.202099129239989769e-06,4.958769076634613935e-07,0.000000000000000000e+00
2.825999999999910361e+00,6.278811876592254134e-07,-3.170088421489602589e-06,4.909197310956083492e-07,0.000000000000000000e+00
2.827999999999910141e+00,6.216043922231967331e-07,-3.138397718014324464e-06,4.860121103734561646e-07,0.000000000000000000e+00
2.829999999999909921e+00,6.153903445835984850e-07,-3.107023819799098686e-06,4.811535500976967840e-07,0.000000000000000000e+00
2.831999999999909701e+00,6.092384174639809809e-07,-3.075963559808744427e-06,4.763435598214340585e-07,0.000000000000000000e+00
2.833999999999909480e+00,6.031479898586445069e-07,-3.045213802668262372e-06,4.715816540006357075e-07,0.000000000000000000e+00
2.835999999999909260e+00,5.971184469699517913e-07,-3.014771444346334077e-06,4.668673519452019188e-07,0.000000000000000000e+00
2.837999999999909040e+00,5.911491801462678061e-07,-2.984633411841984999e-06,4.622001777703388815e-07,0.000000000000000000e+00
2.839999999999908820e+00,5.852395868205190676e-07,-2.954796662874381553e-06,4.575796603485760635e-07,0.000000000000000000e+00
2.841999999999908599e+00,5.793890704493675652e-07,-2.925258185575728728e-06,4.530053332622578275e-07,0.000000000000000000e+00
2.843999999999908379e+00,5.735970404529930719e-07,-2.896014998187236502e-06,4.484767347563399791e-07,0.000000000000000000e+00
2.845999999999908159e+00,5.678629121554768473e-07,-2.867064148758127109e-06,4.439934076918842696e-07,0.000000000000000000e+00
2.847999999999907939e+00,5.621861067257815471e-07,-2.838402714847650120e-06,4.395548994998781599e-07,0.000000000000000000e+00
2.849999999999907718e+00,5.565660511193214075e-07,-2.810027803230076960e-06,4.351607621355221465e-07,0.000000000000000000e+00
2.851999999999907498e+00,5.510021780201161425e-07,-2.781936549602644794e-06,4.308105520330253067e-07,0.000000000000000000e+00
2.853999999999907278e+00,5.454939257835232573e-07,-2.754126118296420139e-06,4.265038300608616308e-07,0.000000000000000000e+00
2.855999999999907057e+00,5.400407383795431692e-07,-2.726593701990052122e-06,4.222401614773787192e-07,0.000000000000000000e+00
2.857999999999906837e+00,5.346420653366903570e-07,-2.699336521426387024e-06,4.180191158869621328e-07,0.000000000000000000e+00
2.859999999999906617e+00,5.292973616864265180e-07,-2.672351825131917838e-06,4.138402671965656630e-07,0.000000000000000000e+00
2.861999999999906397e+00,5.240060879081484243e-07,-2.645636889139035385e-06,4.097031935726956099e-07,0.000000000000000000e+00
2.863999999999906176e+00,5.187677098747263521e-07,-2.619189016711059404e-06,4.056074773988422948e-07,0.000000000000000000e+00
2.865999999999905956e+00,5.135816987985863046e-07,-2.593005538070015284e-06,4.015527052333384768e-07,0.000000000000000000e+00
2.867999999999905736e+00,5.084475311783320078e-07,-2.567083810127134866e-06,3.975384677675972405e-07,0.000000000000000000e+00
2.869999999999905516e+00,5.033646887458999011e-07,-2.541421216216048690e-06,3.935643597847903407e-07,0.000000000000000000e+00
2.871999999999905295e+00,4.983326584142425710e-07,-2.516015165828647658e-06,3.896299801189534516e-07,0.000000000000000000e+00
2.873999999999905075e+00,4.933509322255354393e-07,-2.490863094353584486e-06,3.857349316145183209e-07,0.000000000000000000e+00
2.875999999999904855e+00,4.884190072999006704e-07,-2.465962462817389095e-06,3.818788210861701841e-07,0.000000000000000000e+00
2.877999999999904635e+00,4.835363857846442754e-07,-2.441310757628172532e-06,3.780612592792201754e-07,0.000000000000000000e+00
2.879999999999904414e+00,4.787025748040004823e-07,-2.416905490321891902e-06,3.742818608302284598e-07,0.000000000000000000e+00
2.881999999999904194e+00,4.739170864093781856e-07,-2.392744197311153002e-06,3.705402442281965718e-07,0.000000000000000000e+00
2.883999999999903974e+00,4.691794375301051334e-07,-2.368824439636523992e-06,3.668360317759765941e-07,0.000000000000000000e+00
2.885999999999903753e+00,4.644891499246644522e-07,-2.345143802720334681e-06,3.631688495522021089e-07,0.000000000000000000e+00
2.887999999999903533e+00,4.598457501324185865e-07,-2.321699896122936864e-06,3.595383273735037522e-07,0.000000000000000000e+00
2.889999999999903313e+00,4.552487694258157825e-07,-2.298490353301402427e-06,3.559440987571787780e-07,0.000000000000000000e+00
2.891999999999903093e+00,4.506977437630745098e-07,-2.275512831370631678e-06,3.523858008841452248e-07,0.000000000000000000e+00
2.893999999999902872e+00,4.461922137413407926e-07,-2.252765010866852009e-06,3.488630745623704215e-07,0.000000000000000000e+00
2.895999999999902652e+00,4.417317245503138441e-07,-2.230244595513480197e-06,3.453755641905773195e-07,0.000000000000000000e+00
2.897999999999902432e+00,4.373158259263351863e-07,-2.207949311989323375e-06,3.419229177223574007e-07,0.000000000000000000e+00
2.899999999999902212e+00,4.329440721069369685e-07,-2.185876909699100437e-06,3.385047866306495042e-07,0.000000000000000000e+00
2.901999999999901991e+00,4.286160217858444533e-07,-2.164025160546255520e-06,3.351208258725303602e-07,0.000000000000000000e+00
2.903999999999901771e+00,4.243312380684283833e-07,-2.142391858708041960e-06,3.317706938543981483e-07,0.000000000000000000e+00
2.905999999999901551e+00,4.200892884276026761e-07,-2.120974820412857233e-06,3.284540523975016443e-07,0.000000000000000000e+00
2.907999999999901330e+00,4.158897446601630513e-07,-2.099771883719801362e-06,3.251705667037810754e-07,0.000000000000000000e+00
2.909999999999901110e+00,4.117321828435621460e-07,-2.078780908300440570e-06,3.219199053220748942e-07,0.000000000000000000e+00
2.911999999999900890e+00,4.076161832931166686e-07,-2.057999775222751622e-06,3.187017401146924702e-07,0.000000000000000000e+00
2.913999999999900670e+00,4.035413305196421990e-07,-2.037426386737226527e-06,3.155157462242510558e-07,0.000000000000000000e+00
2.915999999999900449e+00,3.995072131875119819e-07,-2.017058666065115144e-06,3.123616020408854469e-07,0.000000000000000000e+00
2.917999999999900229e+00,3.955134240731344183e-07,-1.996894557188785800e-06,3.092389891698167853e-07,0.000000000000000000e+00
2.919999999999900009e+00,3.915595600238460808e-07,-1.976932024644179771e-06,3.061475923991924123e-07,0.000000000000000000e+00
2.921999999999899789e+00,3.876452219172153798e-07,-1.957169053315342691e-06,3.030870996682509815e-07,0.000000000000000000e+00
2.923999999999899568e+00,3.837700146207533885e-07,-1.937603648231007468e-06,3.000572020358467152e-07,0.000000000000000000e+00
2.925999999999899348e+00,3.799335469520269561e-07,-1.918233834363213051e-06,2.970575936492514868e-07,0.000000000000000000e+00
2.927999999999899128e+00,3.761354316391710897e-07,-1.899057656427935319e-06,2.940879717132787753e-07,0.000000000000000000e+00
2.929999999999898908e+00,3.723752852817956845e-07,-1.880073178687711040e-06,2.911480364597227174e-07,0.000000000000000000e+00
2.931999999999898687e+00,3.686527283122832120e-07,-1.861278484756234782e-06,2.882374911170987016e-07,0.000000000000000000e+00
2.933999999999898467e+00,3.649673849574733960e-07,-1.842671677404909930e-06,2.853560418806855075e-07,0.000000000000000000e+00
2.935999999999898247e+00,3.613188832007307481e-07,-1.824250878371332840e-06,2.825033978828656001e-07,0.000000000000000000e+00
2.937999999999898026e+00,3.577068547443913621e-07,-1.806014228169691505e-06,2.796792711637568032e-07,0.000000000000000000e+00
2.939999999999897806e+00,3.541309349725852614e-07,-1.787959885903060719e-06,2.768833766421522930e-07,0.000000000000000000e+00
2.941999999999897586e+00,3.505907629144301175e-07,-1.770086029077572374e-06,2.741154320867485834e-07,0.000000000000000000e+00
2.943999999999897366e+00,3.470859812075932161e-07,-1.752390853418443919e-06,2.713751580876445609e-07,0.000000000000000000e+00
2.945999999999897145e+00,3.436162360622175416e-07,-1.734872572687846587e-06,2.686622780281420640e-07,0.000000000000000000e+00
2.947999999999896925e+00,3.401811772252083796e-07,-1.717529418504593046e-06,2.659765180568175128e-07,0.000000000000000000e+00
2.949999999999896705e+00,3.367804579448771034e-07,-1.700359640165628801e-06,2.633176070598916942e-07,0.000000000000000000e+00
2.951999999999896485e+00,3.334137349359384898e-07,-1.683361504469307455e-06,2.606852766338401046e-07,0.000000000000000000e+00
2.953999999999896264e+00,3.300806683448576486e-07,-1.666533295540433089e-06,2.580792610583183887e-07,0.000000000000000000e+00
2.955999999999896044e+00,3.267809217155435472e-07,-1.649873314657050916e-06,2.554992972693317238e-07,0.000000000000000000e+00
2.957999999999895824e+00,3.235141619553855832e-07,-1.633379880078970543e-06,2.529451248326820313e-07,0.000000000000000000e+00
2.959999999999895604e+00,3.202800593016295531e-07,-1.617051326878002573e-06,2.504164859176760737e-07,0.000000000000000000e+00
2.961999999999895383e+00,3.170782872880897864e-07,-1.600886006769892228e-06,2.479131252710910498e-07,0.000000000000000000e+00
2.963999999999895163e+00,3.139085227121938999e-07,-1.584882287947934132e-06,2.454347901914349581e-07,0.000000000000000000e+00
2.965999999999894943e+00,3.107704456023574177e-07,-1.569038554918249382e-06,2.429812305033966942e-07,0.000000000000000000e+00
2.967999999999894722e+00,3.076637391856840224e-07,-1.553353208336709480e-06,2.405521985326315748e-07,0.000000000000000000e+00
2.969999999999894502e+00,3.045880898559890561e-07,-1.537824664847491212e-06,2.381474490807365956e-07,0.000000000000000000e+00
2.971999999999894282e+00,3.015431871421425633e-07,-1.522451356923244498e-06,2.357667394005069053e-07,0.000000000000000000e+00
2.973999999999894062e+00,2.985287236767288605e-07,-1.507231732706858802e-06,2.334098291714328365e-07,0.000000000000000000e+00
2.975999999999893841e+00,2.955443951650192428e-07,-1.492164255854810740e-06,2.310764804754341056e-07,0.000000000000000000e+00
2.977999999999893621e+00,2.925899003542550753e-07,-1.477247405382078066e-06,2.287664577728413466e-07,0.000000000000000000e+00
2.979999999999893401e+00,2.896649410032378805e-07,-1.462479675508604364e-06,2.264795278786385310e-07,0.000000000000000000e+00
2.981999999999893181e+00,2.867692218522232999e-07,-1.447859575507297921e-06,2.242154599389018996e-07,0.000000000000000000e+00
2.983999999999892960e+00,2.839024505931161746e-07,-1.433385629553550191e-06,2.219740254075099441e-07,0.000000000000000000e+00
2.985999999999892740e+00,2.810643378399636760e-07,-1.419056376576259634e-06,2.197549980230600658e-07,0.000000000000000000e+00
2.987999999999892520e+00,2.782545970997429931e-07,-1.404870370110342954e-06,2.175581537860461193e-07,0.000000000000000000e+00
2.989999999999892299e+00,2.754729447434415621e-07,-1.390826178150722922e-06,2.153832709362426330e-07,0.000000000000000000e+00
2.991999999999892079e+00,2.727190999774260299e-07,-1.376922383007773737e-06,2.132301299302990941e-07,0.000000000000000000e+00
2.993999999999891859e+00,2.699927848150976197e-07,-1.363157581164212899e-06,2.110985134195951182e-07,0.000000000000000000e+00
2.995999999999891639e+00,2.672937240488307769e-07,-1.349530383133423943e-06,2.089882062283226257e-07,0.000000000000000000e+00
2.997999999999891418e+00,2.646216452221923937e-07,-1.336039413319193493e-06,2.068989953317035421e-07,0.000000000000000000e+00
2.999999999999891198e+00,2.619762786024387027e-07,-1.322683309876852923e-06,2.048306698345496999e-07,0.000000000000000000e+00
3.001999999999890978e+00,2.593573571532870849e-07,-1.309460724575806810e-06,2.027830209499413257e-07,0.000000000000000000e+00
3.003999999999890758e+00,2.567646165079601991e-07,-1.296370322663435708e-06,2.007558419781562483e-07,0.000000000000000000e+00
3.005999999999890537e+00,2.541977949424994679e-07,-1.283410782730359883e-06,1.987489282858023948e-07,0.000000000000000000e+00
3.007999999999890317e+00,2.516566333493453788e-07,-1.270580796577049628e-06,1.967620772851637399e-07,0.000000000000000000e+00
3.009999999999890097e+00,2.491408752111818479e-07,-1.257879069081769433e-06,1.947950884137630942e-07,0.000000000000000000e+00
3.011999999999889877e+00,2.466502665750421583e-07,-1.245304318069841632e-06,1.928477631140943004e-07,0.000000000000000000e+00
3.013999999999889656e+00,2.441845560266737192e-07,-1.232855274184217647e-06,1.909199048135848213e-07,0.000000000000000000e+00
3.015999999999889436e+00,2.417434946651590534e-07,-1.220530680757342868e-06,1.890113189047616172e-07,0.000000000000000000e+00
3.017999999999889216e+00,2.393268360777904705e-07,-1.208329293684302457e-06,1.871218127255999805e-07,0.000000000000000000e+00
3.019999999999888995e+00,2.369343363151959917e-07,-1.196249881297235375e-06,1.852511955400858244e-07,0.000000000000000000e+00
3.021999999999888775e+00,2.345657538667139843e-07,-1.184291224241003497e-06,1.833992785189372126e-07,0.000000000000000000e+00
3.023999999999888555e+00,2.322208496360137800e-07,-1.172452115350104382e-06,1.815658747205664472e-07,0.000000000000000000e+00
3.025999999999888335e+00,2.298993869169601593e-07,-1.160731359526813516e-06,1.797507990722047857e-07,0.000000000000000000e+00
3.027999999999888114e+00,2.276011313697190551e-07,-1.149127773620545855e-06,1.779538683512101190e-07,0.000000000000000000e+00
3.029999999999887894e+00,2.253258509971021987e-07,-1.137640186308422485e-06,1.761749011665847116e-07,0.000000000000000000e+00
3.031999999999887674e+00,2.230733161211481412e-07,-1.126267437977031176e-06,1.744137179406487971e-07,0.000000000000000000e+00
3.033999999999887454e+00,2.208432993599374001e-07,-1.115008380605370242e-06,1.726701408909310140e-07,0.000000000000000000e+00
3.035999999999887233e+00,2.186355756046394809e-07,-1.103861877648960876e-06,1.709439940122146949e-07,0.000000000000000000e+00
3.037999999999887013e+00,2.164499219967892332e-07,-1.092826803925119084e-06,1.692351030587671155e-07,0.000000000000000000e+00
3.039999999999886793e+00,2.142861179057904761e-07,-1.081902045499374071e-06,1.675432955267483145e-07,0.000000000000000000e+00
3.041999999999886573e+00,2.121439449066444318e-07,-1.071086499573022497e-06,1.658684006368062603e-07,0.000000000000000000e+00
3.043999999999886352e+00,2.100231867579008221e-07,-1.060379074371806541e-06,1.642102493168380367e-07,0.000000000000000000e+00
3.045999999999886132e+00,2.079236293798294064e-07,-1.049778689035704533e-06,1.625686741849204347e-07,0.000000000000000000e+00
3.047999999999885912e+00,2.058450608328097625e-07,-1.039284273509823799e-06,1.609435095323997870e-07,0.000000000000000000e+00
3.049999999999885691e+00,2.037872712959370071e-07,-1.028894768436384262e-06,1.593345913071884782e-07,0.000000000000000000e+00
3.051999999999885471e+00,2.017500530458414466e-07,-1.018609125047781383e-06,1.577417570971868159e-07,0.000000000000000000e+00
3.053999999999885251e+00,1.997332004357200116e-07,-1.008426305060718684e-06,1.561648461138980253e-07,0.000000000000000000e+00
3.055999999999885031e+00,1.977365098745772259e-07,-9.983452805713982291e-07,1.546036991761923218e-07,0.000000000000000000e+00
3.057999999999884810e+00,1.957597798066736997e-07,-9.883650339517586553e-07,1.530581586942437783e-07,0.000000000000000000e+00
3.059999999999884590e+00,1.938028106911801860e-07,-9.784845577467514703e-07,1.515280686536094935e-07,0.000000000000000000e+00
3.061999999999884370e+00,1.918654049820348989e-07,-9.687028545726430978e-07,1.500132745994984965e-07,0.000000000000000000e+00
3.063999999999884150e+00,1.899473671080022409e-07,-9.590189370163340007e-07,1.485136236211643173e-07,0.000000000000000000e+00
3.065999999999883929e+00,1.880485034529308729e-07,-9.494318275356847147e-07,1.470289643364855995e-07,0.000000000000000000e+00
3.067999999999883709e+00,1.861686223362091974e-07,-9.399405583608378856e-07,1.455591468766703788e-07,0.000000000000000000e+00
3.069999999999883489e+00,1.843075339934161341e-07,-9.305441713965265721e-07,1.441040228711348511e-07,0.000000000000000000e+00
3.071999999999883268e+00,1.824650505571654174e-07,-9.212417181253597059e-07,1.426634454325227479e-07,0.000000000000000000e+00
3.073999999999883048e+00,1.806409860381412698e-07,-9.120322595120739108e-07,1.412372691418805655e-07,0.000000000000000000e+00
3.075999999999882828e+00,1.788351563063237840e-07,-9.029148659087427871e-07,1.398253500339818721e-07,0.000000000000000000e+00
3.077999999999882608e+00,1.770473790724019234e-07,-8.938886169609334955e-07,1.384275455827820581e-07,0.000000000000000000e+00
3.079999999999882387e+00,1.752774738693723133e-07,-8.849526015148019606e-07,1.370437146870458813e-07,0.000000000000000000e+00
3.081999999999882167e+00,1.735252620343220773e-07,-8.761059175251162098e-07,1.356737176560935960e-07,0.000000000000000000e+00
3.083999999999881947e+00,1.717905666903936790e-07,-8.673476719641999078e-07,1.343174161957046310e-07,0.000000000000000000e+00
3.085999999999881727e+00,1.700732127289301029e-07,-8.586769807317852875e-07,1.329746733941567925e-07,0.000000000000000000e+00
3.087999999999881506e+00,1.683730267917985740e-07,-8.500929685657681700e-07,1.316453537084043805e-07,0.000000000000000000e+00
3.089999999999881286e+00,1.666898372538908567e-07,-8.415947689538543818e-07,1.303293229504019947e-07,0.000000000000000000e+00
3.091999999999881066e+00,1.650234742057986787e-07,-8.331815240460899442e-07,1.290264482735452311e-07,0.000000000000000000e+00
3.093999999999880846e+00,1.633737694366621604e-07,-8.248523845682654013e-07,1.277365981592740093e-07,0.000000000000000000e+00
3.095999999999880625e+00,1.617405564171897956e-07,-8.166065097361859213e-07,1.264596424037910951e-07,0.000000000000000000e+00
3.097999999999880405e+00,1.601236702828482090e-07,-8.084430671707984895e-07,1.251954521049195382e-07,0.000000000000000000e+00
3.099999999999880185e+00,1.585229478172198648e-07,-8.003612328141675101e-07,1.239438996490905512e-07,0.000000000000000000e+00
3.101999999999879964e+00,1.569382274355272966e-07,-7.923601908462901360e-07,1.227048586984584453e-07,0.000000000000000000e+00
3.103999999999879744e+00,1.553693491683218200e-07,-7.844391336027435962e-07,1.214782041781510894e-07,0.000000000000000000e+00
3.105999999999879524e+00,1.538161546453355115e-07,-7.765972614931555218e-07,1.202638122636474259e-07,0.000000000000000000e+00
3.107999999999879304e+00,1.522784870794945204e-07,-7.688337829204894354e-07,1.190615603682701820e-07,0.000000000000000000e+00
3.109999999999879083e+00,1.507561912510922580e-07,-7.611479142011370391e-07,1.178713271308124121e-07,0.000000000000000000e+00
3.111999999999878863e+00,1.492491134921206382e-07,-7.535388794858091490e-07,1.166929924032961781e-07,0.000000000000000000e+00
3.113999999999878643e+00,1.477571016707582043e-07,-7.460059106812179704e-07,1.155264372388311786e-07,0.000000000000000000e+00
3.115999999999878423e+00,1.462800051760131307e-07,-7.385482473725418187e-07,1.143715438796190690e-07,0.000000000000000000e+00
3.117999999999878202e+00,1.448176749025198013e-07,-7.311651367466651942e-07,1.132281957450594241e-07,0.000000000000000000e+00
3.119999999999877982e+00,1.433699632354874322e-07,-7.238558335161860568e-07,1.120962774199827570e-07,0.000000000000000000e+00
3.121999999999877762e+00,1.419367240357990670e-07,-7.166195998441828884e-07,1.109756746430004277e-07,0.000000000000000000e+00
3.123999999999877542e+00,1.405178126252595990e-07,-7.094557052697338160e-07,1.098662742949731364e-07,0.000000000000000000e+00
3.125999999999877321e+00,1.391130857719912283e-07,-7.023634266341802753e-07,1.087679643875861434e-07,0.000000000000000000e+00
3.127999999999877101e+00,1.377224016759749805e-07,-6.953420480081280181e-07,1.076806340520498494e-07,0.000000000000000000e+00
3.129999999999876881e+00,1.363456199547366174e-07,-6.883908606191774133e-07,1.066041735279087962e-07,0.000000000000000000e+00
3.131999999999876660e+00,1.349826016291758551e-07,-6.815091627803765863e-07,1.055384741519573938e-07,0.000000000000000000e+00
3.133999999999876440e+00,1.336332091095370633e-07,-6.746962598193896648e-07,1.044834283472691492e-07,0.000000000000000000e+00
3.135999999999876220e+00,1.322973061815203071e-07,-6.679514640083733566e-07,1.034389296123495631e-07,0.000000000000000000e+00
3.137999999999876000e+00,1.309747579925311965e-07,-6.612740944945540228e-07,1.024048725103686463e-07,0.000000000000000000e+00
3.139999999999875779e+00,1.296654310380681936e-07,-6.546634772314993194e-07,1.013811526585340451e-07,0.000000000000000000e+00
3.141999999999875559e+00,1.283691931482460536e-07,-6.481189449110764635e-07,1.003676667175387044e-07,0.000000000000000000e+00
3.143999999999875339e+00,1.270859134744538646e-07,-6.416398368960909855e-07,9.936431238114575059e-08,0.000000000000000000e+00
3.145999999999875119e+00,1.258154624761466544e-07,-6.352254991535986607e-07,9.837098836584621956e-08,0.000000000000000000e+00
3.147999999999874898e+00,1.245577119077688954e-07,-6.288752841888842669e-07,9.738759440063706277e-08,0.000000000000000000e+00
3.149999999999874678e+00,1.233125348058086916e-07,-6.225885509801002875e-07,9.641403121690926808e-08,0.000000000000000000e+00
3.151999999999874458e+00,1.220798054759815614e-07,-6.163646649135592055e-07,9.545020053842237777e-08,0.000000000000000000e+00
3.153999999999874237e+00,1.208593994805422276e-07,-6.102029977196720845e-07,9.449600507137556832e-08,0.000000000000000000e+00
3.155999999999874017e+00,1.196511936257231724e-07,-6.041029274095284587e-07,9.355134849460239701e-08,0.000000000000000000e+00
3.157999999999873797e+00,1.184550659492989491e-07,-5.980638382121091689e-07,9.261613544982992303e-08,0.000000000000000000e+00
3.159999999999873577e+00,1.172708957082746912e-07,-5.920851205121279083e-07,9.169027153207165979e-08,0.000000000000000000e+00
3.161999999999873356e+00,1.160985633666977046e-07,-5.861661707884933262e-07,9.077366328007643143e-08,0.000000000000000000e+00
3.163999999999873136e+00,1.149379505835909277e-07,-5.803063915533868183e-07,8.986621816691444861e-08,0.000000000000000000e+00
3.165999999999872916e+00,1.137889402010070277e-07,-5.745051912919491220e-07,8.896784459062437073e-08,0.000000000000000000e+00
3.167999999999872696e+00,1.126514162322018875e-07,-5.687619844025700000e-07,8.807845186496878831e-08,0.000000000000000000e+00
3.169999999999872475e+00,1.115252638499263346e-07,-5.630761911377745514e-07,8.719795021028626722e-08,0.000000000000000000e+00
3.171999999999872255e+00,1.104103693748349317e-07,-5.574472375457007527e-07,8.632625074441793169e-08,0.000000000000000000e+00
3.173999999999872035e+00,1.093066202640106127e-07,-5.518745554121620869e-07,8.546326547374416170e-08,0.000000000000000000e+00
3.175999999999871815e+00,1.082139050996040385e-07,-5.463575822032890127e-07,8.460890728430091139e-08,0.000000000000000000e+00
3.177999999999871594e+00,1.071321135775865479e-07,-5.408957610087440881e-07,8.376308993298073086e-08,0.000000000000000000e+00
3.179999999999871374e+00,1.060611364966155390e-07,-5.354885404855047109e-07,8.292572803883204368e-08,0.000000000000000000e+00
3.181999999999871154e+00,1.050008657470111295e-07,-5.301353748022078666e-07,8.209673707443465747e-08,0.000000000000000000e+00
3.183999999999870933e+00,1.039511942998430239e-07,-5.248357235840513754e-07,8.127603335738030647e-08,0.000000000000000000e+00
3.185999999999870713e+00,1.029120161961265288e-07,-5.195890518582453948e-07,8.046353404180401616e-08,0.000000000000000000e+00
3.187999999999870493e+00,1.018832265361265120e-07,-5.143948300000101513e-07,7.965915711004082874e-08,0.000000000000000000e+00
3.189999999999870273e+00,1.008647214687682863e-07,-5.092525336791127029e-07,7.886282136434012680e-08,0.000000000000000000e+00
3.191999999999870052e+00,9.985639818115441242e-08,-5.041616438069384975e-07,7.807444641866296631e-08,0.000000000000000000e+00
3.193999999999869832e+00,9.885815488818622861e-08,-4.991216464840922207e-07,7.729395269057766533e-08,0.000000000000000000e+00
3.195999999999869612e+00,9.786989082228918280e-08,-4.941320329485220039e-07,7.652126139321807326e-08,0.000000000000000000e+00
3.197999999999869392e+00,9.689150622324085337e-08,-4.891922995241625464e-07,7.575629452733331954e-08,0.000000000000000000e+00
3.199999999999869171e+00,9.592290232810066712e-08,-4.843019475700917507e-07,7.499897487341548950e-08,0.000000000000000000e+00
3.201999999999868951e+00,9.496398136124028178e-08,-4.794604834301953665e-07,7.424922598390353305e-08,0.000000000000000000e+00
3.203999999999868731e+00,9.401464652447361404e-08,-4.746674183833348772e-07,7.350697217546848866e-08,0.000000000000000000e+00
3.205999999999868511e+00,9.307480198728558652e-08,-4.699222685940136017e-07,7.277213852137070501e-08,0.000000000000000000e+00
3.207999999999868290e+00,9.214435287715850863e-08,-4.652245550635359800e-07,7.204465084389498981e-08,0.000000000000000000e+00
3.209999999999868070e+00,9.122320526999520442e-08,-4.605738035816551745e-07,7.132443570686622662e-08,0.000000000000000000e+00
3.211999999999867850e+00,9.031126618063780223e-08,-4.559695446787038495e-07,7.061142040823698956e-08,0.000000000000000000e+00
3.213999999999867629e+00,8.940844355348139200e-08,-4.514113135782036308e-07,6.990553297274715576e-08,0.000000000000000000e+00
3.215999999999867409e+00,8.851464625318149155e-08,-4.468986501499482686e-07,6.920670214465297459e-08,0.000000000000000000e+00
3.217999999999867189e+00,8.762978405545438198e-08,-4.424310988635559506e-07,6.851485738054507524e-08,0.000000000000000000e+00
3.219999999999866969e+00,8.675376763796941241e-08,-4.380082087424856828e-07,6.782992884221814342e-08,0.000000000000000000e+00
3.221999999999866748e+00,8.588650857133238720e-08,-4.336295333185135570e-07,6.715184738962614832e-08,0.000000000000000000e+00
3.223999999999866528e+00,8.502791931015905627e-08,-4.292946305866641396e-07,6.648054457390194407e-08,0.000000000000000000e+00
3.225999999999866308e+00,8.417791318423787481e-08,-4.250030629605921636e-07,6.581595263044463388e-08,0.000000000000000000e+00
3.227999999999866088e+00,8.333640438978105285e-08,-4.207543972284106078e-07,6.515800447208570825e-08,0.000000000000000000e+00
3.229999999999865867e+00,8.250330798076312729e-08,-4.165482045089600265e-07,6.450663368231024023e-08,0.000000000000000000e+00
3.231999999999865647e+00,8.167853986034610322e-08,-4.123840602085151607e-07,6.386177450855431374e-08,0.000000000000000000e+00
3.233999999999865427e+00,8.086201677239025149e-08,-4.082615439779244355e-07,6.322336185557106154e-08,0.000000000000000000e+00
3.235999999999865206e+00,8.005365629304990077e-08,-4.041802396701778977e-07,6.259133127885430141e-08,0.000000000000000000e+00
3.237999999999864986e+00,7.925337682245309909e-08,-4.001397352983991987e-07,6.196561897813925235e-08,0.000000000000000000e+00
3.239999999999864766e+00,7.846109757646458897e-08,-3.961396229942576538e-07,6.134616179095576683e-08,0.000000000000000000e+00
3.241999999999864546e+00,7.767673857853099775e-08,-3.921794989667960348e-07,6.073289718625694893e-08,0.000000000000000000e+00
3.243999999999864325e+00,7.690022065160766067e-08,-3.882589634616699155e-07,6.012576325810621781e-08,0.000000000000000000e+00
3.245999999999864105e+00,7.613146541016607095e-08,-3.843776207207944925e-07,5.952469871942620455e-08,0.000000000000000000e+00
3.247999999999863885e+00,7.537039525228128176e-08,-3.805350789423948058e-07,5.892964289581456463e-08,0.000000000000000000e+00
3.249999999999863665e+00,7.461693335179837352e-08,-3.767309502414553882e-07,5.834053571941654154e-08,0.000000000000000000e+00
3.251999999999863444e+00,7.387100365057724521e-08,-3.729648506105652672e-07,5.775731772286444606e-08,0.000000000000000000e+00
3.253999999999863224e+00,7.313253085081493567e-08,-3.692363998811542963e-07,5.717993003327388675e-08,0.000000000000000000e+00
3.255999999999863004e+00,7.240144040744470727e-08,-3.655452216851171627e-07,5.660831436629759866e-08,0.000000000000000000e+00
3.257999999999862784e+00,7.167765852061107142e-08,-3.618909434168208365e-07,5.604241302024788167e-08,0.000000000000000000e+00
3.259999999999862563e+00,7.096111212822008082e-08,-3.582731961954920719e-07,5.548216887026647277e-08,0.000000000000000000e+00
3.261999999999862343e+00,7.025172889856412095e-08,-3.546916148279806219e-07,5.492752536256048678e-08,0.000000000000000000e+00
3.263999999999862123e+00,6.954943722302032727e-08,-3.511458377718949880e-07,5.437842650869341437e-08,0.000000000000000000e+00
3.265999999999861902e+00,6.885416620882211190e-08,-3.476355070991064698e-07,5.383481687993456522e-08,0.000000000000000000e+00
3.267999999999861682e+00,6.816584567190287341e-08,-3.441602684596181813e-07,5.329664160166102727e-08,0.000000000000000000e+00
3.269999999999861462e+00,6.748440612981128096e-08,-3.407197710457951666e-07,5.276384634782061236e-08,0.000000000000000000e+00
3.271999999999861242e+00,6.680977879469737820e-08,-3.373136675569522293e-07,5.223637733544562382e-08,0.000000000000000000e+00
3.273999999999861021e+00,6.614189556636879249e-08,-3.339416141642956616e-07,5.171418131922676342e-08,0.000000000000000000e+00
3.275999999999860801e+00,6.548068902541636109e-08,-3.306032704762154879e-07,5.119720558613870731e-08,0.000000000000000000e+00
3.277999999999860581e+00,6.482609242640851259e-08,-3.272982995039246724e-07,5.068539795011396286e-08,0.000000000000000000e+00
3.279999999999860361e+00,6.417803969115362274e-08,-3.240263676274418001e-07,5.017870674677940590e-08,0.000000000000000000e+00
3.281999999999860140e+00,6.353646540202978882e-08,-3.207871445619138407e-07,4.967708082823855779e-08,0.000000000000000000e+00
3.283999999999859920e+00,6.290130479538124162e-08,-3.175803033242756612e-07,4.918046955791146072e-08,0.000000000000000000e+00
3.285999999999859700e+00,6.227249375498075995e-08,-3.144055202002425284e-07,4.868882280541944569e-08,0.000000000000000000e+00
3.287999999999859480e+00,6.164996880555749182e-08,-3.112624747116331131e-07,4.820209094153003992e-08,0.000000000000000000e+00
3.289999999999859259e+00,6.103366710638945462e-08,-3.081508495840185490e-07,4.772022483314083773e-08,0.000000000000000000e+00
3.291999999999859039e+00,6.042352644496006567e-08,-3.050703307146953757e-07,4.724317583832096965e-08,0.000000000000000000e+00
3.293999999999858819e+00,5.981948523067810760e-08,-3.020206071409784486e-07,4.677089580140678170e-08,0.000000000000000000e+00
3.295999999999858598e+00,5.922148248866048670e-08,-2.990013710088107979e-07,4.630333704813393696e-08,0.000000000000000000e+00
3.297999999999858378e+00,5.862945785357710911e-08,-2.960123175416873660e-07,4.584045238082880963e-08,0.000000000000000000e+00
3.299999999999858158e+00,5.804335156355733249e-08,-2.930531450098893416e-07,4.538219507364307760e-08,0.000000000000000000e+00
3.301999999999857938e+00,5.746310445415727823e-08,-2.901235547000261254e-07,4.492851886783574893e-08,0.000000000000000000e+00
3.303999999999857717e+00,5.688865795238751462e-08,-2.872232508848816458e-07,4.447937796710516332e-08,0.000000000000000000e+00
3.305999999999857497e+00,5.631995407080038971e-08,-2.843519407935623230e-07,4.403472703296588628e-08,0.000000000000000000e+00
3.307999999999857277e+00,5.575693540163650422e-08,-2.815093345819432433e-07,4.359452118017134302e-08,0.000000000000000000e+00
3.309999999999857057e+00,5.519954511102968274e-08,-2.786951453034098934e-07,4.315871597218388635e-08,0.000000000000000000e+00
3.311999999999856836e+00,5.464772693326990041e-08,-2.759090888798924398e-07,4.272726741668721602e-08,0.000000000000000000e+00
3.313999999999856616e+00,5.410142516512352335e-08,-2.731508840731893754e-07,4.230013196114792615e-08,0.000000000000000000e+00
3.315999999999856396e+00,5.356058466021036652e-08,-2.704202524565780453e-07,4.187726648841940422e-08,0.000000000000000000e+00
3.317999999999856175e+00,5.302515082343694680e-08,-2.677169183867088237e-07,4.145862831238554059e-08,0.000000000000000000e+00
3.319999999999855955e+00,5.249506960548538892e-08,-2.650406089757803454e-07,4.104417517365441302e-08,0.000000000000000000e+00
3.321999999999855735e+00,5.197028749735740162e-08,-2.623910540639929364e-07,4.063386523529516987e-08,0.000000000000000000e+00
3.323999999999855515e+00,5.145075152497284786e-08,-2.597679861922772757e-07,4.022765707860879455e-08,0.000000000000000000e+00
3.325999999999855294e+00,5.093640924382225377e-08,-2.571711405752957503e-07,3.982550969895138607e-08,0.000000000000000000e+00
3.327999999999855074e+00,5.042720873367282622e-08,-2.546002550747138004e-07,3.942738250159470904e-08,0.000000000000000000e+00
3.329999999999854854e+00,4.992309859332735048e-08,-2.520550701727383459e-07,3.903323529762570718e-08,0.000000000000000000e+00
3.331999999999854634e+00,4.942402793543551120e-08,-2.495353289459208040e-07,3.864302829989175656e-08,0.000000000000000000e+00
3.333999999999854413e+00,4.892994638135706773e-08,-2.470407770392219997e-07,3.825672211898657651e-08,0.000000000000000000e+00
3.335999999999854193e+00,4.844080405607639403e-08,-2.445711626403362142e-07,3.787427775926832771e-08,0.000000000000000000e+00
3.337999999999853973e+00,4.795655158316784719e-08,-2.421262364542720972e-07,3.749565661492599119e-08,0.000000000000000000e+00
3.339999999999853753e+00,4.747714007981147483e-08,-2.397057516781876884e-07,3.712082046608513434e-08,0.000000000000000000e+00
3.341999999999853532e+00,4.700252115185851880e-08,-2.373094639764767701e-07,3.674973147494671124e-08,0.000000000000000000e+00
3.343999999999853312e+00,4.653264688894631147e-08,-2.349371314561045112e-07,3.638235218196736760e-08,0.000000000000000000e+00
3.345999999999853092e+00,4.606746985966192936e-08,-2.325885146421895992e-07,3.601864550207913265e-08,0.000000000000000000e+00
3.347999999999852871e+00,4.560694310675426661e-08,-2.302633764538304752e-07,3.565857472094638062e-08,0.000000000000000000e+00
3.349999999999852651e+00,4.515102014239391950e-08,-2.279614821801731594e-07,3.530210349125709695e-08,0.000000000000000000e+00
3.351999999999852431e+00,4.469965494348048494e-08,-2.256825994567184690e-07,3.494919582905649615e-08,0.000000000000000000e+00
3.353999999999852211e+00,4.425280194699675023e-08,-2.234264982418660080e-07,3.459981611011621514e-08,0.000000000000000000e+00
3.355999999999851990e+00,4.381041604540936365e-08,-2.211929507936925477e-07,3.425392906633145855e-08,0.000000000000000000e+00
3.357999999999851770e+00,4.337245258211543686e-08,-2.189817316469627315e-07,3.391149978216854253e-08,0.000000000000000000e+00
3.359999999999851550e+00,4.293886734693469509e-08,-2.167926175903694587e-07,3.357249369113573205e-08,0.000000000000000000e+00
3.361999999999851330e+00,4.250961657164669212e-08,-2.146253876440018816e-07,3.323687657229473563e-08,0.000000000000000000e+00
3.363999999999851109e+00,4.208465692557261369e-08,-2.124798230370385544e-07,3.290461454680777557e-08,0.000000000000000000e+00
3.365999999999850889e+00,4.166394551120128534e-08,-2.103557071856636965e-07,3.257567407451642186e-08,0.000000000000000000e+00
3.367999999999850669e+00,4.124743985985887533e-08,-2.082528256712040804e-07,3.225002195055515447e-08,0.000000000000000000e+00
3.369999999999850449e+00,4.083509792742190864e-08,-2.061709662184846407e-07,3.192762530200134803e-08,0.000000000000000000e+00
3.371999999999850228e+00,4.042687809007310918e-08,-2.041099186744003398e-07,3.160845158455659676e-08,0.000000000000000000e+00
3.373999999999850008e+00,4.002273914009970605e-08,-2.020694749867022547e-07,3.129246857925937957e-08,0.000000000000000000e+00
3.375999999999849788e+00,3.962264028173371430e-08,-2.000494291829958447e-07,3.097964438923626524e-08,0.000000000000000000e+00
3.377999999999849567e+00,3.922654112703381960e-08,-1.980495773499489663e-07,3.066994743647768145e-08,0.000000000000000000e+00
3.379999999999849347e+00,3.883440169180840346e-08,-1.960697176127079930e-07,3.036334645865561204e-08,0.000000000000000000e+00
3.381999999999849127e+00,3.844618239157936509e-08,-1.941096501145194732e-07,3.005981050596247004e-08,0.000000000000000000e+00
3.383999999999848907e+00,3.806184403758625674e-08,-1.921691769965556583e-07,2.975930893798978125e-08,0.000000000000000000e+00
3.385999999999848686e+00,3.768134783283037508e-08,-1.902481023779416774e-07,2.946181142063693749e-08,0.000000000000000000e+00
3.387999999999848466e+00,3.730465536815841176e-08,-1.883462323359822946e-07,2.916728792304366683e-08,0.000000000000000000e+00
3.389999999999848246e+00,3.693172861838523950e-08,-1.864633748865864745e-07,2.887570871456443183e-08,0.000000000000000000e+00
3.391999999999848026e+00,3.656252993845546316e-08,-1.845993399648875330e-07,2.858704436176358023e-08,0.000000000000000000e+00
3.393999999999847805e+00,3.619702205964335203e-08,-1.827539394060570470e-07,2.830126572544437683e-08,0.000000000000000000e+00
3.395999999999847585e+00,3.583516808579072974e-08,-1.809269869263105906e-07,2.801834395771106976e-08,0.000000000000000000e+00
3.397999999999847365e+00,3.547693148958252407e-08,-1.791182981041033389e-07,2.773825049905128545e-08,0.000000000000000000e+00
3.399999999999847144e+00,3.512227610885949357e-08,-1.773276903615136340e-07,2.746095707545865775e-08,0.000000000000000000e+00
3.401999999999846924e+00,3.477116614296786629e-08,-1.755549829458126857e-07,2.718643569557366817e-08,0.000000000000000000e+00
3.403999999999846704e+00,3.442356614914542738e-08,-1.737999969112185033e-07,2.691465864786175567e-08,0.000000000000000000e+00
3.405999999999846484e+00,3.407944103894376441e-08,-1.720625551008322553e-07,2.664559849781514327e-08,0.000000000000000000e+00
3.407999999999846263e+00,3.373875607468625351e-08,-1.703424821287551282e-07,2.637922808518176979e-08,0.000000000000000000e+00
3.409999999999846043e+00,3.340147686596148861e-08,-1.686396043623840671e-07,2.611552052122598531e-08,0.000000000000000000e+00
3.411999999999845823e+00,3.306756936615171682e-08,-1.669537499048844406e-07,2.585444918601381053e-08,0.000000000000000000e+00
3.413999999999845603e+00,3.273699986899604200e-08,-1.652847485778378561e-07,2.559598772572233664e-08,0.000000000000000000e+00
3.415999999999845382e+00,3.240973500518791329e-08,-1.636324319040636433e-07,2.534011004998512409e-08,0.000000000000000000e+00
3.417999999999845162e+00,3.208574173900668676e-08,-1.619966330906118360e-07,2.508679032925454193e-08,0.000000000000000000e+00
3.419999999999844942e+00,3.176498736498283691e-08,-1.603771870119263008e-07,2.483600299219375343e-08,0.000000000000000000e+00
3.421999999999844722e+00,3.144743950459648692e-08,-1.587739301931762137e-07,2.458772272310046534e-08,0.000000000000000000e+00
3.423999999999844501e+00,3.113306610300897980e-08,-1.571867007937540325e-07,2.434192445934592374e-08,0.000000000000000000e+00
3.425999999999844281e+00,3.082183542582710009e-08,-1.556153385909385073e-07,2.409858338884821483e-08,0.000000000000000000e+00
3.427999999999844061e+00,3.051371605589965474e-08,-1.540596849637211156e-07,2.385767494756547088e-08,0.000000000000000000e+00
3.429999999999843840e+00,3.020867689014606930e-08,-1.525195828767939372e-07,2.361917481701745182e-08,0.000000000000000000e+00
3.431999999999843620e+00,2.990668713641667501e-08,-1.509948768646978822e-07,2.338305892183211433e-08,0.000000000000000000e+00
3.433999999999843400e+00,2.960771631038441554e-08,-1.494854130161291029e-07,2.314930342731250968e-08,0.000000000000000000e+00
3.435999999999843180e+00,2.931173423246760931e-08,-1.479910389584025568e-07,2.291788473703205723e-08,0.000000000000000000e+00
3.437999999999842959e+00,2.901871102478346655e-08,-1.465116038420706820e-07,2.268877949045353476e-08,0.000000000000000000e+00
3.439999999999842739e+00,2.872861710813207620e-08,-1.450469583256959422e-07,2.246196456056882119e-08,0.000000000000000000e+00
3.441999999999842519e+00,2.844142319901052550e-08,-1.435969545607755726e-07,2.223741705156701489e-08,0.000000000000000000e+00
3.443999999999842299e+00,2.815710030665689065e-08,-1.421614461768170175e-07,2.201511429652118669e-08,0.000000000000000000e+00
3.445999999999842078e+00,2.787561973012376440e-08,-1.407402882665625795e-07,2.179503385510012036e-08,0.000000000000000000e+00
3.447999999999841858e+00,2.759695305538103949e-08,-1.393333373713617426e-07,2.157715351130461707e-08,0.000000000000000000e+00
3.449999999999841638e+00,2.732107215244765979e-08,-1.379404514666898467e-07,2.136145127122497566e-08,0.000000000000000000e+00
3.451999999999841418e+00,2.704794917255203838e-08,-1.365614899478112876e-07,2.114790536081753117e-08,0.000000000000000000e+00
3.453999999999841197e+00,2.677755654532086432e-08,-1.351963136155863153e-07,2.093649422371168651e-08,0.000000000000000000e+00
3.455999999999840977e+00,2.650986697599602374e-08,-1.338447846624195247e-07,2.072719651903049670e-08,0.000000000000000000e+00
3.457999999999840757e+00,2.624485344267932736e-08,-1.325067666583488754e-07,2.051999111923581706e-08,0.000000000000000000e+00
3.459999999999840536e+00,2.598248919360477991e-08,-1.311821245372738350e-07,2.031485710799886237e-08,0.000000000000000000e+00
3.461999999999840316e+00,2.572274774443813643e-08,-1.298707245833211142e-07,2.011177377808685967e-08,0.000000000000000000e+00
3.463999999999840096e+00,2.546560287560344471e-08,-1.285724344173466931e-07,1.991072062927172392e-08,0.000000000000000000e+00
3.465999999999839876e+00,2.521102862963629887e-08,-1.272871229835728710e-07,1.971167736626202704e-08,0.000000000000000000e+00
3.467999999999839655e+00,2.495899930856358264e-08,-1.260146605363588559e-07,1.951462389665529579e-08,0.000000000000000000e+00
3.469999999999839435e+00,2.470948947130937476e-08,-1.247549186271035703e-07,1.931954032890725024e-08,0.000000000000000000e+00
3.471999999999839215e+00,2.446247393112681452e-08,-1.235077700912794296e-07,1.912640697032560628e-08,0.000000000000000000e+00
3.473999999999838995e+00,2.421792775305562322e-08,-1.222730890355957698e-07,1.893520432508251277e-08,0.000000000000000000e+00
3.475999999999838774e+00,2.397582625140504316e-08,-1.210507508252904680e-07,1.874591309224392941e-08,0.000000000000000000e+00
3.477999999999838554e+00,2.373614498726194613e-08,-1.198406320715488030e-07,1.855851416382526260e-08,0.000000000000000000e+00
3.479999999999838334e+00,2.349885976602384998e-08,-1.186426106190479419e-07,1.837298862285907153e-08,0.000000000000000000e+00
3.481999999999838113e+00,2.326394663495659834e-08,-1.174565655336259404e-07,1.818931774148712647e-08,0.000000000000000000e+00
3.483999999999837893e+00,2.303138188077644883e-08,-1.162823770900741318e-07,1.800748297907025476e-08,0.000000000000000000e+00
3.485999999999837673e+00,2.280114202725634474e-08,-1.151199267600514093e-07,1.782746598031491566e-08,0.000000000000000000e+00
3.487999999999837453e+00,2.257320383285610542e-08,-1.139690972001194358e-07,1.764924857342264515e-08,0.000000000000000000e+00
3.489999999999837232e+00,2.234754428837631046e-08,-1.128297722398974177e-07,1.747281276825390021e-08,0.000000000000000000e+00
3.491999999999837012e+00,2.212414061463563937e-08,-1.117018368703352643e-07,1.729814075451307904e-08,0.000000000000000000e+00
3.493999999999836792e+00,2.190297026017143196e-08,-1.105851772321040616e-07,1.712521489995048182e-08,0.000000000000000000e+00
3.495999999999836572e+00,2.168401089896322768e-08,-1.094796806041025105e-07,1.695401774858205925e-08,0.000000000000000000e+00
3.497999999999836351e+00,2.146724042817907236e-08,-1.083852353920783358e-07,1.678453201892758396e-08,0.000000000000000000e+00
3.499999999999836131e+00,2.125263696594434408e-08,-1.073017311173633703e-07,1.661674060226639798e-08,0.000000000000000000e+00
3.501999999999835911e+00,2.104017884913289972e-08,-1.062290584057213601e-07,1.645062656090988902e-08,0.000000000000000000e+00
3.503999999999835691e+00,2.082984463118028401e-08,-1.051671089763071282e-07,1.628617312649133094e-08,0.000000000000000000e+00
3.505999999999835470e+00,2.062161307991881260e-08,-1.041157756307362369e-07,1.612336369827478246e-08,0.000000000000000000e+00
3.507999999999835250e+00,2.041546317543428421e-08,-1.030749522422637970e-07,1.596218184147796197e-08,0.000000000000000000e+00
3.509999999999835030e+00,2.021137410794413996e-08,-1.020445337450715530e-07,1.580261128561375697e-08,0.000000000000000000e+00
3.511999999999834809e+00,2.000932527569681504e-08,-1.010244161236620115e-07,1.564463592284698019e-08,0.000000000000000000e+00
3.513999999999834589e+00,1.980929628289209743e-08,-1.000144964023586071e-07,1.548823980636997211e-08,0.000000000000000000e+00
3.515999999999834369e+00,1.961126693762227539e-08,-9.901467263491084847e-08,1.533340714879154435e-08,0.000000000000000000e+00
3.517999999999834149e+00,1.941521724983386846e-08,-9.802484389420333085e-08,1.518012232054392243e-08,0.000000000000000000e+00
3.519999999999833928e+00,1.922112742930973361e-08,-9.704491026206769011e-08,1.502836984830429984e-08,0.000000000000000000e+00
3.521999999999833708e+00,1.902897788367134132e-08,-9.607477281919634613e-08,1.487813441343417989e-08,0.000000000000000000e+00
3.523999999999833488e+00,1.883874921640102644e-08,-9.511433363515710935e-08,1.472940085043163472e-08,0.000000000000000000e+00
3.525999999999833268e+00,1.865042222488401199e-08,-9.416349575850763124e-08,1.458215414540114031e-08,0.000000000000000000e+00
3.527999999999833047e+00,1.846397789846999413e-08,-9.322216320700861362e-08,1.443637943453823449e-08,0.000000000000000000e+00
3.529999999999832827e+00,1.827939741655412279e-08,-9.229024095793490317e-08,1.429206200262857462e-08,0.000000000000000000e+00
3.531999999999832607e+00,1.809666214667715644e-08,-9.136763493848342563e-08,1.414918728156224174e-08,0.000000000000000000e+00
3.533999999999832387e+00,1.791575364264460227e-08,-9.045425201627704647e-08,1.400774084886456197e-08,0.000000000000000000e+00
3.535999999999832166e+00,1.773665364266467636e-08,-8.954999998996328609e-08,1.386770842623836278e-08,0.000000000000000000e+00
3.537999999999831946e+00,1.755934406750486222e-08,-8.865478757990709526e-08,1.372907587812465226e-08,0.000000000000000000e+00
3.539999999999831726e+00,1.738380701866690882e-08,-8.776852441897661900e-08,1.359182921027325104e-08,0.000000000000000000e+00
3.541999999999831505e+00,1.721002477658006630e-08,-8.689112104342112821e-08,1.345595456833269416e-08,0.000000000000000000e+00
3.543999999999831285e+00,1.703797979881238729e-08,-8.602248888384007344e-08,1.332143823645008562e-08,0.000000000000000000e+00
3.545999999999831065e+00,1.686765471829990199e-08,-8.516254025624246691e-08,1.318826663588725832e-08,0.000000000000000000e+00
3.547999999999830845e+00,1.669903234159351140e-08,-8.431118835319563961e-08,1.305642632364942771e-08,0.000000000000000000e+00
3.549999999999830624e+00,1.653209564712338706e-08,-8.346834723506247378e-08,1.292590399112866850e-08,0.000000000000000000e+00
3.551999999999830404e+00,1.636682778348073493e-08,-8.263393182132621049e-08,1.279668646276052043e-08,0.000000000000000000e+00
3.553999999999830184e+00,1.620321206771673154e-08,-8.180785788200203856e-08,1.266876069469414655e-08,0.000000000000000000e+00
3.555999999999829964e+00,1.604123198365846368e-08,-8.099004202913448514e-08,1.254211377347477344e-08,0.000000000000000000e+00
3.557999999999829743e+00,1.588087118024170286e-08,-8.018040170837982729e-08,1.241673291474095459e-08,0.000000000000000000e+00
3.559999999999829523e+00,1.572211346986035904e-08,-7.937885519067266421e-08,1.229260546193390386e-08,0.000000000000000000e+00
3.561999999999829303e+00,1.556494282673240850e-08,-7.858532156397576340e-08,1.216971888501953462e-08,0.000000000000000000e+00
3.563999999999829082e+00,1.540934338528218330e-08,-7.779972072511242632e-08,1.204806077922426301e-08,0.000000000000000000e+00
3.565999999999828862e+00,1.525529943853882394e-08,-7.702197337168046046e-08,1.192761886378139920e-08,0.000000000000000000e+00
3.567999999999828642e+00,1.510279543655072959e-08,-7.625200099404702975e-08,1.180838098069405576e-08,0.000000000000000000e+00
3.569999999999828422e+00,1.495181598481588363e-08,-7.548972586742348340e-08,1.169033509350504408e-08,0.000000000000000000e+00
3.571999999999828201e+00,1.480234584272784432e-08,-7.473507104401944861e-08,1.157346928608371141e-08,0.000000000000000000e+00
3.573999999999827981e+00,1.465436992203729310e-08,-7.398796034527532660e-08,1.145777176142167181e-08,0.000000000000000000e+00
3.575999999999827761e+00,1.450787328532894855e-08,-7.324831835417249083e-08,1.134323084044399534e-08,0.000000000000000000e+00
3.577999999999827541e+00,1.436284114451370717e-08,-7.251607040762027392e-08,1.122983496082780891e-08,0.000000000000000000e+00
3.579999999999827320e+00,1.421925885933586853e-08,-7.179114258891914797e-08,1.111757267583677893e-08,0.000000000000000000e+00
3.581999999999827100e+00,1.407711193589526961e-08,-7.107346172029919801e-08,1.100643265316554661e-08,0.000000000000000000e+00
3.583999999999826880e+00,1.393638602518420244e-08,-7.036295535553318745e-08,1.089640367379475118e-08,0.000000000000000000e+00
3.585999999999826660e+00,1.379706692163895471e-08,-6.965955177262350055e-08,1.078747463085960560e-08,0.000000000000000000e+00
3.587999999999826439e+00,1.365914056170583094e-08,-6.896317996656215480e-08,1.067963452852800147e-08,0.000000000000000000e+00
3.589999999999826219e+00,1.352259302242150377e-08,-6.827376964216322136e-08,1.057287248089131936e-08,0.000000000000000000e+00
3.591999999999825999e+00,1.338741052000756956e-08,-6.759125120696687267e-08,1.046717771086434477e-08,0.000000000000000000e+00
3.593999999999825778e+00,1.325357940847914129e-08,-6.691555576421439568e-08,1.036253954909894837e-08,0.000000000000000000e+00
3.595999999999825558e+00,1.312108617826735458e-08,-6.624661510589338950e-08,1.025894743290581306e-08,0.000000000000000000e+00
3.597999999999825338e+00,1.298991745485564963e-08,-6.558436170585253907e-08,1.015639090518865479e-08,0.000000000000000000e+00
3.599999999999825118e+00,1.286005999742968012e-08,-6.492872871298515716e-08,1.005485961338818419e-08,0.000000000000000000e+00
3.601999999999824897e+00,1.273150069754071836e-08,-6.427964994448096555e-08,9.954343308437926734e-09,0.000000000000000000e+00
3.603999999999824677e+00,1.260422657778242771e-08,-6.363705987914521528e-08,9.854831843729148477e-09,0.000000000000000000e+00
3.605999999999824457e+00,1.247822479048085828e-08,-6.300089365078469610e-08,9.756315174086581450e-09,0.000000000000000000e+00
3.607999999999824237e+00,1.235348261639753859e-08,-6.237108704165980117e-08,9.658783354753678197e-09,0.000000000000000000e+00
3.609999999999824016e+00,1.222998746344553412e-08,-6.174757647600210450e-08,9.562226540390995316e-09,0.000000000000000000e+00
3.611999999999823796e+00,1.210772686541834030e-08,-6.113029901359667029e-08,9.466634984079447436e-09,0.000000000000000000e+00
3.613999999999823576e+00,1.198668848073148279e-08,-6.051919234342860433e-08,9.371999036339019547e-09,0.000000000000000000e+00
3.615999999999823356e+00,1.186686009117669740e-08,-5.991419477739301381e-08,9.278309144152455650e-09,0.000000000000000000e+00
3.617999999999823135e+00,1.174822960068856081e-08,-5.931524524406797186e-08,9.185555850002711695e-09,0.000000000000000000e+00
3.619999999999822915e+00,1.163078503412346113e-08,-5.872228328254963301e-08,9.093729790917290653e-09,0.000000000000000000e+00
3.621999999999822695e+00,1.151451453605076279e-08,-5.813524903634901015e-08,9.002821697523165505e-09,0.000000000000000000e+00
3.623999999999822474e+00,1.139940636955606312e-08,-5.755408324734979071e-08,8.912822393111548996e-09,0.000000000000000000e+00
3.625999999999822254e+00,1.128544891505640996e-08,-5.697872724982651718e-08,8.823722792711451340e-09,0.000000000000000000e+00
3.627999999999822034e+00,1.117263066912736457e-08,-5.640912296452256952e-08,8.735513902171920029e-09,0.000000000000000000e+00
3.629999999999821814e+00,1.106094024334179054e-08,-5.584521289278738027e-08,8.648186817254867541e-09,0.000000000000000000e+00
3.631999999999821593e+00,1.095036636312024647e-08,-5.528694011077223393e-08,8.561732722736051750e-09,0.000000000000000000e+00
3.633999999999821373e+00,1.084089786659287810e-08,-5.473424826368408148e-08,8.476142891515056053e-09,0.000000000000000000e+00
3.635999999999821153e+00,1.073252370347268414e-08,-5.418708156009683402e-08,8.391408683734586866e-09,0.000000000000000000e+00
3.637999999999820933e+00,1.062523293394004504e-08,-5.364538476631947376e-08,8.307521545907923808e-09,0.000000000000000000e+00
3.639999999999820712e+00,1.051901472753840379e-08,-5.310910320082052589e-08,8.224473010056110764e-09,0.000000000000000000e+00
3.641999999999820492e+00,1.041385836208098789e-08,-5.257818272870820947e-08,8.142254692852346731e-09,0.000000000000000000e+00
3.643999999999820272e+00,1.030975322256845677e-08,-5.205256975626580444e-08,8.060858294776329298e-09,0.000000000000000000e+00
3.645999999999820051e+00,1.020668880011737369e-08,-5.153221122554165877e-08,7.980275599276644942e-09,0.000000000000000000e+00
3.647999999999819831e+00,1.010465469089938795e-08,-5.101705460899322709e-08,7.900498471940570858e-09,0.000000000000000000e+00
3.649999999999819611e+00,1.000364059509101827e-08,-5.050704790418469740e-08,7.821518859673723552e-09,0.000000000000000000e+00
3.651999999999819391e+00,9.903636315833942980e-09,-5.000213962853761682e-08,7.743328789886483694e-09,0.000000000000000000e+00
3.653999999999819170e+00,9.804631758205674714e-09,-4.950227881413397394e-08,7.665920369689632454e-09,0.000000000000000000e+00
3.655999999999818950e+00,9.706616928200531755e-09,-4.900741500257125451e-08,7.589285785097505260e-09,0.000000000000000000e+00
3.657999999999818730e+00,9.609581931720793688e-09,-4.851749823986893450e-08,7.513417300239510002e-09,0.000000000000000000e+00
3.659999999999818510e+00,9.513516973577942018e-09,-4.803247907142584820e-08,7.438307256578209742e-09,0.000000000000000000e+00
3.661999999999818289e+00,9.418412356503886519e-09,-4.755230853702803402e-08,7.363948072137675698e-09,0.000000000000000000e+00
3.663999999999818069e+00,9.324258480172073077e-09,-4.707693816590642965e-08,7.290332240737028309e-09,0.000000000000000000e+00
3.665999999999817849e+00,9.231045840228385356e-09,-4.660631997184399949e-08,7.217452331233189776e-09,0.000000000000000000e+00
3.667999999999817629e+00,9.138765027331721164e-09,-4.614040644833176490e-08,7.145300986770518755e-09,0.000000000000000000e+00
3.669999999999817408e+00,9.047406726204174047e-09,-4.567915056377327432e-08,7.073870924038491854e-09,0.000000000000000000e+00
3.671999999999817188e+00,8.956961714690699325e-09,-4.522250575673700340e-08,7.003154932536055517e-09,0.000000000000000000e+00
3.673999999999816968e+00,8.867420862828186841e-09,-4.477042593125620230e-08,6.933145873844236487e-09,0.000000000000000000e+00
3.675999999999816747e+00,8.778775131923834514e-09,-4.432286545217575321e-08,6.863836680905316760e-09,0.000000000000000000e+00
3.677999999999816527e+00,8.691015573642743311e-09,-4.387977914054553546e-08,6.795220357309102454e-09,0.000000000000000000e+00
3.679999999999816307e+00,8.604133329104624436e-09,-4.344112226905984119e-08,6.727289976587451239e-09,0.000000000000000000e+00
3.681999999999816087e+00,8.518119627989539334e-09,-4.300685055754237220e-08,6.660038681514834883e-09,0.000000000000000000e+00
3.683999999999815866e+00,8.432965787652586480e-09,-4.257692016847638746e-08,6.593459683415254544e-09,0.000000000000000000e+00
3.685999999999815646e+00,8.348663212247427416e-09,-4.215128770257952513e-08,6.527546261478261660e-09,0.000000000000000000e+00
3.687999999999815426e+00,8.265203391858580911e-09,-4.172991019442288190e-08,6.462291762079637533e-09,0.000000000000000000e+00
3.689999999999815206e+00,8.182577901642392582e-09,-4.131274510809385366e-08,6.397689598110225589e-09,0.000000000000000000e+00
3.691999999999814985e+00,8.100778400976587346e-09,-4.089975033290235338e-08,6.333733248310692884e-09,0.000000000000000000e+00
3.693999999999814765e+00,8.019796632618326943e-09,-4.049088417912996304e-08,6.270416256613279620e-09,0.000000000000000000e+00
3.695999999999814545e+00,7.939624421870683195e-09,-4.008610537382155632e-08,6.207732231490219055e-09,0.000000000000000000e+00
3.697999999999814325e+00,7.860253675757445933e-09,-3.968537305661901486e-08,6.145674845308616030e-09,0.000000000000000000e+00
3.699999999999814104e+00,7.781676382206172956e-09,-3.928864677563658143e-08,6.084237833691466492e-09,0.000000000000000000e+00
3.701999999999813884e+00,7.703884609239417494e-09,-3.889588648337743988e-08,6.023414994885665034e-09,0.000000000000000000e+00
3.703999999999813664e+00,7.626870504174035575e-09,-3.850705253269113122e-08,5.963200189135306398e-09,0.000000000000000000e+00
3.705999999999813443e+00,7.550626292828492228e-09,-3.812210567277136932e-08,5.903587338062504385e-09,0.000000000000000000e+00
3.707999999999813223e+00,7.475144278738103650e-09,-3.774100704519388545e-08,5.844570424053822366e-09,0.000000000000000000e+00
3.709999999999813003e+00,7.400416842378116092e-09,-3.736371817999385844e-08,5.786143489652421264e-09,0.000000000000000000e+00
3.711999999999812783e+00,7.326436440394551138e-09,-3.699020099178255973e-08,5.728300636956877920e-09,0.000000000000000000e+00
3.713999999999812562e+00,7.253195604842745419e-09,-3.662041777590284954e-08,5.671036027025932686e-09,0.000000000000000000e+00
3.715999999999812342e+00,7.180686942433499562e-09,-3.625433120462306077e-08,5.614343879288954499e-09,0.000000000000000000e+00
3.717999999999812122e+00,7.108903133786761927e-09,-3.589190432336897295e-08,5.558218470962652811e-09,0.000000000000000000e+00
3.719999999999811902e+00,7.037836932692775167e-09,-3.553310054699341957e-08,5.502654136472659973e-09,0.000000000000000000e+00
3.721999999999811681e+00,6.967481165380608685e-09,-3.517788365608322441e-08,5.447645266882842781e-09,0.000000000000000000e+00
3.723999999999811461e+00,6.897828729794002539e-09,-3.482621779330301035e-08,5.393186309328002159e-09,0.000000000000000000e+00
3.725999999999811241e+00,6.828872594874451658e-09,-3.447806745977560915e-08,5.339271766453560870e-09,0.000000000000000000e+00
3.727999999999811021e+00,6.760605799851454274e-09,-3.413339751149861583e-08,5.285896195861498085e-09,0.000000000000000000e+00
3.729999999999810800e+00,6.693021453539860867e-09,-3.379217315579678301e-08,5.233054209559672089e-09,0.000000000000000000e+00
3.731999999999810580e+00,6.626112733644240912e-09,-3.345435994780987828e-08,5.180740473418766283e-09,0.000000000000000000e+00
3.733999999999810360e+00,6.559872886070209525e-09,-3.311992378701565359e-08,5.128949706633682107e-09,0.000000000000000000e+00
3.735999999999810139e+00,6.494295224242634598e-09,-3.278883091378756955e-08,5.077676681190331805e-09,0.000000000000000000e+00
3.737999999999809919e+00,6.429373128430660724e-09,-3.246104790598693708e-08,5.026916221338148649e-09,0.000000000000000000e+00
3.739999999999809699e+00,6.365100045079482095e-09,-3.213654167558911231e-08,4.976663203067255860e-09,0.000000000000000000e+00
3.741999999999809479e+00,6.301469486148794883e-09,-3.181527946534344060e-08,4.926912553591458868e-09,0.000000000000000000e+00
3.743999999999809258e+00,6.238475028457862096e-09,-3.149722884546657220e-08,4.877659250836213897e-09,0.000000000000000000e+00
3.745999999999809038e+00,6.176110313037124750e-09,-3.118235771036883878e-08,4.828898322931466988e-09,0.000000000000000000e+00
3.747999999999808818e+00,6.114369044486298129e-09,-3.087063427541337301e-08,4.780624847710104614e-09,0.000000000000000000e+00
3.749999999999808598e+00,6.053244990338882842e-09,-3.056202707370758083e-08,4.732833952210639464e-09,0.000000000000000000e+00
3.751999999999808377e+00,5.992731980433029439e-09,-3.025650495292675467e-08,4.685520812185719569e-09,0.000000000000000000e+00
3.753999999999808157e+00,5.932823906288690438e-09,-2.995403707216938421e-08,4.638680651614925547e-09,0.000000000000000000e+00
3.755999999999807937e+00,5.873514720491002678e-09,-2.965459289884392654e-08,4.592308742222597090e-09,0.000000000000000000e+00
3.757999999999807716e+00,5.814798436079829672e-09,-2.935814220558670133e-08,4.546400403000847542e-09,0.000000000000000000e+00
3.759999999999807496e+00,5.756669125945408571e-09,-2.906465506721058378e-08,4.500950999736654811e-09,0.000000000000000000e+00
3.761999999999807276e+00,5.699120922230040494e-09,-2.877410185768422365e-08,4.455955944544352126e-09,0.000000000000000000e+00
3.763999999999807056e+00,5.642148015735757250e-09,-2.848645324714143337e-08,4.411410695402353951e-09,0.000000000000000000e+00
3.765999999999806835e+00,5.585744655337916455e-09,-2.820168019892050016e-08,4.367310755694699407e-09,0.000000000000000000e+00
3.767999999999806615e+00,5.529905147404650610e-09,-2.791975396663307152e-08,4.323651673757095546e-09,0.000000000000000000e+00
3.769999999999806395e+00,5.474623855222125468e-09,-2.764064609126236595e-08,4.280429042427831075e-09,0.000000000000000000e+00
3.771999999999806175e+00,5.419895198425544824e-09,-2.736432839829036807e-08,4.237638498602289961e-09,0.000000000000000000e+00
3.773999999999805954e+00,5.365713652435837212e-09,-2.709077299485376327e-08,4.195275722793235459e-09,0.000000000000000000e+00
3.775999999999805734e+00,5.312073747901980656e-09,-2.681995226692828774e-08,4.153336438694164619e-09,0.000000000000000000e+00
3.777999999999805514e+00,5.258970070148898496e-09,-2.655183887654124226e-08,4.111816412748009704e-09,0.000000000000000000e+00
3.779999999999805294e+00,5.206397258630874977e-09,-2.628640575901185888e-08,4.070711453719757125e-09,0.000000000000000000e+00
3.781999999999805073e+00,5.154350006390436856e-09,-2.602362612021925901e-08,4.030017412273195667e-09,0.000000000000000000e+00
3.783999999999804853e+00,5.102823059522641458e-09,-2.576347343389772171e-08,3.989730180552217515e-09,0.000000000000000000e+00
3.785999999999804633e+00,5.051811216644723212e-09,-2.550592143895899419e-08,3.949845691766036806e-09,0.000000000000000000e+00
3.787999999999804412e+00,5.001309328371040750e-09,-2.525094413684136979e-08,3.910359919778643349e-09,0.000000000000000000e+00
3.789999999999804192e+00,4.951312296793270001e-09,-2.499851578888526234e-08,3.871268878702597387e-09,0.000000000000000000e+00
3.791999999999803972e+00,4.901815074965800235e-09,-2.474861091373502190e-08,3.832568622496318371e-09,0.000000000000000000e+00
3.793999999999803752e+00,4.852812666396266913e-09,-2.450120428476672730e-08,3.794255244566297107e-09,0.000000000000000000e+00
3.795999999999803531e+00,4.804300124541183266e-09,-2.425627092754167427e-08,3.756324877372113715e-09,0.000000000000000000e+00
3.797999999999803311e+00,4.756272552306612724e-09,-2.401378611728534723e-08,3.718773692036537764e-09,0.000000000000000000e+00
3.799999999999803091e+00,4.708725101553829232e-09,-2.377372537639156402e-08,3.681597897958698922e-09,0.000000000000000000e+00
3.801999999999802871e+00,4.661652972609925771e-09,-2.353606447195159798e-08,3.644793742431492755e-09,0.000000000000000000e+00
3.803999999999802650e+00,4.615051413783309858e-09,-2.330077941330798989e-08,3.608357510263062883e-09,0.000000000000000000e+00
3.805999999999802430e+00,4.568915720884043838e-09,-2.306784644963280462e-08,3.572285523401353625e-09,0.000000000000000000e+00
3.807999999999802210e+00,4.523241236748983663e-09,-2.283724206753010770e-08,3.536574140563003688e-09,0.000000000000000000e+00
3.809999999999801990e+00,4.478023350771659054e-09,-2.260894298866241687e-08,3.501219756865945627e-09,0.000000000000000000e+00
3.811999999999801769e+00,4.433257498436857028e-09,-2.238292616740086396e-08,3.466218803465234617e-09,0.000000000000000000e+00
3.813999999999801549e+00,4.388939160859859132e-09,-2.215916878849885857e-08,3.431567747193006511e-09,0.000000000000000000e+00
3.815999999999801329e+00,4.345063864330281115e-09,-2.193764826478900551e-08,3.397263090201612272e-09,0.000000000000000000e+00
3.817999999999801108e+00,4.301627179860475324e-09,-2.171834223490304432e-08,3.363301369610669929e-09,0.000000000000000000e+00
3.819999999999800888e+00,4.258624722738446205e-09,-2.150122856101458251e-08,3.329679157157610551e-09,0.000000000000000000e+00
3.821999999999800668e+00,4.216052152085237535e-09,-2.128628532660439773e-08,3.296393058851347648e-09,0.000000000000000000e+00
3.823999999999800448e+00,4.173905170416741765e-09,-2.107349083424807037e-08,3.263439714629758223e-09,0.000000000000000000e+00
3.825999999999800227e+00,4.132179523209890110e-09,-2.086282360342575159e-08,3.230815798020816654e-09,0.000000000000000000e+00
3.827999999999800007e+00,4.090870998473182857e-09,-2.065426236835380200e-08,3.198518015806216735e-09,0.000000000000000000e+00
3.829999999999799787e+00,4.049975426321506949e-09,-2.044778607583812231e-08,3.166543107689387700e-09,0.000000000000000000e+00
3.831999999999799567e+00,4.009488678555209418e-09,-2.024337388314894432e-08,3.134887845966368984e-09,0.000000000000000000e+00
3.833999999999799346e+00,3.969406668243375366e-09,-2.004100515591685741e-08,3.103549035199702537e-09,0.000000000000000000e+00
3.835999999999799126e+00,3.929725349311275775e-09,-1.984065946604988163e-08,3.072523511896030909e-09,0.000000000000000000e+00
3.837999999999798906e+00,3.890440716131933016e-09,-1.964231658967135283e-08,3.041808144187030528e-09,0.000000000000000000e+00
3.839999999999798685e+00,3.851548803121775942e-09,-1.944595650507842103e-08,3.011399831512674316e-09,0.000000000000000000e+00
3.841999999999798465e+00,3.813045684340334101e-09,-1.925155939072096362e-08,2.981295504308676531e-09,0.000000000000000000e+00
3.843999999999798245e+00,3.774927473093933022e-09,-1.905910562320070826e-08,2.951492123696690468e-09,0.000000000000000000e+00
3.845999999999798025e+00,3.737190321543352526e-09,-1.886857577529034380e-08,2.921986681177311954e-09,0.000000000000000000e+00
3.847999999999797804e+00,3.699830420315407526e-09,-1.867995061397243710e-08,2.892776198326365096e-09,0.000000000000000000e+00
3.849999999999797584e+00,3.662843998118411611e-09,-1.849321109849796410e-08,2.863857726494523225e-09,0.000000000000000000e+00
3.851999999999797364e+00,3.626227321361483301e-09,-1.830833837846424313e-08,2.835228346509206237e-09,0.000000000000000000e+00
3.853999999999797144e+00,3.589976693777658981e-09,-1.812531379191208203e-08,2.806885168380607219e-09,0.000000000000000000e+00
3.855999999999796923e+00,3.554088456050774895e-09,-1.794411886344194377e-08,2.778825331009095505e-09,0.000000000000000000e+00
3.857999999999796703e+00,3.518558985446076816e-09,-1.776473530234895529e-08,2.751046001897119600e-09,0.000000000000000000e+00
3.859999999999796483e+00,3.483384695444523498e-09,-1.758714500077655433e-08,2.723544376862962977e-09,0.000000000000000000e+00
3.861999999999796263e+00,3.448562035380746271e-09,-1.741133003188858571e-08,2.696317679757676256e-09,0.000000000000000000e+00
3.863999999999796042e+00,3.414087490084626709e-09,-1.723727264805968822e-08,2.669363162184868121e-09,0.000000000000000000e+00
3.865999999999795822e+00,3.379957579526459317e-09,-1.706495527908375710e-08,2.642678103223354963e-09,0.000000000000000000e+00
3.867999999999795602e+00,3.346168858465658674e-09,-1.689436053040031990e-08,2.616259809152404572e-09,0.000000000000000000e+00
3.869999999999795381e+00,3.312717916102981271e-09,-1.672547118133864378e-08,2.590105613179785620e-09,0.000000000000000000e+00
3.871999999999795161e+00,3.279601375736222334e-09,-1.655827018337940557e-08,2.564212875172728821e-09,0.000000000000000000e+00
3.873999999999794941e+00,3.246815894419354962e-09,-1.639274065843372259e-08,2.538578981391164494e-09,0.000000000000000000e+00
3.875999999999794721e+00,3.214358162625076002e-09,-1.622886589713939226e-08,2.513201344224189435e-09,0.000000000000000000e+00
3.877999999999794500e+00,3.182224903910727655e-09,-1.606662935717417485e-08,2.488077401928598433e-09,0.000000000000000000e+00
3.879999999999794280e+00,3.150412874587555926e-09,-1.590601466158592758e-08,2.463204618370380407e-09,0.000000000000000000e+00
3.881999999999794060e+00,3.118918863393276964e-09,-1.574700559713943453e-08,2.438580482768808572e-09,0.000000000000000000e+00
3.883999999999793840e+00,3.087739691167917394e-09,-1.558958611267976365e-08,2.414202509442807015e-09,0.000000000000000000e+00
3.885999999999793619e+00,3.056872210532893463e-09,-1.543374031751198204e-08,2.390068237560228939e-09,0.000000000000000000e+00
3.887999999999793399e+00,3.026313305573299242e-09,-1.527945247979707739e-08,2.366175230889305434e-09,0.000000000000000000e+00
3.889999999999793179e+00,2.996059891523371610e-09,-1.512670702496389693e-08,2.342521077552635348e-09,0.000000000000000000e+00
3.891999999999792959e+00,2.966108914455097700e-09,-1.497548853413698814e-08,2.319103389783980945e-09,0.000000000000000000e+00
3.893999999999792738e+00,2.936457350969937504e-09,-1.482578174258013593e-08,2.295919803687181162e-09,0.000000000000000000e+00
3.895999999999792518e+00,2.907102207893626490e-09,-1.467757153815545925e-08,2.272967978997235369e-09,0.000000000000000000e+00
3.897999999999792298e+00,2.878040521974030508e-09,-1.453084295979792784e-08,2.250245598844404699e-09,0.000000000000000000e+00
3.899999999999792077e+00,2.849269359582020330e-09,-1.438558119600511245e-08,2.227750369520166257e-09,0.000000000000000000e+00
3.901999999999791857e+00,2.820785816415336433e-09,-1.424177158334204101e-08,2.205480020245734892e-09,0.000000000000000000e+00
3.903999999999791637e+00,2.792587017205414277e-09,-1.409939960496099857e-08,2.183432302942834912e-09,0.000000000000000000e+00
3.905999999999791417e+00,2.764670115427141927e-09,-1.395845088913612891e-08,2.161604992006721719e-09,0.000000000000000000e+00
3.907999999999791196e+00,2.737032293011516533e-09,-1.381891120781267722e-08,2.139995884081506324e-09,0.000000000000000000e+00
3.909999999999790976e+00,2.709670760061174851e-09,-1.368076647517074478e-08,2.118602797837915075e-09,0.000000000000000000e+00
3.911999999999790756e+00,2.682582754568768024e-09,-1.354400274620339527e-08,2.097423573752875800e-09,0.000000000000000000e+00
3.913999999999790536e+00,2.655765542138150014e-09,-1.340860621530897540e-08,2.076456073891618587e-09,0.000000000000000000e+00
3.915999999999790315e+00,2.629216415708354877e-09,-1.327456321489751239e-08,2.055698181691814726e-09,0.000000000000000000e+00
3.917999999999790095e+00,2.602932695280332685e-09,-1.314186021401103958e-08,2.035147801750018531e-09,0.000000000000000000e+00
3.919999999999789875e+00,2.576911727646417213e-09,-1.301048381695771779e-08,2.014802859610094390e-09,0.000000000000000000e+00
3.921999999999789654e+00,2.551150886122498089e-09,-1.288042076195960343e-08,1.994661301553814337e-09,0.000000000000000000e+00
3.923999999999789434e+00,2.525647570282870117e-09,-1.275165791981394105e-08,1.974721094393440863e-09,0.000000000000000000e+00
3.925999999999789214e+00,2.500399205697734544e-09,-1.262418229256784138e-08,1.954980225266691998e-09,0.000000000000000000e+00
3.927999999999788994e+00,2.475403243673322066e-09,-1.249798101220619910e-08,1.935436701433426940e-09,0.000000000000000000e+00
3.929999999999788773e+00,2.450657160994616504e-09,-1.237304133935273643e-08,1.916088550074475724e-09,0.000000000000000000e+00
3.931999999999788553e+00,2.426158459670648517e-09,-1.224935066198402345e-08,1.896933818092507075e-09,0.000000000000000000e+00
3.933999999999788333e+00,2.401904666682335798e-09,-1.212689649415636115e-08,1.877970571914907955e-09,0.000000000000000000e+00
3.935999999999788113e+00,2.377893333732844929e-09,-1.200566647474538975e-08,1.859196897298648351e-09,0.000000000000000000e+00
3.937999999999787892e+00,2.354122037000448425e-09,-1.188564836619829670e-08,1.840610899136866596e-09,0.000000000000000000e+00
3.939999999999787672e+00,2.330588376893851325e-09,-1.176683005329849354e-08,1.822210701267784025e-09,0.000000000000000000e+00
3.941999999999787452e+00,2.307289977809965828e-09,-1.164919954194265256e-08,1.803994446285181359e-09,0.000000000000000000e+00
3.943999999999787232e+00,2.284224487894105840e-09,-1.153274495792995756e-08,1.785960295350860314e-09,0.000000000000000000e+00
3.945999999999787011e+00,2.261389578802578696e-09,-1.141745454576346949e-08,1.768106428009222794e-09,0.000000000000000000e+00
3.947999999999786791e+00,2.238782945467651714e-09,-1.130331666746346312e-08,1.750431042003279453e-09,0.000000000000000000e+00
3.949999999999786571e+00,2.216402305864866287e-09,-1.119031980139263696e-08,1.732932353092881721e-09,0.000000000000000000e+00
3.951999999999786350e+00,2.194245400782680083e-09,-1.107845254109306094e-08,1.715608594874568483e-09,0.000000000000000000e+00
3.953999999999786130e+00,2.172309993594410445e-09,-1.096770359413475095e-08,1.698458018603186231e-09,0.000000000000000000e+00
3.955999999999785910e+00,2.150593870032458761e-09,-1.085806178097575931e-08,1.681478893015441517e-09,0.000000000000000000e+00
3.957999999999785690e+00,2.129094837964791367e-09,-1.074951603383365066e-08,1.664669504155094529e-09,0.000000000000000000e+00
3.959999999999785469e+00,2.107810727173654674e-09,-1.064205539556827372e-08,1.648028155200005547e-09,0.000000000000000000e+00
3.961999999999785249e+00,2.086739389136503413e-09,-1.053566901857568851e-08,1.631553166290743125e-09,0.000000000000000000e+00
3.963999999999785029e+00,2.065878696809117187e-09,-1.043034616369315787e-08,1.615242874361151025e-09,0.000000000000000000e+00
3.965999999999784809e+00,2.045226544410887131e-09,-1.032607619911508260e-08,1.599095632970344536e-09,0.000000000000000000e+00
3.967999999999784588e+00,2.024780847212247453e-09,-1.022284859931977597e-08,1.583109812136612596e-09,0.000000000000000000e+00
3.969999999999784368e+00,2.004539541324233655e-09,-1.012065294400696345e-08,1.567283798172722832e-09,0.000000000000000000e+00
3.971999999999784148e+00,1.984500583490141792e-09,-1.001947891704591177e-08,1.551615993523238288e-09,0.000000000000000000e+00
3.973999999999783928e+00,1.964661950879273467e-09,-9.919316305434061381e-09,1.536104816603104714e-09,0.000000000000000000e+00
3.975999999999783707e+00,1.945021640882741337e-09,-9.820154998266081567e-09,1.520748701637984854e-09,0.000000000000000000e+00
3.977999999999783487e+00,1.925577670911314853e-09,-9.721984985713223808e-09,1.505546098506392677e-09,0.000000000000000000e+00
3.979999999999783267e+00,1.906328078195289290e-09,-9.624796358012879331e-09,1.490495472582939349e-09,0.000000000000000000e+00
3.981999999999783046e+00,1.887270919586352827e-09,-9.528579304468239805e-09,1.475595304583617364e-09,0.000000000000000000e+00
3.983999999999782826e+00,1.868404271361436797e-09,-9.433324112457960323e-09,1.460844090412408176e-09,0.000000000000000000e+00
3.985999999999782606e+00,1.849726229028525318e-09,-9.339021166455713796e-09,1.446240341009398603e-09,0.000000000000000000e+00
3.987999999999782386e+00,1.831234907134406111e-09,-9.245660947059559030e-09,1.431782582200458946e-09,0.000000000000000000e+00
3.989999999999782165e+00,1.812928439074344097e-09,-9.153234030031001697e-09,1.417469354548509300e-09,0.000000000000000000e+00
3.991999999999781945e+00,1.794804976903656690e-09,-9.061731085343667147e-09,1.403299213206135821e-09,0.000000000000000000e+00
3.993999999999781725e+00,1.776862691151173810e-09,-8.971142876241480833e-09,1.389270727769795178e-09,0.000000000000000000e+00
3.995999999999781505e+00,1.759099770634561333e-09,-8.881460258306263712e-09,1.375382482135316030e-09,0.000000000000000000e+00
3.997999999999781284e+00,1.741514422277492055e-09,-8.792674178534653272e-09,1.361633074355094560e-09,0.000000000000000000e+00
3.999999999999781064e+00,1.724104870928643469e-09,-8.704775674424244314e-09,1.348021116496428218e-09,0.000000000000000000e+00
4.001999999999781288e+00,1.706869359182505634e-09,-8.617755873068876710e-09,1.334545234501569996e-09,0.000000000000000000e+00
4.003999999999781068e+00,1.689806147201979679e-09,-8.531605990262952645e-09,1.321204068048867963e-09,0.000000000000000000e+00
4.005999999999780847e+00,1.672913512542750192e-09,-8.446317329614720513e-09,1.307996270415519459e-09,0.000000000000000000e+00
4.007999999999780627e+00,1.656189749979413303e-09,-8.361881281668419565e-09,1.294920508341648775e-09,0.000000000000000000e+00
4.009999999999780407e+00,1.639633171333342883e-09,-8.278289323035195980e-09,1.281975461895708325e-09,0.000000000000000000e+00
4.011999999999780186e+00,1.623242105302277479e-09,-8.195533015532712604e-09,1.269159824341203308e-09,0.000000000000000000e+00
4.013999999999779966e+00,1.607014897291610835e-09,-8.113604005333356410e-09,1.256472302004845730e-09,0.000000000000000000e+00
4.015999999999779746e+00,1.590949909247368817e-09,-8.032494022120959291e-09,1.243911614145846637e-09,0.000000000000000000e+00
4.017999999999779526e+00,1.575045519490856843e-09,-7.952194878255959413e-09,1.231476492826796529e-09,0.000000000000000000e+00
4.019999999999779305e+00,1.559300122554958976e-09,-7.872698467948892270e-09,1.219165682785551627e-09,0.000000000000000000e+00
4.021999999999779085e+00,1.543712129022074628e-09,-7.793996766442156861e-09,1.206977941308549507e-09,0.000000000000000000e+00
4.023999999999778865e+00,1.528279965363674681e-09,-7.716081829199957713e-09,1.194912038105342343e-09,0.000000000000000000e+00
4.025999999999778645e+00,1.513002073781461924e-09,-7.638945791106345006e-09,1.182966755184559525e-09,0.000000000000000000e+00
4.027999999999778424e+00,1.497876912050119470e-09,-7.562580865671265115e-09,1.171140886730690829e-09,0.000000000000000000e+00
4.029999999999778204e+00,1.482902953361630398e-09,-7.486979344244562010e-09,1.159433238982563665e-09,0.000000000000000000e+00
4.031999999999777984e+00,1.468078686171154773e-09,-7.412133595237825296e-09,1.147842630112826163e-09,0.000000000000000000e+00
4.033999999999777764e+00,1.453402614044446677e-09,-7.338036063354017051e-09,1.136367890108542004e-09,0.000000000000000000e+00
4.035999999999777543e+00,1.438873255506797161e-09,-7.264679268824807998e-09,1.125007860653161670e-09,0.000000000000000000e+00
4.037999999999777323e+00,1.424489143893486001e-09,-7.192055806655530347e-09,1.113761395009605426e-09,0.000000000000000000e+00
4.039999999999777103e+00,1.410248827201730628e-09,-7.120158345877681972e-09,1.102627357904458038e-09,0.000000000000000000e+00
4.041999999999776882e+00,1.396150867944112826e-09,-7.048979628808901688e-09,1.091604625413407562e-09,0.000000000000000000e+00
4.043999999999776662e+00,1.382193843003472233e-09,-6.978512470320344477e-09,1.080692084847729698e-09,0.000000000000000000e+00
4.045999999999776442e+00,1.368376343489249465e-09,-6.908749757111378923e-09,1.069888634642108865e-09,0.000000000000000000e+00
4.047999999999776222e+00,1.354696974595266475e-09,-6.839684446991535709e-09,1.059193184243253363e-09,0.000000000000000000e+00
4.049999999999776001e+00,1.341154355458927175e-09,-6.771309568169632738e-09,1.048604653999953149e-09,0.000000000000000000e+00
4.051999999999775781e+00,1.327747119021827165e-09,-6.703618218550011518e-09,1.038121975054011107e-09,0.000000000000000000e+00
4.053999999999775561e+00,1.314473911891755605e-09,-6.636603565035803763e-09,1.027744089232418403e-09,0.000000000000000000e+00
4.055999999999775341e+00,1.301333394206077238e-09,-6.570258842839163674e-09,1.017469948940443041e-09,0.000000000000000000e+00
4.057999999999775120e+00,1.288324239496480500e-09,-6.504577354798401397e-09,1.007298517055988978e-09,0.000000000000000000e+00
4.059999999999774900e+00,1.275445134555076625e-09,-6.439552470701934094e-09,9.972287668248154985e-10,0.000000000000000000e+00
4.061999999999774680e+00,1.262694779301838577e-09,-6.375177626619003359e-09,9.872596817569742024e-10,0.000000000000000000e+00
4.063999999999774460e+00,1.250071886653364501e-09,-6.311446324237076249e-09,9.773902555240665547e-10,0.000000000000000000e+00
4.065999999999774239e+00,1.237575182392952670e-09,-6.248352130205877824e-09,9.676194918578381609e-10,0.000000000000000000e+00
4.067999999999774019e+00,1.225203405041976767e-09,-6.185888675487974129e-09,9.579464044494480203e-10,0.000000000000000000e+00
4.069999999999773799e+00,1.212955305732545143e-09,-6.124049654715851854e-09,9.483700168500215638e-10,0.000000000000000000e+00
4.071999999999773578e+00,1.200829648081434362e-09,-6.062828825555422704e-09,9.388893623720110209e-10,0.000000000000000000e+00
4.073999999999773358e+00,1.188825208065282535e-09,-6.002220008075892926e-09,9.295034839916807507e-10,0.000000000000000000e+00
4.075999999999773138e+00,1.176940773897030661e-09,-5.942217084125928506e-09,9.202114342523999031e-10,0.000000000000000000e+00
4.077999999999772918e+00,1.165175145903598541e-09,-5.882813996716060614e-09,9.110122751690865138e-10,0.000000000000000000e+00
4.079999999999772697e+00,1.153527136404784087e-09,-5.824004749407264307e-09,9.019050781334986329e-10,0.000000000000000000e+00
4.081999999999772477e+00,1.141995569593372797e-09,-5.765783405705645951e-09,8.928889238205048358e-10,0.000000000000000000e+00
4.083999999999772257e+00,1.130579281416446437e-09,-5.708144088463186433e-09,8.839629020952679405e-10,0.000000000000000000e+00
4.085999999999772037e+00,1.119277119457877488e-09,-5.651080979284472343e-09,8.751261119213551680e-10,0.000000000000000000e+00
4.087999999999771816e+00,1.108087942821998801e-09,-5.594588317939358858e-09,8.663776612698409191e-10,0.000000000000000000e+00
4.089999999999771596e+00,1.097010622018435870e-09,-5.538660401781502301e-09,8.577166670291639398e-10,0.000000000000000000e+00
4.091999999999771376e+00,1.086044038848090520e-09,-5.483291585172710269e-09,8.491422549161226878e-10,0.000000000000000000e+00
4.093999999999771156e+00,1.075187086290264472e-09,-5.428476278913040656e-09,8.406535593874927379e-10,0.000000000000000000e+00
4.095999999999770935e+00,1.064438668390911370e-09,-5.374208949676599957e-09,8.322497235526897447e-10,0.000000000000000000e+00
4.097999999999770715e+00,1.053797700152005306e-09,-5.320484119452984598e-09,8.239298990873323768e-10,0.000000000000000000e+00
4.099999999999770495e+00,1.043263107422016733e-09,-5.267296364994302419e-09,8.156932461475067010e-10,0.000000000000000000e+00
4.101999999999770274e+00,1.032833826787481282e-09,-5.214640317267722219e-09,8.075389332850496527e-10,0.000000000000000000e+00
4.103999999999770054e+00,1.022508805465654263e-09,-5.162510660913500047e-09,7.994661373636530694e-10,0.000000000000000000e+00
4.105999999999769834e+00,1.012287001198237396e-09,-5.110902133708417753e-09,7.914740434756956430e-10,0.000000000000000000e+00
4.107999999999769614e+00,1.002167382146168258e-09,-5.059809526034590752e-09,7.835618448599880800e-10,0.000000000000000000e+00
4.109999999999769393e+00,9.921489267854610804e-10,-5.009227680353581335e-09,7.757287428204182336e-10,0.000000000000000000e+00
4.111999999999769173e+00,9.822306238040895893e-10,-4.959151490685774502e-09,7.679739466452182762e-10,0.000000000000000000e+00
4.113999999999768953e+00,9.724114719998996808e-10,-4.909575902094952623e-09,7.602966735272641927e-10,0.000000000000000000e+00
4.115999999999768733e+00,9.626904801795436670e-10,-4.860495910178025911e-09,7.526961484849179050e-10,0.000000000000000000e+00
4.117999999999768512e+00,9.530666670584238891e-10,-4.811906560559864130e-09,7.451716042839149520e-10,0.000000000000000000e+00
4.119999999999768292e+00,9.435390611616376319e-10,-4.763802948393177403e-09,7.377222813598345053e-10,0.000000000000000000e+00
4.121999999999768072e+00,9.341067007259109332e-10,-4.716180217863397328e-09,7.303474277414825924e-10,0.000000000000000000e+00
4.123999999999767851e+00,9.247686336025139463e-10,-4.669033561698506296e-09,7.230462989749900031e-10,0.000000000000000000e+00
4.125999999999767631e+00,9.155239171611463783e-10,-4.622358220683767845e-09,7.158181580485719416e-10,0.000000000000000000e+00
4.127999999999767411e+00,9.063716181947838028e-10,-4.576149483181309258e-09,7.086622753182405897e-10,0.000000000000000000e+00
4.129999999999767191e+00,8.973108128254748157e-10,-4.530402684654505949e-09,7.015779284341132405e-10,0.000000000000000000e+00
4.131999999999766970e+00,8.883405864110805574e-10,-4.485113207197117172e-09,6.945644022674351160e-10,0.000000000000000000e+00
4.133999999999766750e+00,8.794600334529462601e-10,-4.440276479067136651e-09,6.876209888384889223e-10,0.000000000000000000e+00
4.135999999999766530e+00,8.706682575044957225e-10,-4.395887974225293638e-09,6.807469872450338006e-10,0.000000000000000000e+00
4.137999999999766310e+00,8.619643710807394047e-10,-4.351943211878177064e-09,6.739417035916839550e-10,0.000000000000000000e+00
4.139999999999766089e+00,8.533474955686875632e-10,-4.308437756025918293e-09,6.672044509196843276e-10,0.000000000000000000e+00
4.141999999999765869e+00,8.448167611386588074e-10,-4.265367215014401863e-09,6.605345491377185941e-10,0.000000000000000000e+00
4.143999999999765649e+00,8.363713066564748784e-10,-4.222727241091948786e-09,6.539313249531936164e-10,0.000000000000000000e+00
4.145999999999765429e+00,8.280102795965339956e-10,-4.180513529970435199e-09,6.473941118042385786e-10,0.000000000000000000e+00
4.147999999999765208e+00,8.197328359557524336e-10,-4.138721820390795064e-09,6.409222497925246864e-10,0.000000000000000000e+00
4.149999999999764988e+00,8.115381401683666768e-10,-4.097347893692867226e-09,6.345150856165480875e-10,0.000000000000000000e+00
4.151999999999764768e+00,8.034253650215875702e-10,-4.056387573389544635e-09,6.281719725057068857e-10,0.000000000000000000e+00
4.153999999999764547e+00,7.953936915720972635e-10,-4.015836724745177759e-09,6.218922701550663691e-10,0.000000000000000000e+00
4.155999999999764327e+00,7.874423090633808843e-10,-3.975691254358195791e-09,6.156753446606668684e-10,0.000000000000000000e+00
4.157999999999764107e+00,7.795704148438850815e-10,-3.935947109747897672e-09,6.095205684555595351e-10,0.000000000000000000e+00
4.159999999999763887e+00,7.717772142859943400e-10,-3.896600278945374056e-09,6.034273202464376883e-10,0.000000000000000000e+00
4.161999999999763666e+00,7.640619207058173122e-10,-3.857646790088519680e-09,5.973949849509299077e-10,0.000000000000000000e+00
4.163999999999763446e+00,7.564237552837751011e-10,-3.819082711021096444e-09,5.914229536355283997e-10,0.000000000000000000e+00
4.165999999999763226e+00,7.488619469859835333e-10,-3.780904148895800035e-09,5.855106234541129349e-10,0.000000000000000000e+00
4.167999999999763006e+00,7.413757324864209434e-10,-3.743107249781296201e-09,5.796573975870637370e-10,0.000000000000000000e+00
4.169999999999762785e+00,7.339643560898745422e-10,-3.705688198273188192e-09,5.738626851810493522e-10,0.000000000000000000e+00
4.171999999999762565e+00,7.266270696556567867e-10,-3.668643217108869479e-09,5.681259012893703829e-10,0.000000000000000000e+00
4.173999999999762345e+00,7.193631325220843071e-10,-3.631968566786229468e-09,5.624464668129252621e-10,0.000000000000000000e+00
4.175999999999762125e+00,7.121718114317119463e-10,-3.595660545186168802e-09,5.568238084417451276e-10,0.000000000000000000e+00
4.177999999999761904e+00,7.050523804573141574e-10,-3.559715487198889916e-09,5.512573585971044139e-10,0.000000000000000000e+00
4.179999999999761684e+00,6.980041209286063136e-10,-3.524129764353922721e-09,5.457465553742601018e-10,0.000000000000000000e+00
4.181999999999761464e+00,6.910263213596985907e-10,-3.488899784453848615e-09,5.402908424856872756e-10,0.000000000000000000e+00
4.183999999999761243e+00,6.841182773772751831e-10,-3.454021991211687666e-09,5.348896692049896604e-10,0.000000000000000000e+00
4.185999999999761023e+00,6.772792916494914093e-10,-3.419492863891908014e-09,5.295424903112138233e-10,0.000000000000000000e+00
4.187999999999760803e+00,6.705086738155813654e-10,-3.385308916955026894e-09,5.242487660339177631e-10,0.000000000000000000e+00
4.189999999999760583e+00,6.638057404161698201e-10,-3.351466699705761920e-09,5.190079619986034599e-10,0.000000000000000000e+00
4.191999999999760362e+00,6.571698148242803879e-10,-3.317962795944702017e-09,5.138195491728045512e-10,0.000000000000000000e+00
4.193999999999760142e+00,6.506002271770334688e-10,-3.284793823623458722e-09,5.086830038126636992e-10,0.000000000000000000e+00
4.195999999999759922e+00,6.440963143080269211e-10,-3.251956434503266408e-09,5.035978074101121462e-10,0.000000000000000000e+00
4.197999999999759702e+00,6.376574196803929550e-10,-3.219447313816993807e-09,4.985634466404661676e-10,0.000000000000000000e+00
4.199999999999759481e+00,6.312828933205239049e-10,-3.187263179934536217e-09,4.935794133106654185e-10,0.000000000000000000e+00
4.201999999999759261e+00,6.249720917524607803e-10,-3.155400784031550757e-09,4.886452043079480308e-10,0.000000000000000000e+00
4.203999999999759041e+00,6.187243779329377705e-10,-3.123856909761504073e-09,4.837603215490418712e-10,0.000000000000000000e+00
4.205999999999758820e+00,6.125391211870757766e-10,-3.092628372930999396e-09,4.789242719299315172e-10,0.000000000000000000e+00
4.207999999999758600e+00,6.064156971447190760e-10,-3.061712021178346979e-09,4.741365672760288967e-10,0.000000000000000000e+00
4.209999999999758380e+00,6.003534876774083988e-10,-3.031104733655351023e-09,4.693967242929461156e-10,0.000000000000000000e+00
4.211999999999758160e+00,5.943518808359837991e-10,-3.000803420712275043e-09,4.647042645176984192e-10,0.000000000000000000e+00
4.213999999999757939e+00,5.884102707888118410e-10,-2.970805023585957146e-09,4.600587142703703743e-10,0.000000000000000000e+00
4.215999999999757719e+00,5.825280577606297576e-10,-2.941106514091043770e-09,4.554596046063180648e-10,0.000000000000000000e+00
4.217999999999757499e+00,5.767046479720011035e-10,-2.911704894314310053e-09,4.509064712688742134e-10,0.000000000000000000e+00
4.219999999999757279e+00,5.709394535793770071e-10,-2.882597196312035804e-09,4.463988546424106444e-10,0.000000000000000000e+00
4.221999999999757058e+00,5.652318926157561975e-10,-2.853780481810406067e-09,4.419362997060029345e-10,0.000000000000000000e+00
4.223999999999756838e+00,5.595813889319384308e-10,-2.825251841908908136e-09,4.375183559874590237e-10,0.000000000000000000e+00
4.225999999999756618e+00,5.539873721383650080e-10,-2.797008396786692366e-09,4.331445775178772204e-10,0.000000000000000000e+00
4.227999999999756398e+00,5.484492775475413171e-10,-2.769047295411868647e-09,4.288145227865946370e-10,0.000000000000000000e+00
4.229999999999756177e+00,5.429665461170338524e-10,-2.741365715253710412e-09,4.245277546966584031e-10,0.000000000000000000e+00
4.231999999999755957e+00,5.375386243930384027e-10,-2.713960861997733523e-09,4.202838405206674554e-10,0.000000000000000000e+00
4.233999999999755737e+00,5.321649644545111350e-10,-2.686829969263624366e-09,4.160823518570974018e-10,0.000000000000000000e+00
4.235999999999755516e+00,5.268450238578591626e-10,-2.659970298325988644e-09,4.119228645870886059e-10,0.000000000000000000e+00
4.237999999999755296e+00,5.215782655821833606e-10,-2.633379137837890659e-09,4.078049588315783788e-10,0.000000000000000000e+00
4.239999999999755076e+00,5.163641579750690838e-10,-2.607053803557156200e-09,4.037282189089758021e-10,0.000000000000000000e+00
4.241999999999754856e+00,5.112021746989182752e-10,-2.580991638075412582e-09,3.996922332931409520e-10,0.000000000000000000e+00
4.243999999999754635e+00,5.060917946778186213e-10,-2.555190010549836452e-09,3.956965945718935205e-10,0.000000000000000000e+00
4.245999999999754415e+00,5.010325020449434472e-10,-2.529646316437584143e-09,3.917408994058721599e-10,0.000000000000000000e+00
4.247999999999754195e+00,4.960237860904776985e-10,-2.504357977232875215e-09,3.878247484877908749e-10,0.000000000000000000e+00
4.249999999999753975e+00,4.910651412100643228e-10,-2.479322440206706839e-09,3.839477465021652527e-10,0.000000000000000000e+00
4.251999999999753754e+00,4.861560668537659860e-10,-2.454537178149168009e-09,3.801095020854092706e-10,0.000000000000000000e+00
4.253999999999753534e+00,4.812960674755373640e-10,-2.429999689114330427e-09,3.763096277862960623e-10,0.000000000000000000e+00
4.255999999999753314e+00,4.764846524832020163e-10,-2.405707496167689994e-09,3.725477400268752884e-10,0.000000000000000000e+00
4.257999999999753094e+00,4.717213361889297026e-10,-2.381658147136133271e-09,3.688234590637544666e-10,0.000000000000000000e+00
4.259999999999752873e+00,4.670056377602088712e-10,-2.357849214360402856e-09,3.651364089497376433e-10,0.000000000000000000e+00
4.261999999999752653e+00,4.623370811713087864e-10,-2.334278294450037268e-09,3.614862174958941997e-10,0.000000000000000000e+00
4.263999999999752433e+00,4.577151951552272620e-10,-2.310943008040760941e-09,3.578725162339916166e-10,0.000000000000000000e+00
4.265999999999752212e+00,4.531395131561186779e-10,-2.287840999554300341e-09,3.542949403793120521e-10,0.000000000000000000e+00
4.267999999999751992e+00,4.486095732821974689e-10,-2.264969936960599314e-09,3.507531287937931731e-10,0.000000000000000000e+00
4.269999999999751772e+00,4.441249182591126425e-10,-2.242327511542413002e-09,3.472467239495991215e-10,0.000000000000000000e+00
4.271999999999751552e+00,4.396850953837881534e-10,-2.219911437662254664e-09,3.437753718930223517e-10,0.000000000000000000e+00
4.273999999999751331e+00,4.352896564787247940e-10,-2.197719452531672257e-09,3.403387222087692810e-10,0.000000000000000000e+00
4.275999999999751111e+00,4.309381578467591531e-10,-2.175749315982830782e-09,3.369364279845569593e-10,0.000000000000000000e+00
4.277999999999750891e+00,4.266301602262743709e-10,-2.153998810242379718e-09,3.335681457761266375e-10,0.000000000000000000e+00
4.279999999999750671e+00,4.223652287468592256e-10,-2.132465739707579479e-09,3.302335355725352695e-10,0.000000000000000000e+00
4.281999999999750450e+00,4.181429328854099167e-10,-2.111147930724666647e-09,3.269322607618705299e-10,0.000000000000000000e+00
4.283999999999750230e+00,4.139628464226710298e-10,-2.090043231369435211e-09,3.236639880972834696e-10,0.000000000000000000e+00
4.285999999999750010e+00,4.098245474002110291e-10,-2.069149511230009427e-09,3.204283876632660159e-10,0.000000000000000000e+00
4.287999999999749789e+00,4.057276180778274196e-10,-2.048464661191791749e-09,3.172251328424711048e-10,0.000000000000000000e+00
4.289999999999749569e+00,4.016716448913783195e-10,-2.027986593224556050e-09,3.140539002826320731e-10,0.000000000000000000e+00
4.291999999999749349e+00,3.976562184110349654e-10,-2.007713240171672906e-09,3.109143698639717425e-10,0.000000000000000000e+00
4.293999999999749129e+00,3.936809332999520981e-10,-1.987642555541441287e-09,3.078062246668894365e-10,0.000000000000000000e+00
4.295999999999748908e+00,3.897453882733511118e-10,-1.967772513300503928e-09,3.047291509399722511e-10,0.000000000000000000e+00
4.297999999999748688e+00,3.858491860580124505e-10,-1.948101107669331466e-09,3.016828380683107292e-10,0.000000000000000000e+00
4.299999999999748468e+00,3.819919333521729618e-10,-1.928626352919747242e-09,2.986669785421189366e-10,0.000000000000000000e+00
4.301999999999748248e+00,3.781732407858240189e-10,-1.909346283174479930e-09,2.956812679257582026e-10,0.000000000000000000e+00
4.303999999999748027e+00,3.743927228814065863e-10,-1.890258952208717531e-09,2.927254048269527661e-10,0.000000000000000000e+00
4.305999999999747807e+00,3.706499980148992997e-10,-1.871362433253645360e-09,2.897990908663826163e-10,0.000000000000000000e+00
4.307999999999747587e+00,3.669446883772954240e-10,-1.852654818801949417e-09,2.869020306475575750e-10,0.000000000000000000e+00
4.309999999999747367e+00,3.632764199364649158e-10,-1.834134220415262798e-09,2.840339317270123246e-10,0.000000000000000000e+00
4.311999999999747146e+00,3.596448223993978158e-10,-1.815798768533537583e-09,2.811945045847760604e-10,0.000000000000000000e+00
4.313999999999746926e+00,3.560495291748251463e-10,-1.797646612286321925e-09,2.783834625951399274e-10,0.000000000000000000e+00
4.315999999999746706e+00,3.524901773362132803e-10,-1.779675919305924972e-09,2.756005219977387865e-10,0.000000000000000000e+00
4.317999999999746485e+00,3.489664075851283704e-10,-1.761884875542447698e-09,2.728454018688943691e-10,0.000000000000000000e+00
4.319999999999746265e+00,3.454778642149670644e-10,-1.744271685080664560e-09,2.701178240932694520e-10,0.000000000000000000e+00
4.321999999999746045e+00,3.420241950750495769e-10,-1.726834569958734452e-09,2.674175133357867299e-10,0.000000000000000000e+00
4.323999999999745825e+00,3.386050515350721194e-10,-1.709571769988724853e-09,2.647441970138289293e-10,0.000000000000000000e+00
4.325999999999745604e+00,3.352200884499142426e-10,-1.692481542578929705e-09,2.620976052697367076e-10,0.000000000000000000e+00
4.327999999999745384e+00,3.318689641247982995e-10,-1.675562162557963667e-09,2.594774709435547064e-10,0.000000000000000000e+00
4.329999999999745164e+00,3.285513402807970477e-10,-1.658811922000614744e-09,2.568835295460720806e-10,0.000000000000000000e+00
4.331999999999744944e+00,3.252668820206861859e-10,-1.642229130055438344e-09,2.543155192321177999e-10,0.000000000000000000e+00
4.333999999999744723e+00,3.220152577951380513e-10,-1.625812112774073934e-09,2.517731807741371910e-10,0.000000000000000000e+00
4.335999999999744503e+00,3.187961393692535298e-10,-1.609559212942268792e-09,2.492562575360166347e-10,0.000000000000000000e+00
4.337999999999744283e+00,3.156092017894283547e-10,-1.593468789912590445e-09,2.467644954471795774e-10,0.000000000000000000e+00
4.339999999999744063e+00,3.124541233505507421e-10,-1.577539219438812086e-09,2.442976429769340060e-10,0.000000000000000000e+00
4.341999999999743842e+00,3.093305855635268490e-10,-1.561768893511952758e-09,2.418554511090945471e-10,0.000000000000000000e+00
4.343999999999743622e+00,3.062382731231309511e-10,-1.546156220197957017e-09,2.394376733168361759e-10,0.000000000000000000e+00
4.345999999999743402e+00,3.031768738761769805e-10,-1.530699623476997519e-09,2.370440655378026976e-10,0.000000000000000000e+00
4.347999999999743181e+00,3.001460787900082175e-10,-1.515397543084384203e-09,2.346743861494898520e-10,0.000000000000000000e+00
4.349999999999742961e+00,2.971455819213020867e-10,-1.500248434353062686e-09,2.323283959448368682e-10,0.000000000000000000e+00
4.351999999999742741e+00,2.941750803851866970e-10,-1.485250768057688448e-09,2.300058581080794083e-10,0.000000000000000000e+00
4.353999999999742521e+00,2.912342743246661777e-10,-1.470403030260259624e-09,2.277065381908605911e-10,0.000000000000000000e+00
4.355999999999742300e+00,2.883228668803516072e-10,-1.455703722157292078e-09,2.254302040885438478e-10,0.000000000000000000e+00
4.357999999999742080e+00,2.854405641604945854e-10,-1.441151359928523107e-09,2.231766260168037114e-10,0.000000000000000000e+00
4.359999999999741860e+00,2.825870752113203496e-10,-1.426744474587127642e-09,2.209455764884151280e-10,0.000000000000000000e+00
4.361999999999741640e+00,2.797621119876574859e-10,-1.412481611831430819e-09,2.187368302902942323e-10,0.000000000000000000e+00
4.363999999999741419e+00,2.769653893238612901e-10,-1.398361331898104311e-09,2.165501644607641150e-10,0.000000000000000000e+00
4.365999999999741199e+00,2.741966249050276237e-10,-1.384382209416829243e-09,2.143853582670588196e-10,0.000000000000000000e+00
4.367999999999740979e+00,2.714555392384947843e-10,-1.370542833266412056e-09,2.122421931830093174e-10,0.000000000000000000e+00
4.369999999999740758e+00,2.687418556256300806e-10,-1.356841806432339659e-09,2.101204528670272692e-10,0.000000000000000000e+00
4.371999999999740538e+00,2.660553001338985800e-10,-1.343277745865757548e-09,2.080199231402343689e-10,0.000000000000000000e+00
4.373999999999740318e+00,2.633956015692108742e-10,-1.329849282343858050e-09,2.059403919648596957e-10,0.000000000000000000e+00
4.375999999999740098e+00,2.607624914485475370e-10,-1.316555060331664031e-09,2.038816494228223527e-10,0.000000000000000000e+00
4.377999999999739877e+00,2.581557039728571718e-10,-1.303393737845195225e-09,2.018434876945490265e-10,0.000000000000000000e+00
4.379999999999739657e+00,2.555749760002251540e-10,-1.290363986316001286e-09,1.998257010380066126e-10,0.000000000000000000e+00
4.381999999999739437e+00,2.530200470193110520e-10,-1.277464490457049544e-09,1.978280857679102037e-10,0.000000000000000000e+00
4.383999999999739217e+00,2.504906591230511600e-10,-1.264693948129953623e-09,1.958504402351659970e-10,0.000000000000000000e+00
4.385999999999738996e+00,2.479865569826241255e-10,-1.252051070213529482e-09,1.938925648065425038e-10,0.000000000000000000e+00
4.387999999999738776e+00,2.455074878216767764e-10,-1.239534580473664599e-09,1.919542618444906506e-10,0.000000000000000000e+00
4.389999999999738556e+00,2.430532013908078229e-10,-1.227143215434488936e-09,1.900353356871954924e-10,0.000000000000000000e+00
4.391999999999738336e+00,2.406234499423061747e-10,-1.214875724250833612e-09,1.881355926288429910e-10,0.000000000000000000e+00
4.393999999999738115e+00,2.382179882051422210e-10,-1.202730868581964473e-09,1.862548409000555400e-10,0.000000000000000000e+00
4.395999999999737895e+00,2.358365733602090738e-10,-1.190707422466577314e-09,1.843928906485094681e-10,0.000000000000000000e+00
4.397999999999737675e+00,2.334789650158109837e-10,-1.178804172199044427e-09,1.825495539198337846e-10,0.000000000000000000e+00
4.399999999999737454e+00,2.311449251833971950e-10,-1.167019916206896117e-09,1.807246446385618643e-10,0.000000000000000000e+00
4.401999999999737234e+00,2.288342182535381392e-10,-1.155353464929528942e-09,1.789179785894106961e-10,0.000000000000000000e+00
4.403999999999737014e+00,2.265466109721418986e-10,-1.143803640698124723e-09,1.771293733986428487e-10,0.000000000000000000e+00
4.405999999999736794e+00,2.242818724169083553e-10,-1.132369277616771667e-09,1.753586485156799009e-10,0.000000000000000000e+00
4.407999999999736573e+00,2.220397739740188016e-10,-1.121049221444772694e-09,1.736056251948581453e-10,0.000000000000000000e+00
4.409999999999736353e+00,2.198200893150585321e-10,-1.109842329480130844e-09,1.718701264774125947e-10,0.000000000000000000e+00
4.411999999999736133e+00,2.176225943741701404e-10,-1.098747470444199562e-09,1.701519771735834113e-10,0.000000000000000000e+00
4.413999999999735913e+00,2.154470673254351705e-10,-1.087763524367485655e-09,1.684510038449572550e-10,0.000000000000000000e+00
4.415999999999735692e+00,2.132932885604819756e-10,-1.076889382476593767e-09,1.667670347869409802e-10,0.000000000000000000e+00
4.417999999999735472e+00,2.111610406663173806e-10,-1.066123947082301804e-09,1.650999000114371655e-10,0.000000000000000000e+00
4.419999999999735252e+00,2.090501084033798753e-10,-1.055466131468754720e-09,1.634494312296850788e-10,0.000000000000000000e+00
4.421999999999735032e+00,2.069602786838123448e-10,-1.044914859783766097e-09,1.618154618352703875e-10,0.000000000000000000e+00
4.423999999999734811e+00,2.048913405499519100e-10,-1.034469066930216155e-09,1.601978268873069224e-10,0.000000000000000000e+00
4.425999999999734591e+00,2.028430851530348350e-10,-1.024127698458535848e-09,1.585963630937871865e-10,0.000000000000000000e+00
4.427999999999734371e+00,2.008153057321143038e-10,-1.013889710460265473e-09,1.570109087951049168e-10,0.000000000000000000e+00
4.429999999999734150e+00,1.988077975931889477e-10,-1.003754069462677234e-09,1.554413039477199218e-10,0.000000000000000000e+00
4.431999999999733930e+00,1.968203580885400542e-10,-9.937197523244516368e-10,1.538873901080214421e-10,0.000000000000000000e+00
4.433999999999733710e+00,1.948527865962752613e-10,-9.837857461323967544e-10,1.523490104163271688e-10,0.000000000000000000e+00
4.435999999999733490e+00,1.929048845000768499e-10,-9.739510480991993944e-10,1.508260095810410797e-10,0.000000000000000000e+00
4.437999999999733269e+00,1.909764551691524623e-10,-9.642146654621992865e-10,1.493182338629932571e-10,0.000000000000000000e+00
4.439999999999733049e+00,1.890673039383861021e-10,-9.545756153831742900e-10,1.478255310599021261e-10,0.000000000000000000e+00
4.441999999999732829e+00,1.871772380886878386e-10,-9.450329248491283511e-10,1.463477504910252917e-10,0.000000000000000000e+00
4.443999999999732609e+00,1.853060668275397074e-10,-9.355856305740702160e-10,1.448847429819460329e-10,0.000000000000000000e+00
4.445999999999732388e+00,1.834536012697361547e-10,-9.262327789017751440e-10,1.434363608495103436e-10,0.000000000000000000e+00
4.447999999999732168e+00,1.816196544183171097e-10,-9.169734257095179387e-10,1.420024578869178296e-10,0.000000000000000000e+00
4.449999999999731948e+00,1.798040411456915688e-10,-9.078066363127686094e-10,1.405828893489714233e-10,0.000000000000000000e+00
4.451999999999731727e+00,1.780065781749498788e-10,-8.987314853708407388e-10,1.391775119374611030e-10,0.000000000000000000e+00
4.453999999999731507e+00,1.762270840613629125e-10,-8.897470567934830423e-10,1.377861837866965033e-10,0.000000000000000000e+00
4.455999999999731287e+00,1.744653791740660923e-10,-8.808524436484046086e-10,1.364087644491867649e-10,0.000000000000000000e+00
4.457999999999731067e+00,1.727212856779266350e-10,-8.720467480697250308e-10,1.350451148814692761e-10,0.000000000000000000e+00
4.459999999999730846e+00,1.709946275155919488e-10,-8.633290811673390891e-10,1.336950974300691088e-10,0.000000000000000000e+00
4.461999999999730626e+00,1.692852303897175802e-10,-8.546985629371880241e-10,1.323585758176023849e-10,0.000000000000000000e+00
4.463999999999730406e+00,1.675929217453727207e-10,-8.461543221724273698e-10,1.310354151290202620e-10,0.000000000000000000e+00
4.465999999999730186e+00,1.659175307526217475e-10,-8.376954963754832822e-10,1.297254817979918867e-10,0.000000000000000000e+00
4.467999999999729965e+00,1.642588882892797826e-10,-8.293212316709878506e-10,1.284286435934230045e-10,0.000000000000000000e+00
4.469999999999729745e+00,1.626168269238406152e-10,-8.210306827195846035e-10,1.271447696061052652e-10,0.000000000000000000e+00
4.471999999999729525e+00,1.609911808985754120e-10,-8.128230126325957288e-10,1.258737302354995307e-10,0.000000000000000000e+00
4.473999999999729305e+00,1.593817861128003261e-10,-8.046973928875425321e-10,1.246153971766548410e-10,0.000000000000000000e+00
4.475999999999729084e+00,1.577884801063113011e-10,-7.966530032445103417e-10,1.233696434072613829e-10,0.000000000000000000e+00
4.477999999999728864e+00,1.562111020429845946e-10,-7.886890316633494874e-10,1.221363431748242281e-10,0.000000000000000000e+00
4.479999999999728644e+00,1.546494926945411879e-10,-7.808046742217038732e-10,1.209153719839677646e-10,0.000000000000000000e+00
4.481999999999728423e+00,1.531034944244734770e-10,-7.729991350338591822e-10,1.197066065838691689e-10,0.000000000000000000e+00
4.483999999999728203e+00,1.515729511721326703e-10,-7.652716261704022362e-10,1.185099249558225728e-10,0.000000000000000000e+00
4.485999999999727983e+00,1.500577084369753145e-10,-7.576213675786835471e-10,1.173252063009107636e-10,0.000000000000000000e+00
4.487999999999727763e+00,1.485576132629671666e-10,-7.500475870040749958e-10,1.161523310278257765e-10,0.000000000000000000e+00
4.489999999999727542e+00,1.470725142231431433e-10,-7.425495199120146771e-10,1.149911807407837862e-10,0.000000000000000000e+00
4.491999999999727322e+00,1.456022614043214888e-10,-7.351264094108309483e-10,1.138416382275756556e-10,0.000000000000000000e+00
4.493999999999727102e+00,1.441467063919708160e-10,-7.277775061753381346e-10,1.127035874477448703e-10,0.000000000000000000e+00
4.495999999999726882e+00,1.427057022552284178e-10,-7.205020683711959281e-10,1.115769135208614266e-10,0.000000000000000000e+00
4.497999999999726661e+00,1.412791035320683756e-10,-7.132993615800251405e-10,1.104615027149330308e-10,0.000000000000000000e+00
4.499999999999726441e+00,1.398667662146178372e-10,-7.061686587252717448e-10,1.093572424349205237e-10,0.000000000000000000e+00
4.501999999999726221e+00,1.384685477346202224e-10,-6.991092399988121726e-10,1.082640212113773823e-10,0.000000000000000000e+00
4.503999999999726001e+00,1.370843069490436498e-10,-6.921203927882925290e-10,1.071817286891884824e-10,0.000000000000000000e+00
4.505999999999725780e+00,1.357139041258332680e-10,-6.852014116051938642e-10,1.061102556164395569e-10,0.000000000000000000e+00
4.507999999999725560e+00,1.343572009298060429e-10,-6.783515980136166793e-10,1.050494938333826058e-10,0.000000000000000000e+00
4.509999999999725340e+00,1.330140604086864751e-10,-6.715702605597775309e-10,1.039993362615220759e-10,0.000000000000000000e+00
4.511999999999725119e+00,1.316843469792820594e-10,-6.648567147022100834e-10,1.029596768927969920e-10,0.000000000000000000e+00
4.513999999999724899e+00,1.303679264137967294e-10,-6.582102827426644051e-10,1.019304107788921296e-10,0.000000000000000000e+00
4.515999999999724679e+00,1.290646658262813278e-10,-6.516302937576965468e-10,1.009114340206385224e-10,0.000000000000000000e+00
4.517999999999724459e+00,1.277744336592194519e-10,-6.451160835309424052e-10,9.990264375752150308e-11,0.000000000000000000e+00
4.519999999999724238e+00,1.264970996702473268e-10,-6.386669944860683237e-10,9.890393815730620451e-11,0.000000000000000000e+00
4.521999999999724018e+00,1.252325349190065455e-10,-6.322823756203922263e-10,9.791521640575239576e-11,0.000000000000000000e+00
4.523999999999723798e+00,1.239806117541282005e-10,-6.259615824391680472e-10,9.693637869643354318e-11,0.000000000000000000e+00
4.525999999999723578e+00,1.227412038003471423e-10,-6.197039768905275619e-10,9.596732622067002234e-11,0.000000000000000000e+00
4.527999999999723357e+00,1.215141859457449928e-10,-6.135089273010719687e-10,9.500796115755166549e-11,0.000000000000000000e+00
4.529999999999723137e+00,1.202994343291207777e-10,-6.073758083121078442e-10,9.405818666406287941e-11,0.000000000000000000e+00
4.531999999999722917e+00,1.190968263274877298e-10,-6.013040008165204413e-10,9.311790686530867925e-11,0.000000000000000000e+00
4.533999999999722696e+00,1.179062405436951770e-10,-5.952928918962779189e-10,9.218702684483336671e-11,0.000000000000000000e+00
4.535999999999722476e+00,1.167275567941740688e-10,-5.893418747605603003e-10,9.126545263504012413e-11,0.000000000000000000e+00
4.537999999999722256e+00,1.155606560968050539e-10,-5.834503486845070588e-10,9.035309120770821598e-11,0.000000000000000000e+00
4.539999999999722036e+00,1.144054206589078953e-10,-5.776177189485771278e-10,8.944985046460283452e-11,0.000000000000000000e+00
4.541999999999721815e+00,1.132617338653508656e-10,-5.718433967785149231e-10,8.855563922816931793e-11,0.000000000000000000e+00
4.543999999999721595e+00,1.121294802667790359e-10,-5.661267992859164856e-10,8.767036723234151933e-11,0.000000000000000000e+00
4.545999999999721375e+00,1.110085455679602578e-10,-5.604673494093900567e-10,8.679394511341965900e-11,0.000000000000000000e+00
4.547999999999721155e+00,1.098988166162476481e-10,-5.548644758563044679e-10,8.592628440105901877e-11,0.000000000000000000e+00
4.549999999999720934e+00,1.088001813901574132e-10,-5.493176130451200735e-10,8.506729750932811961e-11,0.000000000000000000e+00
4.551999999999720714e+00,1.077125289880608255e-10,-5.438262010482965381e-10,8.421689772787774140e-11,0.000000000000000000e+00
4.553999999999720494e+00,1.066357496169892898e-10,-5.383896855357704474e-10,8.337499921318438898e-11,0.000000000000000000e+00
4.555999999999720274e+00,1.055697345815512864e-10,-5.330075177189989184e-10,8.254151697987978495e-11,0.000000000000000000e+00
4.557999999999720053e+00,1.045143762729601563e-10,-5.276791542955620728e-10,8.171636689218127854e-11,0.000000000000000000e+00
4.559999999999719833e+00,1.034695681581715140e-10,-5.224040573943193080e-10,8.089946565538842892e-11,0.000000000000000000e+00
4.561999999999719613e+00,1.024352047691292915e-10,-5.171816945211141958e-10,8.009073080748381322e-11,0.000000000000000000e+00
4.563999999999719392e+00,1.014111816921192522e-10,-5.120115385050217011e-10,7.929008071080662653e-11,0.000000000000000000e+00
4.565999999999719172e+00,1.003973955572289908e-10,-5.068930674451330684e-10,7.849743454380899991e-11,0.000000000000000000e+00
4.567999999999718952e+00,9.939374402791324371e-11,-5.018257646578723780e-10,7.771271229289834514e-11,0.000000000000000000e+00
4.569999999999718732e+00,9.840012579066356626e-11,-4.968091186248404307e-10,7.693583474436241765e-11,0.000000000000000000e+00
4.571999999999718511e+00,9.741644054478121409e-11,-4.918426229411790316e-10,7.616672347636717122e-11,0.000000000000000000e+00
4.573999999999718291e+00,9.644258899225231008e-11,-4.869257762644522625e-10,7.540530085105056572e-11,0.000000000000000000e+00
4.575999999999718071e+00,9.547847282772423776e-11,-4.820580822640386413e-10,7.465149000667924051e-11,0.000000000000000000e+00
4.577999999999717851e+00,9.452399472858217521e-11,-4.772390495710288960e-10,7.390521484988790598e-11,0.000000000000000000e+00
4.579999999999717630e+00,9.357905834512492944e-11,-4.724681917286248026e-10,7.316640004800310740e-11,0.000000000000000000e+00
4.581999999999717410e+00,9.264356829083885622e-11,-4.677450271430338150e-10,7.243497102143233616e-11,0.000000000000000000e+00
4.583999999999717190e+00,9.171743013276914180e-11,-4.630690790348546784e-10,7.171085393614330362e-11,0.000000000000000000e+00
4.585999999999716970e+00,9.080055038198724419e-11,-4.584398753909490105e-10,7.099397569620442634e-11,0.000000000000000000e+00
4.587999999999716749e+00,8.989283648415365424e-11,-4.538569489167939411e-10,7.028426393641051094e-11,0.000000000000000000e+00
4.589999999999716529e+00,8.899419681017503276e-11,-4.493198369893111030e-10,6.958164701497461336e-11,0.000000000000000000e+00
4.591999999999716309e+00,8.810454064695470276e-11,-4.448280816101671688e-10,6.888605400629848032e-11,0.000000000000000000e+00
4.593999999999716088e+00,8.722377818823561793e-11,-4.403812293595413822e-10,6.819741469381247394e-11,0.000000000000000000e+00
4.595999999999715868e+00,8.635182052553490252e-11,-4.359788313503549143e-10,6.751565956288663389e-11,0.000000000000000000e+00
4.597999999999715648e+00,8.548857963916898050e-11,-4.316204431829581685e-10,6.684071979381204990e-11,0.000000000000000000e+00
4.599999999999715428e+00,8.463396838936844084e-11,-4.273056249002709147e-10,6.617252725485916203e-11,0.000000000000000000e+00
4.601999999999715207e+00,8.378790050748169550e-11,-4.230339409433707036e-10,6.551101449539561801e-11,0.000000000000000000e+00
4.603999999999714987e+00,8.295029058726664165e-11,-4.188049601075256322e-10,6.485611473907857677e-11,0.000000000000000000e+00
4.605999999999714767e+00,8.212105407626930711e-11,-4.146182554986661355e-10,6.420776187711401365e-11,0.000000000000000000e+00
4.607999999999714547e+00,8.130010726728871643e-11,-4.104734044902925472e-10,6.356589046158385439e-11,0.000000000000000000e+00
4.609999999999714326e+00,8.048736728992708588e-11,-4.063699886808127941e-10,6.293043569883762921e-11,0.000000000000000000e+00
4.611999999999714106e+00,7.968275210222446832e-11,-4.023075938513071232e-10,6.230133344295691880e-11,0.000000000000000000e+00
4.613999999999713886e+00,7.888618048237703388e-11,-3.982858099237146898e-10,6.167852018927191267e-11,0.000000000000000000e+00
4.615999999999713665e+00,7.809757202053815906e-11,-3.943042309194382865e-10,6.106193306795985840e-11,0.000000000000000000e+00
4.617999999999713445e+00,7.731684711070143270e-11,-3.903624549183628685e-10,6.045150983769148734e-11,0.000000000000000000e+00
4.619999999999713225e+00,7.654392694266486770e-11,-3.864600840182837410e-10,5.984718887935023223e-11,0.000000000000000000e+00
4.621999999999713005e+00,7.577873349407538809e-11,-3.825967242947404770e-10,5.924890918981679209e-11,0.000000000000000000e+00
4.623999999999712784e+00,7.502118952255288054e-11,-3.787719857612520719e-10,5.865661037580250073e-11,0.000000000000000000e+00
4.625999999999712564e+00,7.427121855789298308e-11,-3.749854823299499694e-10,5.807023264776127743e-11,0.000000000000000000e+00
4.627999999999712344e+00,7.352874489434777105e-11,-3.712368317726043102e-10,5.748971681384707261e-11,0.000000000000000000e+00
4.629999999999712124e+00,7.279369358298369386e-11,-3.675256556820400922e-10,5.691500427394575969e-11,0.000000000000000000e+00
4.631999999999711903e+00,7.206599042411581927e-11,-3.638515794339387453e-10,5.634603701375417624e-11,0.000000000000000000e+00
4.633999999999711683e+00,7.134556195981777750e-11,-3.602142321490217600e-10,5.578275759892616681e-11,0.000000000000000000e+00
4.635999999999711463e+00,7.063233546650655241e-11,-3.566132466556123900e-10,5.522510916927404685e-11,0.000000000000000000e+00
4.637999999999711243e+00,6.992623894760140859e-11,-3.530482594525714461e-10,5.467303543303045077e-11,0.000000000000000000e+00
4.639999999999711022e+00,6.922720112625620498e-11,-3.495189106726038233e-10,5.412648066116477397e-11,0.000000000000000000e+00
4.641999999999710802e+00,6.853515143816434525e-11,-3.460248440459315194e-10,5.358538968175669029e-11,0.000000000000000000e+00
4.643999999999710582e+00,6.785002002443567998e-11,-3.425657068643302524e-10,5.304970787443005370e-11,0.000000000000000000e+00
4.645999999999710361e+00,6.717173772454462394e-11,-3.391411499455252286e-10,5.251938116483394925e-11,0.000000000000000000e+00
4.647999999999710141e+00,6.650023606934873875e-11,-3.357508275979430119e-10,5.199435601918909126e-11,0.000000000000000000e+00
4.649999999999709921e+00,6.583544727417710896e-11,-3.323943975858156693e-10,5.147457943888219805e-11,0.000000000000000000e+00
4.651999999999709701e+00,6.517730423198783944e-11,-3.290715210946339339e-10,5.095999895511578771e-11,0.000000000000000000e+00
4.653999999999709480e+00,6.452574050659395017e-11,-3.257818626969454588e-10,5.045056262361091349e-11,0.000000000000000000e+00
4.655999999999709260e+00,6.388069032595695779e-11,-3.225250903184952636e-10,4.994621901936780178e-11,0.000000000000000000e+00
4.657999999999709040e+00,6.324208857554754910e-11,-3.193008752047043956e-10,4.944691723146619476e-11,0.000000000000000000e+00
4.659999999999708820e+00,6.260987079177258428e-11,-3.161088918874839604e-10,4.895260685793683065e-11,0.000000000000000000e+00
4.661999999999708599e+00,6.198397315546782206e-11,-3.129488181523806455e-10,4.846323800066435675e-11,0.000000000000000000e+00
4.663999999999708379e+00,6.136433248545572079e-11,-3.098203350060508929e-10,4.797876126035641693e-11,0.000000000000000000e+00
4.665999999999708159e+00,6.075088623216760451e-11,-3.067231266440601537e-10,4.749912773155409821e-11,0.000000000000000000e+00
4.667999999999707939e+00,6.014357247132959947e-11,-3.036568804190040710e-10,4.702428899769697123e-11,0.000000000000000000e+00
4.669999999999707718e+00,5.954232989771170777e-11,-3.006212868089481275e-10,4.655419712623362562e-11,0.000000000000000000e+00
4.671999999999707498e+00,5.894709781893934608e-11,-2.976160393861832761e-10,4.608880466378431779e-11,0.000000000000000000e+00
4.673999999999707278e+00,5.835781614936675490e-11,-2.946408347862933138e-10,4.562806463135242237e-11,0.000000000000000000e+00
4.675999999999707057e+00,5.777442540401169026e-11,-2.916953726775320871e-10,4.517193051957806985e-11,0.000000000000000000e+00
4.677999999999706837e+00,5.719686669255068053e-11,-2.887793557305062883e-10,4.472035628404637814e-11,0.000000000000000000e+00
4.679999999999706617e+00,5.662508171337435723e-11,-2.858924895881617241e-10,4.427329634063869754e-11,0.000000000000000000e+00
4.681999999999706397e+00,5.605901274770222012e-11,-2.830344828360693853e-10,4.383070556093265935e-11,0.000000000000000000e+00
4.683999999999706176e+00,5.549860265375620306e-11,-2.802050469730087328e-10,4.339253926764358352e-11,0.000000000000000000e+00
4.685999999999705956e+00,5.494379486099251106e-11,-2.774038963818447880e-10,4.295875323011551708e-11,0.000000000000000000e+00
4.687999999999705736e+00,5.439453336439112066e-11,-2.746307483006968042e-10,4.252930365985942202e-11,0.000000000000000000e+00
4.689999999999705516e+00,5.385076271880233008e-11,-2.718853227943946418e-10,4.210414720612775890e-11,0.000000000000000000e+00
4.691999999999705295e+00,5.331242803334988718e-11,-2.691673427262209343e-10,4.168324095154366458e-11,0.000000000000000000e+00
4.693999999999705075e+00,5.277947496589001669e-11,-2.664765337299354267e-10,4.126654240776569856e-11,0.000000000000000000e+00
4.695999999999704855e+00,5.225184971752585568e-11,-2.638126241820791070e-10,4.085400951119725722e-11,0.000000000000000000e+00
4.697999999999704634e+00,5.172949902717674789e-11,-2.611753451745552889e-10,4.044560061874479155e-11,0.000000000000000000e+00
4.699999999999704414e+00,5.121237016620177653e-11,-2.585644304874846461e-10,4.004127450361242098e-11,0.000000000000000000e+00
4.701999999999704194e+00,5.070041093307711553e-11,-2.559796165623316645e-10,3.964099035113707900e-11,0.000000000000000000e+00
4.703999999999703974e+00,5.019356964812651422e-11,-2.534206424752997745e-10,3.924470775467494392e-11,0.000000000000000000e+00
4.705999999999703753e+00,4.969179514830452773e-11,-2.508872499109923689e-10,3.885238671151599387e-11,0.000000000000000000e+00
4.707999999999703533e+00,4.919503678203185322e-11,-2.483791831363372782e-10,3.846398761884819257e-11,0.000000000000000000e+00
4.709999999999703313e+00,4.870324440408230687e-11,-2.458961889747718080e-10,3.807947126976468851e-11,0.000000000000000000e+00
4.711999999999703093e+00,4.821636837052093727e-11,-2.434380167806857016e-10,3.769879884929665678e-11,0.000000000000000000e+00
4.713999999999702872e+00,4.773435953369270041e-11,-2.410044184141199595e-10,3.732193193050321624e-11,0.000000000000000000e+00
4.715999999999702652e+00,4.725716923726126290e-11,-2.385951482157182082e-10,3.694883247059029814e-11,0.000000000000000000e+00
4.717999999999702432e+00,4.678474931129740395e-11,-2.362099629819287555e-10,3.657946280706756497e-11,0.000000000000000000e+00
4.719999999999702212e+00,4.631705206741649217e-11,-2.338486219404543357e-10,3.621378565394999708e-11,0.000000000000000000e+00
4.721999999999701991e+00,4.585403029396459826e-11,-2.315108867259473974e-10,3.585176409799049864e-11,0.000000000000000000e+00
4.723999999999701771e+00,4.539563725125270026e-11,-2.291965213559484021e-10,3.549336159495841196e-11,0.000000000000000000e+00
4.725999999999701551e+00,4.494182666683856822e-11,-2.269052922070645470e-10,3.513854196594739694e-11,0.000000000000000000e+00
4.727999999999701330e+00,4.449255273085579799e-11,-2.246369679913866396e-10,3.478726939372260137e-11,0.000000000000000000e+00
4.729999999999701110e+00,4.404777009138951621e-11,-2.223913197331418215e-10,3.443950841910794972e-11,0.000000000000000000e+00
4.731999999999700890e+00,4.360743384989835565e-11,-2.201681207455796081e-10,3.409522393740527817e-11,0.000000000000000000e+00
4.733999999999700670e+00,4.317149955668217755e-11,-2.179671466080890238e-10,3.375438119485027935e-11,0.000000000000000000e+00
4.735999999999700449e+00,4.273992320639508855e-11,-2.157881751435444243e-10,3.341694578510360212e-11,0.000000000000000000e+00
4.737999999999700229e+00,4.231266123360333214e-11,-2.136309863958779690e-10,3.308288364578082895e-11,0.000000000000000000e+00
4.739999999999700009e+00,4.188967050838758299e-11,-2.114953626078760760e-10,3.275216105501057735e-11,0.000000000000000000e+00
4.741999999999699789e+00,4.147090833198918512e-11,-2.093810881991979771e-10,3.242474462803271966e-11,0.000000000000000000e+00
4.743999999999699568e+00,4.105633243249995937e-11,-2.072879497446139392e-10,3.210060131382638119e-11,0.000000000000000000e+00
4.745999999999699348e+00,4.064590096059503704e-11,-2.052157359524611651e-10,3.177969839177557528e-11,0.000000000000000000e+00
4.747999999999699128e+00,4.023957248530840979e-11,-2.031642376433149150e-10,3.146200346836585742e-11,0.000000000000000000e+00
4.749999999999698908e+00,3.983730598985066567e-11,-2.011332477288728864e-10,3.114748447391282601e-11,0.000000000000000000e+00
4.751999999999698687e+00,3.943906086746856240e-11,-1.991225611910507313e-10,3.083610965932660536e-11,0.000000000000000000e+00
4.753999999999698467e+00,3.904479691734599201e-11,-1.971319750612865659e-10,3.052784759290569360e-11,0.000000000000000000e+00
4.755999999999698247e+00,3.865447434054588446e-11,-1.951612884000522758e-10,3.022266715716555230e-11,0.000000000000000000e+00
4.757999999999698026e+00,3.826805373599274650e-11,-1.932103022765697029e-10,2.992053754569573363e-11,0.000000000000000000e+00
4.759999999999697806e+00,3.788549609649528648e-11,-1.912788197487296215e-10,2.962142826005092211e-11,0.000000000000000000e+00
4.761999999999697586e+00,3.750676280480886661e-11,-1.893666458432114082e-10,2.932530910667299551e-11,0.000000000000000000e+00
4.763999999999697366e+00,3.713181562973726569e-11,-1.874735875358014945e-10,2.903215019384245071e-11,0.000000000000000000e+00
4.765999999999697145e+00,3.676061672227344857e-11,-1.855994537319085330e-10,2.874192192866043524e-11,0.000000000000000000e+00
4.767999999999696925e+00,3.639312861177890293e-11,-1.837440552472734158e-10,2.845459501406221166e-11,0.000000000000000000e+00
4.769999999999696705e+00,3.602931420220116203e-11,-1.819072047888720270e-10,2.817014044585957331e-11,0.000000000000000000e+00
4.771999999999696485e+00,3.566913676832914518e-11,-1.800887169360090214e-10,2.788852950981262492e-11,0.000000000000000000e+00
4.773999999999696264e+00,3.531255995208594100e-11,-1.782884081216005366e-10,2.760973377873340971e-11,0.000000000000000000e+00
4.775999999999696044e+00,3.495954775885865232e-11,-1.765060966136440035e-10,2.733372510961187032e-11,0.000000000000000000e+00
4.777999999999695824e+00,3.461006455386490837e-11,-1.747416024968732443e-10,2.706047564077903294e-11,0.000000000000000000e+00
4.779999999999695603e+00,3.426407505855571478e-11,-1.729947476545969731e-10,2.678995778909459320e-11,0.000000000000000000e+00
4.781999999999695383e+00,3.392154434705427954e-11,-1.712653557507187840e-10,2.652214424715807676e-11,0.000000000000000000e+00
4.783999999999695163e+00,3.358243784263040761e-11,-1.695532522119369226e-10,2.625700798055805015e-11,0.000000000000000000e+00
4.785999999999694943e+00,3.324672131421016065e-11,-1.678582642101220303e-10,2.599452222513952964e-11,0.000000000000000000e+00
4.787999999999694722e+00,3.291436087292041989e-11,-1.661802206448709483e-10,2.573466048430158217e-11,0.000000000000000000e+00
4.789999999999694502e+00,3.258532296866795143e-11,-1.645189521262351352e-10,2.547739652632594556e-11,0.000000000000000000e+00
4.791999999999694282e+00,3.225957438675270911e-11,-1.628742909576214734e-10,2.522270438172674185e-11,0.000000000000000000e+00
4.793999999999694062e+00,3.193708224451498066e-11,-1.612460711188642763e-10,2.497055834062996907e-11,0.000000000000000000e+00
4.795999999999693841e+00,3.161781398801604764e-11,-1.596341282494662996e-10,2.472093295017698136e-11,0.000000000000000000e+00
4.797999999999693621e+00,3.130173738875203598e-11,-1.580382996320074357e-10,2.447380301195609311e-11,0.000000000000000000e+00
4.799999999999693401e+00,3.098882054040059518e-11,-1.564584241757192344e-10,2.422914357946023939e-11,0.000000000000000000e+00
4.801999999999693181e+00,3.067903185560014790e-11,-1.548943424002235653e-10,2.398692995556531582e-11,0.000000000000000000e+00
4.803999999999692960e+00,3.037234006276128310e-11,-1.533458964194338995e-10,2.374713769003953779e-11,0.000000000000000000e+00
4.805999999999692740e+00,3.006871420291004747e-11,-1.518129299256175560e-10,2.350974257707720139e-11,0.000000000000000000e+00
4.807999999999692520e+00,2.976812362656281182e-11,-1.502952881736171532e-10,2.327472065284940172e-11,0.000000000000000000e+00
4.809999999999692299e+00,2.947053799063235062e-11,-1.487928179652299498e-10,2.304204819309114692e-11,0.000000000000000000e+00
4.811999999999692079e+00,2.917592725536486332e-11,-1.473053676337432379e-10,2.281170171070294811e-11,0.000000000000000000e+00
4.813999999999691859e+00,2.888426168130761417e-11,-1.458327870286243671e-10,2.258365795338053323e-11,0.000000000000000000e+00
4.815999999999691639e+00,2.859551182630688704e-11,-1.443749275003637454e-10,2.235789390126896291e-11,0.000000000000000000e+00
4.817999999999691418e+00,2.830964854253594807e-11,-1.429316418854695762e-10,2.213438676463742572e-11,0.000000000000000000e+00
4.819999999999691198e+00,2.802664297355272223e-11,-1.415027844916122892e-10,2.191311398157884892e-11,0.000000000000000000e+00
4.821999999999690978e+00,2.774646655138688648e-11,-1.400882110829177598e-10,2.169405321573308376e-11,0.000000000000000000e+00
4.823999999999690758e+00,2.746909099365607260e-11,-1.386877788654073798e-10,2.147718235403242483e-11,0.000000000000000000e+00
4.825999999999690537e+00,2.719448830071090499e-11,-1.373013464725837372e-10,2.126247950446739509e-11,0.000000000000000000e+00
4.827999999999690317e+00,2.692263075280858271e-11,-1.359287739511604319e-10,2.104992299388024171e-11,0.000000000000000000e+00
4.829999999999690097e+00,2.665349090731471481e-11,-1.345699227469344260e-10,2.083949136577373456e-11,0.000000000000000000e+00
4.831999999999689877e+00,2.638704159593311515e-11,-1.332246556907997376e-10,2.063116337814643454e-11,0.000000000000000000e+00
4.833999999999689656e+00,2.612325592196331412e-11,-1.318928369849009803e-10,2.042491800135070943e-11,0.000000000000000000e+00
4.835999999999689436e+00,2.586210725758546430e-11,-1.305743321889251449e-10,2.022073441596522532e-11,0.000000000000000000e+00
4.837999999999689216e+00,2.560356924117240413e-11,-1.292690082065306678e-10,2.001859201069845735e-11,0.000000000000000000e+00
4.839999999999688995e+00,2.534761577462857912e-11,-1.279767332719118981e-10,1.981847038030419458e-11,0.000000000000000000e+00
4.841999999999688775e+00,2.509422102075558145e-11,-1.266973769364980849e-10,1.962034932352268745e-11,0.000000000000000000e+00
4.843999999999688555e+00,2.484335940064401073e-11,-1.254308100557852826e-10,1.942420884104371548e-11,0.000000000000000000e+00
4.845999999999688335e+00,2.459500559109141032e-11,-1.241769047762998033e-10,1.923002913348413073e-11,0.000000000000000000e+00
4.847999999999688114e+00,2.434913452204602722e-11,-1.229355345226921054e-10,1.903779059939145735e-11,0.000000000000000000e+00
4.849999999999687894e+00,2.410572137407610790e-11,-1.217065739849596709e-10,1.884747383326610275e-11,0.000000000000000000e+00
4.851999999999687674e+00,2.386474157586451365e-11,-1.204898991057975268e-10,1.865905962359928520e-11,0.000000000000000000e+00
4.853999999999687454e+00,2.362617080172836132e-11,-1.192853870680753767e-10,1.847252895093701756e-11,0.000000000000000000e+00
4.855999999999687233e+00,2.338998496916348277e-11,-1.180929162824397920e-10,1.828786298595815321e-11,0.000000000000000000e+00
4.857999999999687013e+00,2.315616023641340243e-11,-1.169123663750404027e-10,1.810504308757435208e-11,0.000000000000000000e+00
4.859999999999686793e+00,2.292467300006264562e-11,-1.157436181753787305e-10,1.792405080104803804e-11,0.000000000000000000e+00
4.861999999999686572e+00,2.269549989265409001e-11,-1.145865537042785913e-10,1.774486785613020853e-11,0.000000000000000000e+00
4.863999999999686352e+00,2.246861778033013736e-11,-1.134410561619766724e-10,1.756747616521582175e-11,0.000000000000000000e+00
4.865999999999686132e+00,2.224400376049747276e-11,-1.123070099163321711e-10,1.739185782151696835e-11,0.000000000000000000e+00
4.867999999999685912e+00,2.202163515951516268e-11,-1.111843004911543715e-10,1.721799509725692928e-11,0.000000000000000000e+00
4.869999999999685691e+00,2.180148953040586881e-11,-1.100728145546467893e-10,1.704587044187912304e-11,0.000000000000000000e+00
4.871999999999685471e+00,2.158354465058993547e-11,-1.089724399079669796e-10,1.687546648027693911e-11,0.000000000000000000e+00
4.873999999999685251e+00,2.136777851964213389e-11,-1.078830654739005603e-10,1.670676601103825395e-11,0.000000000000000000e+00
4.875999999999685031e+00,2.115416935707083737e-11,-1.068045812856485848e-10,1.653975200471041960e-11,0.000000000000000000e+00
4.877999999999684810e+00,2.094269560011938492e-11,-1.057368784757269335e-10,1.637440760208014167e-11,0.000000000000000000e+00
4.879999999999684590e+00,2.073333590158943304e-11,-1.046798492649767020e-10,1.621071611247258913e-11,0.000000000000000000e+00
4.881999999999684370e+00,2.052606912768606295e-11,-1.036333869516844503e-10,1.604866101206622069e-11,0.000000000000000000e+00
4.883999999999684150e+00,2.032087435588443980e-11,-1.025973859008111861e-10,1.588822594222374103e-11,0.000000000000000000e+00
4.885999999999683929e+00,2.011773087281778147e-11,-1.015717415333290633e-10,1.572939470784249593e-11,0.000000000000000000e+00
4.887999999999683709e+00,1.991661817218645275e-11,-1.005563503156646581e-10,1.557215127571830899e-11,0.000000000000000000e+00
4.889999999999683489e+00,1.971751595268795557e-11,-9.955110974924779934e-11,1.541647977292834355e-11,0.000000000000000000e+00
4.891999999999683268e+00,1.952040411596762459e-11,-9.855591836016481968e-11,1.526236448522719946e-11,0.000000000000000000e+00
4.893999999999683048e+00,1.932526276458979545e-11,-9.757067568891531890e-11,1.510978985546141465e-11,0.000000000000000000e+00
4.895999999999682828e+00,1.913207220002925196e-11,-9.659528228027126586e-11,1.495874048200009672e-11,0.000000000000000000e+00
4.897999999999682608e+00,1.894081292068277759e-11,-9.562963967323752030e-11,1.480920111717816901e-11,0.000000000000000000e+00
4.899999999999682387e+00,1.875146561990055286e-11,-9.467365039111268912e-11,1.466115666575884866e-11,0.000000000000000000e+00
4.901999999999682167e+00,1.856401118403725318e-11,-9.372721793164932181e-11,1.451459218340894594e-11,0.000000000000000000e+00
4.903999999999681947e+00,1.837843069052262748e-11,-9.279024675731255338e-11,1.436949287519070718e-11,0.000000000000000000e+00
4.905999999999681727e+00,1.819470540595135397e-11,-9.186264228563603143e-11,1.422584409406813338e-11,0.000000000000000000e+00
4.907999999999681506e+00,1.801281678419200511e-11,-9.094431087967432610e-11,1.408363133942880849e-11,0.000000000000000000e+00
4.909999999999681286e+00,1.783274646451490524e-11,-9.003515983855073722e-11,1.394284025561937610e-11,0.000000000000000000e+00
4.911999999999681066e+00,1.765447626973870639e-11,-8.913509738809961975e-11,1.380345663049735299e-11,0.000000000000000000e+00
4.913999999999680846e+00,1.747798820439550136e-11,-8.824403267160227112e-11,1.366546639399617758e-11,0.000000000000000000e+00
4.915999999999680625e+00,1.730326445291427046e-11,-8.736187574061538524e-11,1.352885561670452721e-11,0.000000000000000000e+00
4.917999999999680405e+00,1.713028737782248747e-11,-8.648853754589119431e-11,1.339361050846011109e-11,0.000000000000000000e+00
4.919999999999680185e+00,1.695903951796571032e-11,-8.562392992838845835e-11,1.325971741695855933e-11,0.000000000000000000e+00
4.921999999999679964e+00,1.678950358674496257e-11,-8.476796561037320376e-11,1.312716282637430605e-11,0.000000000000000000e+00
4.923999999999679744e+00,1.662166247037174423e-11,-8.392055818660851314e-11,1.299593335599677535e-11,0.000000000000000000e+00
4.925999999999679524e+00,1.645549922614047796e-11,-8.308162211563235806e-11,1.286601575887938857e-11,0.000000000000000000e+00
4.927999999999679304e+00,1.629099708071823241e-11,-8.225107271112259603e-11,1.273739692050304721e-11,0.000000000000000000e+00
4.929999999999679083e+00,1.612813942845153515e-11,-8.142882613334834323e-11,1.261006385745078281e-11,0.000000000000000000e+00
4.931999999999678863e+00,1.596690982969012030e-11,-8.061479938070677944e-11,1.248400371609895040e-11,0.000000000000000000e+00
4.933999999999678643e+00,1.580729200912742969e-11,-7.980891028134455811e-11,1.235920377131855498e-11,0.000000000000000000e+00
4.935999999999678423e+00,1.564926985415770292e-11,-7.901107748486294253e-11,1.223565142519084677e-11,0.000000000000000000e+00
4.937999999999678202e+00,1.549282741324949152e-11,-7.822122045410595739e-11,1.211333420573594466e-11,0.000000000000000000e+00
4.939999999999677982e+00,1.533794889433542906e-11,-7.743925945703052169e-11,1.199223976565407407e-11,0.000000000000000000e+00
4.941999999999677762e+00,1.518461866321811193e-11,-7.666511555865792967e-11,1.187235588107797183e-11,0.000000000000000000e+00
4.943999999999677541e+00,1.503282124199190018e-11,-7.589871061310577507e-11,1.175367045034038704e-11,0.000000000000000000e+00
4.945999999999677321e+00,1.488254130748050251e-11,-7.513996725569950443e-11,1.163617149275192171e-11,0.000000000000000000e+00
4.947999999999677101e+00,1.473376368969017769e-11,-7.438880889516284986e-11,1.151984714739127915e-11,0.000000000000000000e+00
4.949999999999676881e+00,1.458647337027840346e-11,-7.364515970588633985e-11,1.140468567190916075e-11,0.000000000000000000e+00
4.951999999999676660e+00,1.444065548103785806e-11,-7.290894462027306101e-11,1.129067544134022790e-11,0.000000000000000000e+00
4.953999999999676440e+00,1.429629530239553656e-11,-7.218008932116102456e-11,1.117780494693346852e-11,0.000000000000000000e+00
4.955999999999676220e+00,1.415337826192689372e-11,-7.145852023432115507e-11,1.106606279498690644e-11,0.000000000000000000e+00
4.957999999999676000e+00,1.401188993288483256e-11,-7.074416452103042358e-11,1.095543770570009504e-11,0.000000000000000000e+00
4.959999999999675779e+00,1.387181603274339471e-11,-7.003695007071907780e-11,1.084591851203364204e-11,0.000000000000000000e+00
4.961999999999675559e+00,1.373314242175601208e-11,-6.933680549369149162e-11,1.073749415858300304e-11,0.000000000000000000e+00
4.963999999999675339e+00,1.359585510152817275e-11,-6.864366011391972871e-11,1.063015370046178773e-11,0.000000000000000000e+00
4.965999999999675119e+00,1.345994021360435419e-11,-6.795744396190914862e-11,1.052388630219809413e-11,0.000000000000000000e+00
4.967999999999674898e+00,1.332538403806908312e-11,-6.727808776763535703e-11,1.041868123663911470e-11,0.000000000000000000e+00
4.969999999999674678e+00,1.319217299216197986e-11,-6.660552295355175078e-11,1.031452788386959766e-11,0.000000000000000000e+00
4.971999999999674458e+00,1.306029362890664676e-11,-6.593968162766693382e-11,1.021141573013920052e-11,0.000000000000000000e+00
4.973999999999674237e+00,1.292973263575326474e-11,-6.528049657669140948e-11,1.010933436680142420e-11,0.000000000000000000e+00
4.975999999999674017e+00,1.280047683323475928e-11,-6.462790125925272199e-11,1.000827348926288680e-11,0.000000000000000000e+00
4.977999999999673797e+00,1.267251317363640317e-11,-6.398182979917842679e-11,9.908222895942523615e-12,0.000000000000000000e+00
4.979999999999673577e+00,1.254582873967871068e-11,-6.334221697884624338e-11,9.809172487242988074e-12,0.000000000000000000e+00
4.981999999999673356e+00,1.242041074321350856e-11,-6.270899823260067998e-11,9.711112264530117611e-12,0.000000000000000000e+00
4.983999999999673136e+00,1.229624652393303824e-11,-6.208210964023543186e-11,9.614032329123773345e-12,0.000000000000000000e+00
4.985999999999672916e+00,1.217332354809195696e-11,-6.146148792054099777e-11,9.517922881299433075e-12,0.000000000000000000e+00
4.987999999999672696e+00,1.205162940724212305e-11,-6.084707042491672597e-11,9.422774219297849290e-12,0.000000000000000000e+00
4.989999999999672475e+00,1.193115181698002953e-11,-6.023879513104678577e-11,9.328576738346287712e-12,0.000000000000000000e+00
4.991999999999672255e+00,1.181187861570675059e-11,-5.963660063663930214e-11,9.235320929688864821e-12,0.000000000000000000e+00
4.993999999999672035e+00,1.169379776340029404e-11,-5.904042615322816209e-11,9.142997379627018344e-12,0.000000000000000000e+00
4.995999999999671815e+00,1.157689734040022100e-11,-5.845021150003665289e-11,9.051596768568766541e-12,0.000000000000000000e+00
4.997999999999671594e+00,1.146116554620441631e-11,-5.786589709790257651e-11,8.961109870087893653e-12,0.000000000000000000e+00
