time,q,dq,tau,qd
0.000000000000000000e+00,8.000000000000000444e-01,0.000000000000000000e+00,-3.200000000000000000e+01,0.000000000000000000e+00
2.000000000000000042e-03,7.997577829345297040e-01,-1.211085327351595770e-01,-3.005257479361863560e+01,0.000000000000000000e+00
4.000000000000000083e-03,7.992921506975469992e-01,-2.328161184913461468e-01,-2.824662813204034251e+01,0.000000000000000000e+00
6.000000000000000125e-03,7.986205235492045418e-01,-3.358135741712387490e-01,-2.657180375522836258e+01,0.000000000000000000e+00
8.000000000000000167e-03,7.977590413009054693e-01,-4.307411241495422427e-01,-2.501850366564354289e+01,0.000000000000000000e+00
1.000000000000000021e-02,7.967226570840225675e-01,-5.181921084414395917e-01,-2.357783254829787012e+01,0.000000000000000000e+00
1.200000000000000025e-02,7.955252242473397351e-01,-5.987164183414034335e-01,-2.224154627643113713e+01,0.000000000000000000e+00
1.400000000000000029e-02,7.941795768879855721e-01,-6.728236796771052131e-01,-2.100200420068573948e+01,0.000000000000000000e+00
1.600000000000000033e-02,7.926976044833500268e-01,-7.409862023177834489e-01,-1.985212494224946767e+01,0.000000000000000000e+00
1.800000000000000211e-02,7.910903210569786292e-01,-8.036417131856961049e-01,-1.878534543130800927e+01,0.000000000000000000e+00
2.000000000000000389e-02,7.893679292795102720e-01,-8.611958887341936153e-01,-1.779558295143331037e+01,0.000000000000000000e+00
2.200000000000000566e-02,7.875398798761737984e-01,-9.140247016682631065e-01,-1.687719996835474490e+01,0.000000000000000000e+00
2.400000000000000744e-02,7.856149266850027679e-01,-9.624765955855166810e-01,-1.602497153803184204e+01,0.000000000000000000e+00
2.600000000000000921e-02,7.836011776846016907e-01,-1.006874500200558797e+00,-1.523405510417512687e+01,0.000000000000000000e+00
2.800000000000001099e-02,7.815061422868475605e-01,-1.047517698877052039e+00,-1.449996250944106890e+01,0.000000000000000000e+00
3.000000000000001277e-02,7.793367751682001021e-01,-1.084683559323715185e+00,-1.381853405754856112e+01,0.000000000000000000e+00
3.200000000000001454e-02,7.770995168931851271e-01,-1.118629137507504145e+00,-1.318591447560733698e+01,0.000000000000000000e+00
3.400000000000001632e-02,7.748003315649963918e-01,-1.149592664094349237e+00,-1.259853063709026699e+01,0.000000000000000000e+00
3.600000000000001810e-02,7.724447417209154843e-01,-1.177794922040463543e+00,-1.205307091618920268e+01,0.000000000000000000e+00
3.800000000000001987e-02,7.700378606742731558e-01,-1.203440523321154254e+00,-1.154646605383245728e+01,0.000000000000000000e+00
4.000000000000002165e-02,7.675844224898824564e-01,-1.226719092195367677e+00,-1.107587142446941542e+01,0.000000000000000000e+00
4.200000000000002343e-02,7.650888097661638909e-01,-1.247806361859287394e+00,-1.063865060089795733e+01,0.000000000000000000e+00
4.400000000000002520e-02,7.625550793844881881e-01,-1.266865190837865640e+00,-1.023236012197367728e+01,0.000000000000000000e+00
4.600000000000002698e-02,7.599869863744959098e-01,-1.284046504996152249e+00,-9.854735375041400403e+00,0.000000000000000000e+00
4.800000000000002875e-02,7.573880060332561781e-01,-1.299490170619869600e+00,-9.503677511412334411e+00,0.000000000000000000e+00
5.000000000000003053e-02,7.547613544260276530e-01,-1.313325803614272314e+00,-9.177241319212747328e+00,0.000000000000000000e+00
5.200000000000003231e-02,7.521100073870286007e-01,-1.325673519499523278e+00,-8.873623983488773348e+00,0.000000000000000000e+00
5.400000000000003408e-02,7.494367181299538272e-01,-1.336644628537397850e+00,-8.591154668599788380e+00,0.000000000000000000e+00
5.600000000000003586e-02,7.467440335699416787e-01,-1.346342280006051828e+00,-8.328284862700837010e+00,0.000000000000000000e+00
5.800000000000003764e-02,7.440343094512517075e-01,-1.354862059344963621e+00,-8.083579428530651256e+00,0.000000000000000000e+00
6.000000000000003941e-02,7.413097243680132342e-01,-1.362292541619246178e+00,-7.855708308812591412e+00,0.000000000000000000e+00
6.200000000000004119e-02,7.385722927590138154e-01,-1.368715804499694322e+00,-7.643438838365444354e+00,0.000000000000000000e+00
6.400000000000004297e-02,7.358238769515723643e-01,-1.374207903720713109e+00,-7.445628618531486609e+00,0.000000000000000000e+00
6.600000000000004474e-02,7.330661983240498447e-01,-1.378839313761268670e+00,-7.261218912781693291e+00,0.000000000000000000e+00
6.800000000000004652e-02,7.303008476514639691e-01,-1.382675336292946477e+00,-7.089228525371414236e+00,0.000000000000000000e+00
7.000000000000004829e-02,7.275292946939581062e-01,-1.385776478752912322e+00,-6.928748127711727989e+00,0.000000000000000000e+00
7.200000000000005007e-02,7.247528970835042106e-01,-1.388198805226959820e+00,-6.778934999708809528e+00,0.000000000000000000e+00
7.400000000000005185e-02,7.219729085601684915e-01,-1.389994261667879094e+00,-6.639008155720674154e+00,0.000000000000000000e+00
7.600000000000005362e-02,7.191904866055162104e-01,-1.391210977326164944e+00,-6.508243827002008430e+00,0.000000000000000000e+00
7.800000000000005540e-02,7.164066995172507779e-01,-1.391893544132736249e+00,-6.385971274566252021e+00,0.000000000000000000e+00
8.000000000000005718e-02,7.136225329659586780e-01,-1.392083275646057716e+00,-6.271568908301421885e+00,0.000000000000000000e+00
8.200000000000005895e-02,7.108388960718424743e-01,-1.391818447058095432e+00,-6.164460689944171179e+00,0.000000000000000000e+00
8.400000000000006073e-02,7.080566270365540316e-01,-1.391134517644230684e+00,-6.064112799154472100e+00,0.000000000000000000e+00
8.600000000000006251e-02,7.052764983626721440e-01,-1.390064336940940226e+00,-5.970030543451841254e+00,0.000000000000000000e+00
8.800000000000006428e-02,7.024992216909897724e-01,-1.388638335841164251e+00,-5.881755494180961108e+00,0.000000000000000000e+00
9.000000000000006606e-02,6.997254522835691937e-01,-1.386884703710262734e+00,-5.798862831978564003e+00,0.000000000000000000e+00
9.200000000000006783e-02,6.969557931784795546e-01,-1.384829552544811548e+00,-5.720958886422195633e+00,0.000000000000000000e+00
9.400000000000006961e-02,6.941907990402360618e-01,-1.382497069121740196e+00,-5.647678855661599329e+00,0.000000000000000000e+00
9.600000000000007139e-02,6.914309797282039982e-01,-1.379909656016033104e+00,-5.578684692871629380e+00,0.000000000000000000e+00
9.800000000000007316e-02,6.886768036036019502e-01,-1.377088062301006666e+00,-5.513663147327971359e+00,0.000000000000000000e+00
1.000000000000000749e-01,6.859287005942306115e-01,-1.374051504685655178e+00,-5.452323948798742492e+00,0.000000000000000000e+00
1.020000000000000767e-01,6.831870650346537621e-01,-1.370817779788399138e+00,-5.394398124771765168e+00,0.000000000000000000e+00
1.040000000000000785e-01,6.804522582982628354e-01,-1.367403368195440727e+00,-5.339636440803460005e+00,0.000000000000000000e+00
1.060000000000000803e-01,6.777246112364537778e-01,-1.363823530904537451e+00,-5.287807954985552783e+00,0.000000000000000000e+00
1.080000000000000820e-01,6.750044264390315796e-01,-1.360092398711084893e+00,-5.238698678183904889e+00,0.000000000000000000e+00
1.100000000000000838e-01,6.722919803289262308e-01,-1.356223055052681259e+00,-5.192110332314147314e+00,0.000000000000000000e+00
1.120000000000000856e-01,6.695875251033449604e-01,-1.352227612790612543e+00,-5.147859199483995951e+00,0.000000000000000000e+00
1.140000000000000874e-01,6.668912905326015439e-01,-1.348117285371715379e+00,-5.105775055356616576e+00,0.000000000000000000e+00
1.160000000000000892e-01,6.642034856270382370e-01,-1.343902452781655876e+00,-5.065700180575035461e+00,0.000000000000000000e+00
1.180000000000000909e-01,6.615243001816970558e-01,-1.339592722670608360e+00,-5.027488444538150247e+00,0.000000000000000000e+00
1.200000000000000927e-01,6.588539062076881336e-01,-1.335196987004466207e+00,-4.991004456236066034e+00,0.000000000000000000e+00
1.220000000000000945e-01,6.561924592585502980e-01,-1.330723474568894060e+00,-4.956122777239706068e+00,0.000000000000000000e+00
1.240000000000000963e-01,6.535400996592910516e-01,-1.326179799629601641e+00,-4.922727192298015808e+00,0.000000000000000000e+00
1.260000000000000842e-01,6.508969536452309246e-01,-1.321573007030037994e+00,-4.890710033328627304e+00,0.000000000000000000e+00
1.280000000000000859e-01,6.482631344172566923e-01,-1.316909613987139016e+00,-4.859971552896045210e+00,0.000000000000000000e+00
1.300000000000000877e-01,6.456387431196032312e-01,-1.312195648826708805e+00,-4.830419343556787481e+00,0.000000000000000000e+00
1.320000000000000895e-01,6.430238697458385833e-01,-1.307436686882346599e+00,-4.801967799715995966e+00,0.000000000000000000e+00
1.340000000000000913e-01,6.404185939783076931e-01,-1.302637883765457305e+00,-4.774537618884991730e+00,0.000000000000000000e+00
1.360000000000000930e-01,6.378229859659102496e-01,-1.297804006198709059e+00,-4.748055339457064150e+00,0.000000000000000000e+00
1.380000000000000948e-01,6.352371070447278001e-01,-1.292939460591229439e+00,-4.722452912329440977e+00,0.000000000000000000e+00
1.400000000000000966e-01,6.326610104056862305e-01,-1.288048319520798346e+00,-4.697667303894675683e+00,0.000000000000000000e+00
1.420000000000000984e-01,6.300947417131338435e-01,-1.283134346276202375e+00,-4.673640128106114844e+00,0.000000000000000000e+00
1.440000000000001001e-01,6.275383396779303791e-01,-1.278201017601719114e+00,-4.650317305489711117e+00,0.000000000000000000e+00
1.460000000000001019e-01,6.249918365883797566e-01,-1.273251544775313215e+00,-4.627648747130177043e+00,0.000000000000000000e+00
1.480000000000001037e-01,6.224552588020947352e-01,-1.268288893142500484e+00,-4.605588061803782551e+00,0.000000000000000000e+00
1.500000000000001055e-01,6.199286272016568677e-01,-1.263315800218919094e+00,-4.584092284563567432e+00,0.000000000000000000e+00
1.520000000000001072e-01,6.174119576167240719e-01,-1.258334792466372143e+00,-4.563121625207010368e+00,0.000000000000000000e+00
1.540000000000001090e-01,6.149052612150451846e-01,-1.253348200839450532e+00,-4.542639235170600642e+00,0.000000000000000000e+00
1.560000000000001108e-01,6.124085448646596763e-01,-1.248358175192730180e+00,-4.522610991502702404e+00,0.000000000000000000e+00
1.580000000000001126e-01,6.099218114693957249e-01,-1.243366697631963946e+00,-4.503005296664404966e+00,0.000000000000000000e+00
1.600000000000001144e-01,6.074450602796225285e-01,-1.238375594886578224e+00,-4.483792892999648672e+00,0.000000000000000000e+00
1.620000000000001161e-01,6.049782871800722939e-01,-1.233386549775131069e+00,-4.464946690800793760e+00,0.000000000000000000e+00
1.640000000000001179e-01,6.025214849564120012e-01,-1.228401111830143888e+00,-4.446441608974179616e+00,0.000000000000000000e+00
1.660000000000001197e-01,6.000746435421242531e-01,-1.223420707143860975e+00,-4.428254427383194525e+00,0.000000000000000000e+00
1.680000000000001215e-01,5.976377502471402758e-01,-1.218446647491985946e+00,-4.410363650013835013e+00,0.000000000000000000e+00
1.700000000000001232e-01,5.952107899695637805e-01,-1.213480138788267659e+00,-4.392749378170268670e+00,0.000000000000000000e+00
1.720000000000001250e-01,5.927937453917259125e-01,-1.208522288918943088e+00,-4.375393192965947975e+00,0.000000000000000000e+00
1.740000000000001268e-01,5.903865971617210384e-01,-1.203574115002452816e+00,-4.358278046429596486e+00,0.000000000000000000e+00
1.760000000000001286e-01,5.879893240614879613e-01,-1.198636550116525257e+00,-4.341388160595116119e+00,0.000000000000000000e+00
1.780000000000001303e-01,5.856019031624246640e-01,-1.193710449531642404e+00,-4.324708933990706328e+00,0.000000000000000000e+00
1.800000000000001321e-01,5.832243099694506272e-01,-1.188796596487043500e+00,-4.308226854985328202e+00,0.000000000000000000e+00
1.820000000000001339e-01,5.808565185543650422e-01,-1.183895707542780062e+00,-4.291929421490120689e+00,0.000000000000000000e+00
1.840000000000001357e-01,5.784985016792872914e-01,-1.179008437538878518e+00,-4.275805066549434486e+00,0.000000000000000000e+00
1.860000000000001374e-01,5.761502309109065578e-01,-1.174135384190394094e+00,-4.259843089389956816e+00,0.000000000000000000e+00
1.880000000000001392e-01,5.738116767262164686e-01,-1.169277092345035296e+00,-4.244033591528094007e+00,0.000000000000000000e+00
1.900000000000001410e-01,5.714828086103602711e-01,-1.164434057928080968e+00,-4.228367417565117137e+00,0.000000000000000000e+00
1.920000000000001428e-01,5.691635951471653021e-01,-1.159606731597504492e+00,-4.212836100326541100e+00,0.000000000000000000e+00
1.940000000000001446e-01,5.668540041029042076e-01,-1.154795522130541041e+00,-4.197431810027509869e+00,0.000000000000000000e+00
1.960000000000001463e-01,5.645540025037814047e-01,-1.150000799561380127e+00,-4.182147307169174155e+00,0.000000000000000000e+00
1.980000000000001481e-01,5.622635567076049723e-01,-1.145222898088220864e+00,-4.166975898892665953e+00,0.000000000000000000e+00
2.000000000000001499e-01,5.599826324700717395e-01,-1.140462118766597310e+00,-4.151911398537311726e+00,0.000000000000000000e+00
2.020000000000001517e-01,5.577111950060624768e-01,-1.135718732004638465e+00,-4.136948088168281856e+00,0.000000000000000000e+00
2.040000000000001534e-01,5.554492090463128973e-01,-1.130992979874781756e+00,-4.122080683856008676e+00,0.000000000000000000e+00
2.060000000000001552e-01,5.531966388898020837e-01,-1.126285078255397032e+00,-4.107304303505731724e+00,0.000000000000000000e+00
2.080000000000001570e-01,5.509534484521725339e-01,-1.121595218814790185e+00,-4.092614437050258402e+00,0.000000000000000000e+00
2.100000000000001588e-01,5.487196013104742587e-01,-1.116923570849143843e+00,-4.078006918832670635e+00,0.000000000000000000e+00
2.120000000000001605e-01,5.464950607445040465e-01,-1.112270282985104553e+00,-4.063477902018487242e+00,0.000000000000000000e+00
2.140000000000001623e-01,5.442797897749901415e-01,-1.107635484756943622e+00,-4.049023834888508588e+00,0.000000000000000000e+00
2.160000000000001641e-01,5.420737511988551471e-01,-1.103019288067488279e+00,-4.034641438874395192e+00,0.000000000000000000e+00
2.180000000000001659e-01,5.398769076217724283e-01,-1.098421788541349864e+00,-4.020327688209299311e+00,0.000000000000000000e+00
2.200000000000001676e-01,5.376892214882157406e-01,-1.093843066778347861e+00,-4.006079791075062957e+00,0.000000000000000000e+00
2.220000000000001694e-01,5.355106551091868283e-01,-1.089283189514451911e+00,-3.991895172136242564e+00,0.000000000000000000e+00
2.240000000000001712e-01,5.333411706877927427e-01,-1.084742210697026588e+00,-3.977771456359285196e+00,0.000000000000000000e+00
2.260000000000001730e-01,5.311807303428314198e-01,-1.080220172480665708e+00,-3.963706454022606351e+00,0.000000000000000000e+00
2.280000000000001747e-01,5.290292961305325115e-01,-1.075717106149445934e+00,-3.949698146830165513e+00,0.000000000000000000e+00
2.300000000000001765e-01,5.268868300645904723e-01,-1.071233032970995591e+00,-3.935744675047690322e+00,0.000000000000000000e+00
2.320000000000001783e-01,5.247532941346156887e-01,-1.066767964987387796e+00,-3.921844325586423707e+00,0.000000000000000000e+00
2.340000000000001801e-01,5.226286503231206693e-01,-1.062321905747491302e+00,-3.907995520964966829e+00,0.000000000000000000e+00
2.360000000000001819e-01,5.205128606211505415e-01,-1.057894850985078294e+00,-3.894196809084768063e+00,0.000000000000000000e+00
2.380000000000001836e-01,5.184058870426572208e-01,-1.053486789246673938e+00,-3.880446853759504933e+00,0.000000000000000000e+00
2.400000000000001854e-01,5.163076916377115078e-01,-1.049097702472833626e+00,-3.866744425943121399e+00,0.000000000000000000e+00
2.420000000000001872e-01,5.142182365046389370e-01,-1.044727566536273411e+00,-3.853088395605183791e+00,0.000000000000000000e+00
2.440000000000001890e-01,5.121374838011588659e-01,-1.040376351740018634e+00,-3.839477724206055598e+00,0.000000000000000000e+00
2.460000000000001907e-01,5.100653957546018580e-01,-1.036044023278511528e+00,-3.825911457727890763e+00,0.000000000000000000e+00
2.480000000000001925e-01,5.080019346712730810e-01,-1.031730541664396705e+00,-3.812388720220575067e+00,0.000000000000000000e+00
2.500000000000001665e-01,5.059470629450261159e-01,-1.027435863123508097e+00,-3.798908707824914188e+00,0.000000000000000000e+00
2.520000000000001683e-01,5.039007430651053498e-01,-1.023159939960395448e+00,-3.785470683237885936e+00,0.000000000000000000e+00
2.540000000000001701e-01,5.018629376233122441e-01,-1.018902720896553760e+00,-3.772073970587630498e+00,0.000000000000000000e+00
2.560000000000001719e-01,4.998336093205454911e-01,-1.014664151383365853e+00,-3.758717950687966436e+00,0.000000000000000000e+00
2.580000000000001736e-01,4.978127209727622460e-01,-1.010444173891615671e+00,-3.745402056644639543e+00,0.000000000000000000e+00
2.600000000000001754e-01,4.958002355164036756e-01,-1.006242728179296053e+00,-3.732125769787408842e+00,0.000000000000000000e+00
2.620000000000001772e-01,4.937961160133250704e-01,-1.002059751539309707e+00,-3.718888615904045736e+00,0.000000000000000000e+00
2.640000000000001790e-01,4.918003256552679892e-01,-9.978951790285409684e-01,-3.705690161754064960e+00,0.000000000000000000e+00
2.660000000000001807e-01,4.898128277679086318e-01,-9.937489436796717035e-01,-3.692530011841599347e+00,0.000000000000000000e+00
2.680000000000001825e-01,4.878335858145146364e-01,-9.896209766970107680e-01,-3.679407805428411393e+00,0.000000000000000000e+00
2.700000000000001843e-01,4.858625633992396109e-01,-9.855112076375149854e-01,-3.666323213769345557e+00,0.000000000000000000e+00
2.720000000000001861e-01,4.838997242700834311e-01,-9.814195645780934285e-01,-3.653275937553843278e+00,0.000000000000000000e+00
2.740000000000001878e-01,4.819450323215430099e-01,-9.773459742702047537e-01,-3.640265704538444780e+00,0.000000000000000000e+00
2.760000000000001896e-01,4.799984515969776266e-01,-9.732903622826856171e-01,-3.627292267356136080e+00,0.000000000000000000e+00
2.780000000000001914e-01,4.780599462907102470e-01,-9.692526531336775886e-01,-3.614355401489568465e+00,0.000000000000000000e+00
2.800000000000001932e-01,4.761294807498853143e-01,-9.652327704124575858e-01,-3.601454903396090756e+00,0.000000000000000000e+00
2.820000000000001950e-01,4.742070194761014990e-01,-9.612306368919160127e-01,-3.588590588773405088e+00,0.000000000000000000e+00
2.840000000000001967e-01,4.722925271268367253e-01,-9.572461746323751575e-01,-3.575762290955465161e+00,0.000000000000000000e+00
2.860000000000001985e-01,4.703859685166819626e-01,-9.532793050773853416e-01,-3.562969859429113484e+00,0.000000000000000000e+00
2.880000000000002003e-01,4.684873086183977686e-01,-9.493299491420942315e-01,-3.550213158462403484e+00,0.000000000000000000e+00
2.900000000000002021e-01,4.665965125638082966e-01,-9.453980272947367647e-01,-3.537492065836543631e+00,0.000000000000000000e+00
2.920000000000002038e-01,4.647135456445448121e-01,-9.414834596317558368e-01,-3.524806471673699093e+00,0.000000000000000000e+00
2.940000000000002056e-01,4.628383733126507638e-01,-9.375861659470249299e-01,-3.512156277353630784e+00,0.000000000000000000e+00
2.960000000000002074e-01,4.609709611810595686e-01,-9.337060657956098852e-01,-3.499541394512624137e+00,0.000000000000000000e+00
2.980000000000002092e-01,4.591112750239546014e-01,-9.298430785524748332e-01,-3.486961744118586282e+00,0.000000000000000000e+00
3.000000000000002109e-01,4.572592807770216039e-01,-9.259971234665071993e-01,-3.474417255616749856e+00,0.000000000000000000e+00
3.020000000000002127e-01,4.554149445376011740e-01,-9.221681197102095107e-01,-3.461907866140693457e+00,0.000000000000000000e+00
3.040000000000002145e-01,4.535782325647504387e-01,-9.183559864253795224e-01,-3.449433519783946522e+00,0.000000000000000000e+00
3.060000000000002163e-01,4.517491112792202945e-01,-9.145606427650784243e-01,-3.436994166927556549e+00,0.000000000000000000e+00
3.080000000000002180e-01,4.499275472633559869e-01,-9.107820079321617968e-01,-3.424589763619650284e+00,0.000000000000000000e+00
3.100000000000002198e-01,4.481135072609267467e-01,-9.070200012146306667e-01,-3.412220271002977867e+00,0.000000000000000000e+00
3.120000000000002216e-01,4.463069581768906446e-01,-9.032745420180394724e-01,-3.399885654786995559e+00,0.000000000000000000e+00
3.140000000000002234e-01,4.445078670771002716e-01,-8.995455498951803186e-01,-3.387585884761126209e+00,0.000000000000000000e+00
3.160000000000002252e-01,4.427162011879537951e-01,-8.958329445732485796e-01,-3.375320934346175861e+00,0.000000000000000000e+00
3.180000000000002269e-01,4.409319278959964450e-01,-8.921366459786764791e-01,-3.363090780181034134e+00,0.000000000000000000e+00
3.200000000000002287e-01,4.391550147474768129e-01,-8.884565742598111715e-01,-3.350895401742093327e+00,0.000000000000000000e+00
3.220000000000002305e-01,4.373854294478616289e-01,-8.847926498075981971e-01,-3.338734780992894002e+00,0.000000000000000000e+00
3.240000000000002323e-01,4.356231398613127914e-01,-8.811447932744207456e-01,-3.326608902061778394e+00,0.000000000000000000e+00
3.260000000000002340e-01,4.338681140101303124e-01,-8.775129255912332837e-01,-3.314517750945480401e+00,0.000000000000000000e+00
3.280000000000002358e-01,4.321203200741640660e-01,-8.738969679831189996e-01,-3.302461315236659090e+00,0.000000000000000000e+00
3.300000000000002376e-01,4.303797263901972814e-01,-8.702968419833888580e-01,-3.290439583873668639e+00,0.000000000000000000e+00
3.320000000000002394e-01,4.286463014513046121e-01,-8.667124694463342882e-01,-3.278452546910836318e+00,0.000000000000000000e+00
3.340000000000002411e-01,4.269200139061871679e-01,-8.631437725587347565e-01,-3.266500195307731502e+00,0.000000000000000000e+00
3.360000000000002429e-01,4.252008325584867299e-01,-8.595906738502149258e-01,-3.254582520736031270e+00,0.000000000000000000e+00
3.380000000000002447e-01,4.234887263660816470e-01,-8.560530962025398871e-01,-3.242699515402627242e+00,0.000000000000000000e+00
3.400000000000002465e-01,4.217836644403658020e-01,-8.525309628579289534e-01,-3.230851171887767492e+00,0.000000000000000000e+00
3.420000000000002482e-01,4.200856160455128663e-01,-8.490241974264635116e-01,-3.219037482997096689e+00,0.000000000000000000e+00
3.440000000000002500e-01,4.183945505977275658e-01,-8.455327238926590994e-01,-3.207258441626557044e+00,0.000000000000000000e+00
3.460000000000002518e-01,4.167104376644850117e-01,-8.420564666212649874e-01,-3.195514040639162445e+00,0.000000000000000000e+00
3.480000000000002536e-01,4.150332469637603161e-01,-8.385953503623525540e-01,-3.183804272752771780e+00,0.000000000000000000e+00
3.500000000000002554e-01,4.133629483632488277e-01,-8.351493002557466294e-01,-3.172129130438005262e+00,0.000000000000000000e+00
3.520000000000002571e-01,4.116995118795791497e-01,-8.317182418348518791e-01,-3.160488605825534592e+00,0.000000000000000000e+00
3.540000000000002589e-01,4.100429076775193304e-01,-8.283021010299209674e-01,-3.148882690622038183e+00,0.000000000000000000e+00
3.560000000000002607e-01,4.083931060691777248e-01,-8.249008041708085770e-01,-3.137311376034173094e+00,0.000000000000000000e+00
3.580000000000002625e-01,4.067500775131991930e-01,-8.215142779892525837e-01,-3.125774652699927714e+00,0.000000000000000000e+00
3.600000000000002642e-01,4.051137926139577461e-01,-8.181424496207190256e-01,-3.114272510626804547e+00,0.000000000000000000e+00
3.620000000000002660e-01,4.034842221207460278e-01,-8.147852466058465026e-01,-3.102804939136298401e+00,0.000000000000000000e+00
3.640000000000002678e-01,4.018613369269629643e-01,-8.114425968915222054e-01,-3.091371926814161952e+00,0.000000000000000000e+00
3.660000000000002696e-01,4.002451080692997487e-01,-8.081144288316184365e-01,-3.079973461466096296e+00,0.000000000000000000e+00
3.680000000000002713e-01,3.986355067269249375e-01,-8.048006711874188257e-01,-3.068609530078296288e+00,0.000000000000000000e+00
3.700000000000002731e-01,3.970325042206694355e-01,-8.015012531277583285e-01,-3.057280118782644607e+00,0.000000000000000000e+00
3.720000000000002749e-01,3.954360720122116479e-01,-7.982161042289018793e-01,-3.045985212826035848e+00,0.000000000000000000e+00
3.740000000000002767e-01,3.938461817032632983e-01,-7.949451544741825693e-01,-3.034724796543610381e+00,0.000000000000000000e+00
3.760000000000002784e-01,3.922628050347564677e-01,-7.916883342534202228e-01,-3.023498853335535586e+00,0.000000000000000000e+00
3.780000000000002802e-01,3.906859138860321878e-01,-7.884455743621389123e-01,-3.012307365647064472e+00,0.000000000000000000e+00
3.800000000000002820e-01,3.891154802740309782e-01,-7.852168060006009531e-01,-3.001150314951624765e+00,0.000000000000000000e+00
3.820000000000002838e-01,3.875514763524856576e-01,-7.820019607726726996e-01,-2.990027681736663112e+00,0.000000000000000000e+00
3.840000000000002855e-01,3.859938744111165998e-01,-7.788009706845379077e-01,-2.978939445492057914e+00,0.000000000000000000e+00
3.860000000000002873e-01,3.844426468748300407e-01,-7.756137681432717645e-01,-2.967885584700853840e+00,0.000000000000000000e+00
3.880000000000002891e-01,3.828977663029194400e-01,-7.724402859552881306e-01,-2.956866076832167067e+00,0.000000000000000000e+00
3.900000000000002909e-01,3.813592053882701172e-01,-7.692804573246725397e-01,-2.945880898336044496e+00,0.000000000000000000e+00
3.920000000000002927e-01,3.798269369565672737e-01,-7.661342158514106160e-01,-2.934930024640120649e+00,0.000000000000000000e+00
3.940000000000002944e-01,3.783009339655082348e-01,-7.630014955295225665e-01,-2.924013430147969217e+00,0.000000000000000000e+00
3.960000000000002962e-01,3.767811695040180209e-01,-7.598822307451130742e-01,-2.913131088238911204e+00,0.000000000000000000e+00
3.980000000000002980e-01,3.752676167914693051e-01,-7.567763562743450301e-01,-2.902282971269251277e+00,0.000000000000000000e+00
4.000000000000002998e-01,3.737602491769065893e-01,-7.536838072813444311e-01,-2.891469050574752231e+00,0.000000000000000000e+00
4.020000000000003015e-01,3.722590401382744885e-01,-7.506045193160445494e-01,-2.880689296474267636e+00,0.000000000000000000e+00
4.040000000000003033e-01,3.707639632816505104e-01,-7.475384283119753670e-01,-2.869943678274415433e+00,0.000000000000000000e+00
4.060000000000003051e-01,3.692749923404824997e-01,-7.444854705840050491e-01,-2.859232164275219645e+00,0.000000000000000000e+00
4.080000000000003069e-01,3.677921011748304103e-01,-7.414455828260387849e-01,-2.848554721776595855e+00,0.000000000000000000e+00
4.100000000000003086e-01,3.663152637706130754e-01,-7.384187021086803249e-01,-2.837911317085637819e+00,0.000000000000000000e+00
4.120000000000003104e-01,3.648444542388593614e-01,-7.354047658768612106e-01,-2.827301915524595088e+00,0.000000000000000000e+00
4.140000000000003122e-01,3.633796468149644854e-01,-7.324037119474418045e-01,-2.816726481439509655e+00,0.000000000000000000e+00
4.160000000000003140e-01,3.619208158579508838e-01,-7.294154785067890057e-01,-2.806184978209412151e+00,0.000000000000000000e+00
4.180000000000003157e-01,3.604679358497342445e-01,-7.264400041083334258e-01,-2.795677368256034967e+00,0.000000000000000000e+00
4.200000000000003175e-01,3.590209813943940342e-01,-7.234772276701101346e-01,-2.785203613053999661e+00,0.000000000000000000e+00
4.220000000000003193e-01,3.575799272174494670e-01,-7.205270884722863034e-01,-2.774763673141396936e+00,0.000000000000000000e+00
4.240000000000003211e-01,3.561447481651401348e-01,-7.175895261546781922e-01,-2.764357508130753871e+00,0.000000000000000000e+00
4.260000000000003229e-01,3.547154192037116349e-01,-7.146644807142606970e-01,-2.753985076720294245e+00,0.000000000000000000e+00
4.280000000000003246e-01,3.532919154187063038e-01,-7.117518925026715682e-01,-2.743646336705506172e+00,0.000000000000000000e+00
4.300000000000003264e-01,3.518742120142588914e-01,-7.088517022237125209e-01,-2.733341244990954877e+00,0.000000000000000000e+00
4.320000000000003282e-01,3.504622843123971765e-01,-7.059638509308501231e-01,-2.723069757602285534e+00,0.000000000000000000e+00
4.340000000000003300e-01,3.490561077523477440e-01,-7.030882800247171271e-01,-2.712831829698435726e+00,0.000000000000000000e+00
4.360000000000003317e-01,3.476556578898465366e-01,-7.002249312506170220e-01,-2.702627415583990000e+00,0.000000000000000000e+00
4.380000000000003335e-01,3.462609103964544577e-01,-6.973737466960330256e-01,-2.692456468721649898e+00,0.000000000000000000e+00
4.400000000000003353e-01,3.448718410588781924e-01,-6.945346687881429615e-01,-2.682318941744840757e+00,0.000000000000000000e+00
4.420000000000003371e-01,3.434884257782955252e-01,-6.917076402913412414e-01,-2.672214786470361148e+00,0.000000000000000000e+00
4.440000000000003388e-01,3.421106405696859865e-01,-6.888926043047696179e-01,-2.662143953911126459e+00,0.000000000000000000e+00
4.460000000000003406e-01,3.407384615611662726e-01,-6.860895042598575966e-01,-2.652106394288928470e+00,0.000000000000000000e+00
4.480000000000003424e-01,3.393718649933305520e-01,-6.832982839178727286e-01,-2.642102057047258867e+00,0.000000000000000000e+00
4.500000000000003442e-01,3.380108272185955998e-01,-6.805188873674834493e-01,-2.632130890864088357e+00,0.000000000000000000e+00
4.520000000000003459e-01,3.366553247005509286e-01,-6.777512590223334632e-01,-2.622192843664700845e+00,0.000000000000000000e+00
4.540000000000003477e-01,3.353053340133136939e-01,-6.749953436186296729e-01,-2.612287862634472546e+00,0.000000000000000000e+00
4.560000000000003495e-01,3.339608318408882059e-01,-6.722510862127433207e-01,-2.602415894231635107e+00,0.000000000000000000e+00
4.580000000000003513e-01,3.326217949765305493e-01,-6.695184321788263393e-01,-2.592576884199999654e+00,0.000000000000000000e+00
4.600000000000003531e-01,3.312882003221176430e-01,-6.667973272064418033e-01,-2.582770777581636423e+00,0.000000000000000000e+00
4.620000000000003548e-01,3.299600248875212416e-01,-6.640877172982101451e-01,-2.572997518729486899e+00,0.000000000000000000e+00
4.640000000000003566e-01,3.286372457899863209e-01,-6.613895487674712470e-01,-2.563257051319911994e+00,0.000000000000000000e+00
4.660000000000003584e-01,3.273198402535144047e-01,-6.587027682359624103e-01,-2.553549318365178067e+00,0.000000000000000000e+00
4.680000000000003602e-01,3.260077856082513881e-01,-6.560273226315133099e-01,-2.543874262225843452e+00,0.000000000000000000e+00
4.700000000000003619e-01,3.247010592898798564e-01,-6.533631591857572696e-01,-2.534231824623077500e+00,0.000000000000000000e+00
4.720000000000003637e-01,3.233996388390161236e-01,-6.507102254318600787e-01,-2.524621946650883686e+00,0.000000000000000000e+00
4.740000000000003655e-01,3.221035019006115996e-01,-6.480684692022656845e-01,-2.515044568788212587e+00,0.000000000000000000e+00
4.760000000000003673e-01,3.208126262233586545e-01,-6.454378386264596479e-01,-2.505499630910991371e+00,0.000000000000000000e+00
4.780000000000003690e-01,3.195269896591011460e-01,-6.428182821287501403e-01,-2.495987072304043153e+00,0.000000000000000000e+00
4.800000000000003708e-01,3.182465701622489984e-01,-6.402097484260669269e-01,-2.486506831672889106e+00,0.000000000000000000e+00
4.820000000000003726e-01,3.169713457891974451e-01,-6.376121865257776689e-01,-2.477058847155454657e+00,0.000000000000000000e+00
4.840000000000003744e-01,3.157012946977503787e-01,-6.350255457235226553e-01,-2.467643056333653107e+00,0.000000000000000000e+00
4.860000000000003761e-01,3.144363951465482532e-01,-6.324497756010674099e-01,-2.458259396244852013e+00,0.000000000000000000e+00
4.880000000000003779e-01,3.131766254944999273e-01,-6.298848260241731722e-01,-2.448907803393225890e+00,0.000000000000000000e+00
4.900000000000003797e-01,3.119219642002189485e-01,-6.273306471404858087e-01,-2.439588213760984559e+00,0.000000000000000000e+00
4.920000000000003815e-01,3.106723898214640567e-01,-6.247871893774421537e-01,-2.430300562819487808e+00,0.000000000000000000e+00
4.940000000000003832e-01,3.094278810145836833e-01,-6.222544034401952251e-01,-2.421044785540223288e+00,0.000000000000000000e+00
4.960000000000003850e-01,3.081884165339645598e-01,-6.197322403095566479e-01,-2.411820816405676027e+00,0.000000000000000000e+00
4.980000000000003868e-01,3.069539752314846548e-01,-6.172206512399575074e-01,-2.402628589420066518e+00,0.000000000000000000e+00
5.000000000000003331e-01,3.057245360559697755e-01,-6.147195877574269662e-01,-2.393468038119959118e+00,0.000000000000000000e+00
5.020000000000003348e-01,3.045000780526546103e-01,-6.122290016575890892e-01,-2.384339095584758539e+00,0.000000000000000000e+00
5.040000000000003366e-01,3.032805803626472674e-01,-6.097488450036766539e-01,-2.375241694447064233e+00,0.000000000000000000e+00
5.060000000000003384e-01,3.020660222223981450e-01,-6.072790701245638356e-01,-2.366175766902903987e+00,0.000000000000000000e+00
5.080000000000003402e-01,3.008563829631725195e-01,-6.048196296128153238e-01,-2.357141244721855600e+00,0.000000000000000000e+00
5.100000000000003419e-01,2.996516420105270195e-01,-6.023704763227536452e-01,-2.348138059257022903e+00,0.000000000000000000e+00
5.120000000000003437e-01,2.984517788837899310e-01,-5.999315633685441407e-01,-2.339166141454890990e+00,0.000000000000000000e+00
5.140000000000003455e-01,2.972567731955453318e-01,-5.975028441222963727e-01,-2.330225421865071311e+00,0.000000000000000000e+00
5.160000000000003473e-01,2.960666046511209459e-01,-5.950842722121836292e-01,-2.321315830649899326e+00,0.000000000000000000e+00
5.180000000000003491e-01,2.948812530480797722e-01,-5.926758015205789709e-01,-2.312437297593927354e+00,0.000000000000000000e+00
5.200000000000003508e-01,2.937006982757153772e-01,-5.902773861822085966e-01,-2.303589752113277100e+00,0.000000000000000000e+00
5.220000000000003526e-01,2.925249203145507404e-01,-5.878889805823216408e-01,-2.294773123264883807e+00,0.000000000000000000e+00
5.240000000000003544e-01,2.913538992358409851e-01,-5.855105393548771797e-01,-2.285987339755603642e+00,0.000000000000000000e+00
5.260000000000003562e-01,2.901876152010794963e-01,-5.831420173807474461e-01,-2.277232329951219825e+00,0.000000000000000000e+00
5.280000000000003579e-01,2.890260484615076453e-01,-5.807833697859375865e-01,-2.268508021885304871e+00,0.000000000000000000e+00
5.300000000000003597e-01,2.878691793576280133e-01,-5.784345519398217395e-01,-2.259814343267972703e+00,0.000000000000000000e+00
5.320000000000003615e-01,2.867169883187212220e-01,-5.760955194533954327e-01,-2.251151221494522403e+00,0.000000000000000000e+00
5.340000000000003633e-01,2.855694558623661505e-01,-5.737662281775437467e-01,-2.242518583653946962e+00,0.000000000000000000e+00
5.360000000000003650e-01,2.844265625939634834e-01,-5.714466342013254652e-01,-2.233916356537331893e+00,0.000000000000000000e+00
5.380000000000003668e-01,2.832882892062629221e-01,-5.691366938502732120e-01,-2.225344466646145491e+00,0.000000000000000000e+00
5.400000000000003686e-01,2.821546164788935052e-01,-5.668363636847089104e-01,-2.216802840200397640e+00,0.000000000000000000e+00
5.420000000000003704e-01,2.810255252778973700e-01,-5.645456004980747844e-01,-2.208291403146697363e+00,0.000000000000000000e+00
5.440000000000003721e-01,2.799009965552667900e-01,-5.622643613152794595e-01,-2.199810081166200249e+00,0.000000000000000000e+00
5.460000000000003739e-01,2.787810113484846530e-01,-5.599926033910599399e-01,-2.191358799682427971e+00,0.000000000000000000e+00
5.480000000000003757e-01,2.776655507800679379e-01,-5.577302842083577961e-01,-2.182937483868993667e+00,0.000000000000000000e+00
5.500000000000003775e-01,2.765545960571145212e-01,-5.554773614767106737e-01,-2.174546058657210068e+00,0.000000000000000000e+00
5.520000000000003793e-01,2.754481284708532041e-01,-5.532337931306584577e-01,-2.166184448743592839e+00,0.000000000000000000e+00
5.540000000000003810e-01,2.743461293961969027e-01,-5.509995373281638686e-01,-2.157852578597253768e+00,0.000000000000000000e+00
5.560000000000003828e-01,2.732485802912987816e-01,-5.487745524490481586e-01,-2.149550372467180281e+00,0.000000000000000000e+00
5.580000000000003846e-01,2.721554626971118829e-01,-5.465587970934400186e-01,-2.141277754389435017e+00,0.000000000000000000e+00
5.600000000000003864e-01,2.710667582369514217e-01,-5.443522300802395852e-01,-2.133034648194223948e+00,0.000000000000000000e+00
5.620000000000003881e-01,2.699824486160602444e-01,-5.421548104455962136e-01,-2.124820977512870357e+00,0.000000000000000000e+00
5.640000000000003899e-01,2.689025156211774514e-01,-5.399664974413997953e-01,-2.116636665784701776e+00,0.000000000000000000e+00
5.660000000000003917e-01,2.678269411201098515e-01,-5.377872505337862874e-01,-2.108481636263812575e+00,0.000000000000000000e+00
5.680000000000003935e-01,2.667557070613065240e-01,-5.356170294016566746e-01,-2.100355812025753721e+00,0.000000000000000000e+00
5.700000000000003952e-01,2.656887954734361013e-01,-5.334557939352090328e-01,-2.092259115974099970e+00,0.000000000000000000e+00
5.720000000000003970e-01,2.646261884649671048e-01,-5.313035042344846914e-01,-2.084191470846928240e+00,0.000000000000000000e+00
5.740000000000003988e-01,2.635678682237512782e-01,-5.291601206079267206e-01,-2.076152799223223155e+00,0.000000000000000000e+00
5.760000000000004006e-01,2.625138170166093632e-01,-5.270256035709520726e-01,-2.068143023529140478e+00,0.000000000000000000e+00
5.780000000000004023e-01,2.614640171889203168e-01,-5.248999138445363810e-01,-2.060162066044229690e+00,0.000000000000000000e+00
5.800000000000004041e-01,2.604184511642126942e-01,-5.227830123538117491e-01,-2.052209848907519785e+00,0.000000000000000000e+00
5.820000000000004059e-01,2.593771014437593614e-01,-5.206748602266765280e-01,-2.044286294123550007e+00,0.000000000000000000e+00
5.840000000000004077e-01,2.583399506061745399e-01,-5.185754187924187519e-01,-2.036391323568281564e+00,0.000000000000000000e+00
5.860000000000004095e-01,2.573069813070138490e-01,-5.164846495803506743e-01,-2.028524858994943614e+00,0.000000000000000000e+00
5.880000000000004112e-01,2.562781762783769568e-01,-5.144025143184567384e-01,-2.020686822039770902e+00,0.000000000000000000e+00
5.900000000000004130e-01,2.552535183285128406e-01,-5.123289749320527608e-01,-2.012877134227668563e+00,0.000000000000000000e+00
5.920000000000004148e-01,2.542329903414279335e-01,-5.102639935424574391e-01,-2.005095716977798759e+00,0.000000000000000000e+00
5.940000000000004166e-01,2.532165752764966027e-01,-5.082075324656760706e-01,-1.997342491609046533e+00,0.000000000000000000e+00
5.960000000000004183e-01,2.522042561680744033e-01,-5.061595542110952639e-01,-1.989617379345451909e+00,0.000000000000000000e+00
5.980000000000004201e-01,2.511960161251139967e-01,-5.041200214801899726e-01,-1.981920301321519418e+00,0.000000000000000000e+00
6.000000000000004219e-01,2.501918383307835114e-01,-5.020888971652417432e-01,-1.974251178587472566e+00,0.000000000000000000e+00
6.020000000000004237e-01,2.491917060420873742e-01,-5.000661443480682866e-01,-1.966609932114401715e+00,0.000000000000000000e+00
6.040000000000004254e-01,2.481956025894898332e-01,-4.980517262987642635e-01,-1.958996482799365779e+00,0.000000000000000000e+00
6.060000000000004272e-01,2.472035113765409242e-01,-4.960456064744535043e-01,-1.951410751470380234e+00,0.000000000000000000e+00
6.080000000000004290e-01,2.462154158795048231e-01,-4.940477485180518880e-01,-1.943852658891362495e+00,0.000000000000000000e+00
6.100000000000004308e-01,2.452312996469907524e-01,-4.920581162570413225e-01,-1.936322125766968938e+00,0.000000000000000000e+00
6.120000000000004325e-01,2.442511462995862470e-01,-4.900766737022544950e-01,-1.928819072747378627e+00,0.000000000000000000e+00
6.140000000000004343e-01,2.432749395294929173e-01,-4.881033850466702240e-01,-1.921343420432992666e+00,0.000000000000000000e+00
6.160000000000004361e-01,2.423026631001644893e-01,-4.861382146642194702e-01,-1.913895089379067826e+00,0.000000000000000000e+00
6.180000000000004379e-01,2.413343008459472860e-01,-4.841811271086016721e-01,-1.906474000100264909e+00,0.000000000000000000e+00
6.200000000000004396e-01,2.403698366717230694e-01,-4.822320871121115182e-01,-1.899080073075138486e+00,0.000000000000000000e+00
6.220000000000004414e-01,2.394092545525541293e-01,-4.802910595844759323e-01,-1.891713228750550257e+00,0.000000000000000000e+00
6.240000000000004432e-01,2.384525385333307324e-01,-4.783580096117011071e-01,-1.884373387546012246e+00,0.000000000000000000e+00
6.260000000000004450e-01,2.374996727284208742e-01,-4.764329024549295855e-01,-1.877060469857961600e+00,0.000000000000000000e+00
6.280000000000004468e-01,2.365506413213222525e-01,-4.745157035493072772e-01,-1.869774396063974109e+00,0.000000000000000000e+00
6.300000000000004485e-01,2.356054285643165436e-01,-4.726063785028604136e-01,-1.862515086526895125e+00,0.000000000000000000e+00
6.320000000000004503e-01,2.346640187781257880e-01,-4.707048930953818267e-01,-1.855282461598922517e+00,0.000000000000000000e+00
6.340000000000004521e-01,2.337263963515711362e-01,-4.688112132773271101e-01,-1.848076441625611466e+00,0.000000000000000000e+00
6.360000000000004539e-01,2.327925457412337029e-01,-4.669253051687203282e-01,-1.840896946949822421e+00,0.000000000000000000e+00
6.380000000000004556e-01,2.318624514711175588e-01,-4.650471350580688279e-01,-1.833743897915601551e+00,0.000000000000000000e+00
6.400000000000004574e-01,2.309360981323149709e-01,-4.631766694012877106e-01,-1.826617214871995465e+00,0.000000000000000000e+00
6.420000000000004592e-01,2.300134703826736959e-01,-4.613138748206331852e-01,-1.819516818176816209e+00,0.000000000000000000e+00
6.440000000000004610e-01,2.290945529464664121e-01,-4.594587181036451917e-01,-1.812442628200332528e+00,0.000000000000000000e+00
6.460000000000004627e-01,2.281793306140622035e-01,-4.576111662020989623e-01,-1.805394565328905188e+00,0.000000000000000000e+00
6.480000000000004645e-01,2.272677882416002659e-01,-4.557711862309655748e-01,-1.798372549968561884e+00,0.000000000000000000e+00
6.500000000000004663e-01,2.263599107506654995e-01,-4.539387454673812772e-01,-1.791376502548518879e+00,0.000000000000000000e+00
6.520000000000004681e-01,2.254556831279662388e-01,-4.521138113496255273e-01,-1.784406343524641336e+00,0.000000000000000000e+00
6.540000000000004698e-01,2.245550904250140367e-01,-4.502963514761076924e-01,-1.777461993382837946e+00,0.000000000000000000e+00
6.560000000000004716e-01,2.236581177578053081e-01,-4.484863336043622417e-01,-1.770543372642415569e+00,0.000000000000000000e+00
6.580000000000004734e-01,2.227647503065051937e-01,-4.466837256500524878e-01,-1.763650401859368166e+00,0.000000000000000000e+00
6.600000000000004752e-01,2.218749733151332282e-01,-4.448884956859825435e-01,-1.756783001629608876e+00,0.000000000000000000e+00
6.620000000000004770e-01,2.209887720912509790e-01,-4.431006119411177169e-01,-1.749941092592155911e+00,0.000000000000000000e+00
6.640000000000004787e-01,2.201061320056517390e-01,-4.413200427996131769e-01,-1.743124595432258950e+00,0.000000000000000000e+00
6.660000000000004805e-01,2.192270384920520510e-01,-4.395467567998503355e-01,-1.736333430884476670e+00,0.000000000000000000e+00
6.680000000000004823e-01,2.183514770467850918e-01,-4.377807226334817225e-01,-1.729567519735696557e+00,0.000000000000000000e+00
6.700000000000004841e-01,2.174794332284961385e-01,-4.360219091444834660e-01,-1.722826782828109415e+00,0.000000000000000000e+00
6.720000000000004858e-01,2.166108926578396987e-01,-4.342702853282158215e-01,-1.716111141062135026e+00,0.000000000000000000e+00
6.740000000000004876e-01,2.157458410171787244e-01,-4.325258203304914728e-01,-1.709420515399285634e+00,0.000000000000000000e+00
6.760000000000004894e-01,2.148842640502854340e-01,-4.307884834466513269e-01,-1.702754826864996573e+00,0.000000000000000000e+00
6.780000000000004912e-01,2.140261475620441334e-01,-4.290582441206481912e-01,-1.696113996551394720e+00,0.000000000000000000e+00
6.800000000000004929e-01,2.131714774181558691e-01,-4.273350719441378343e-01,-1.689497945620028752e+00,0.000000000000000000e+00
6.820000000000004947e-01,2.123202395448447188e-01,-4.256189366555775955e-01,-1.682906595304547892e+00,0.000000000000000000e+00
6.840000000000004965e-01,2.114724199285660522e-01,-4.239098081393322670e-01,-1.676339866913326482e+00,0.000000000000000000e+00
6.860000000000004983e-01,2.106280046157164854e-01,-4.222076564247874142e-01,-1.669797681832060121e+00,0.000000000000000000e+00
6.880000000000005000e-01,2.097869797123455560e-01,-4.205124516854698569e-01,-1.663279961526304085e+00,0.000000000000000000e+00
6.900000000000005018e-01,2.089493313838692023e-01,-4.188241642381752561e-01,-1.656786627543963775e+00,0.000000000000000000e+00
6.920000000000005036e-01,2.081150458547849913e-01,-4.171427645421030284e-01,-1.650317601517751420e+00,0.000000000000000000e+00
6.940000000000005054e-01,2.072841094083889835e-01,-4.154682231979979767e-01,-1.643872805167592155e+00,0.000000000000000000e+00
6.960000000000005071e-01,2.064565083864943751e-01,-4.138005109472989718e-01,-1.637452160302991899e+00,0.000000000000000000e+00
6.980000000000005089e-01,2.056322291891517773e-01,-4.121395986712945714e-01,-1.631055588825358171e+00,0.000000000000000000e+00
7.000000000000005107e-01,2.048112582743712162e-01,-4.104854573902855241e-01,-1.624683012730280041e+00,0.000000000000000000e+00
7.020000000000005125e-01,2.039935821578457154e-01,-4.088380582627536564e-01,-1.618334354109769890e+00,0.000000000000000000e+00
7.040000000000005143e-01,2.031791874126766262e-01,-4.071973725845378089e-01,-1.612009535154459883e+00,0.000000000000000000e+00
7.060000000000005160e-01,2.023680606691005968e-01,-4.055633717880161582e-01,-1.605708478155765562e+00,0.000000000000000000e+00
7.080000000000005178e-01,2.015601886142180110e-01,-4.039360274412951979e-01,-1.599431105507997941e+00,0.000000000000000000e+00
7.100000000000005196e-01,2.007555579917232047e-01,-4.023153112474049942e-01,-1.593177339710448059e+00,0.000000000000000000e+00
7.120000000000005214e-01,1.999541556016362076e-01,-4.007011950435009906e-01,-1.586947103369432455e+00,0.000000000000000000e+00
7.140000000000005231e-01,1.991559683000360681e-01,-3.990936508000722527e-01,-1.580740319200287125e+00,0.000000000000000000e+00
7.160000000000005249e-01,1.983609829987957596e-01,-3.974926506201556520e-01,-1.574556910029340173e+00,0.000000000000000000e+00
7.180000000000005267e-01,1.975691866653186413e-01,-3.958981667385566561e-01,-1.568396798795839153e+00,0.000000000000000000e+00
7.200000000000005285e-01,1.967805663222765011e-01,-3.943101715210758362e-01,-1.562259908553846444e+00,0.000000000000000000e+00
7.220000000000005302e-01,1.959951090473490143e-01,-3.927286374637418698e-01,-1.556146162474091099e+00,0.000000000000000000e+00
7.240000000000005320e-01,1.952128019729649222e-01,-3.911535371920503157e-01,-1.550055483845791393e+00,0.000000000000000000e+00
7.260000000000005338e-01,1.944336322860445165e-01,-3.895848434602084964e-01,-1.543987796078444497e+00,0.000000000000000000e+00
7.280000000000005356e-01,1.936575872277437327e-01,-3.880225291503860419e-01,-1.537943022703572638e+00,0.000000000000000000e+00
7.300000000000005373e-01,1.928846540931997977e-01,-3.864665672719715950e-01,-1.531921087376446167e+00,0.000000000000000000e+00
7.320000000000005391e-01,1.921148202312781272e-01,-3.849169309608351797e-01,-1.525921913877762215e+00,0.000000000000000000e+00
7.340000000000005409e-01,1.913480730443209432e-01,-3.833735934785961197e-01,-1.519945426115299369e+00,0.000000000000000000e+00
7.360000000000005427e-01,1.905843999878971406e-01,-3.818365282118968418e-01,-1.513991548125535935e+00,0.000000000000000000e+00
7.380000000000005445e-01,1.898237885705537642e-01,-3.803057086716823965e-01,-1.508060204075232669e+00,0.000000000000000000e+00
7.400000000000005462e-01,1.890662263535687893e-01,-3.787811084924851412e-01,-1.502151318262988866e+00,0.000000000000000000e+00
7.420000000000005480e-01,1.883117009507053463e-01,-3.772627014317153638e-01,-1.496264815120768255e+00,0.000000000000000000e+00
7.440000000000005498e-01,1.875602000279674442e-01,-3.757504613689570117e-01,-1.490400619215385802e+00,0.000000000000000000e+00
7.460000000000005516e-01,1.868117113033569143e-01,-3.742443623052691404e-01,-1.484558655249970549e+00,0.000000000000000000e+00
7.480000000000005533e-01,1.860662225466319375e-01,-3.727443783624923013e-01,-1.478738848065400902e+00,0.000000000000000000e+00
7.500000000000005551e-01,1.853237215790668191e-01,-3.712504837825607029e-01,-1.472941122641701739e+00,0.000000000000000000e+00
7.520000000000005569e-01,1.845841962732131802e-01,-3.697626529268191464e-01,-1.467165404099421089e+00,0.000000000000000000e+00
7.540000000000005587e-01,1.838476345526624811e-01,-3.682808602753456229e-01,-1.461411617700969501e+00,0.000000000000000000e+00
7.560000000000005604e-01,1.831140243918099320e-01,-3.668050804262785181e-01,-1.455679688851940767e+00,0.000000000000000000e+00
7.580000000000005622e-01,1.823833538156196254e-01,-3.653352880951494241e-01,-1.449969543102394454e+00,0.000000000000000000e+00
7.600000000000005640e-01,1.816556108993911955e-01,-3.638714581142206139e-01,-1.444281106148117999e+00,0.000000000000000000e+00
7.620000000000005658e-01,1.809307837685275311e-01,-3.624135654318276223e-01,-1.438614303831859509e+00,0.000000000000000000e+00
7.640000000000005675e-01,1.802088605983040714e-01,-3.609615851117268792e-01,-1.432969062144533012e+00,0.000000000000000000e+00
7.660000000000005693e-01,1.794898296136391846e-01,-3.595154923324481167e-01,-1.427345307226397075e+00,0.000000000000000000e+00
7.680000000000005711e-01,1.787736790888658778e-01,-3.580752623866516049e-01,-1.421742965368209433e+00,0.000000000000000000e+00
7.700000000000005729e-01,1.780603973475048951e-01,-3.566408706804902740e-01,-1.416161963012351421e+00,0.000000000000000000e+00
7.720000000000005747e-01,1.773499727620389543e-01,-3.552122927329764424e-01,-1.410602226753934652e+00,0.000000000000000000e+00
7.740000000000005764e-01,1.766423937536882594e-01,-3.537895041753535419e-01,-1.405063683341873926e+00,0.000000000000000000e+00
7.760000000000005782e-01,1.759376487921873178e-01,-3.523724807504721723e-01,-1.399546259679937954e+00,0.000000000000000000e+00
7.780000000000005800e-01,1.752357263955629796e-01,-3.509611983121709300e-01,-1.394049882827784081e+00,0.000000000000000000e+00
7.800000000000005818e-01,1.745366151299136692e-01,-3.495556328246618993e-01,-1.388574480001956601e+00,0.000000000000000000e+00
7.820000000000005835e-01,1.738403036091898390e-01,-3.481557603619203634e-01,-1.383119978576867304e+00,0.000000000000000000e+00
7.840000000000005853e-01,1.731467804949756717e-01,-3.467615571070794545e-01,-1.377686306085755596e+00,0.000000000000000000e+00
7.860000000000005871e-01,1.724560344962720038e-01,-3.453729993518287467e-01,-1.372273390221620204e+00,0.000000000000000000e+00
7.880000000000005889e-01,1.717680543692803596e-01,-3.439900634958177328e-01,-1.366881158838130439e+00,0.000000000000000000e+00
7.900000000000005906e-01,1.710828289171882344e-01,-3.426127260460632429e-01,-1.361509539950517045e+00,0.000000000000000000e+00
7.920000000000005924e-01,1.704003469899555145e-01,-3.412409636163614701e-01,-1.356158461736437282e+00,0.000000000000000000e+00
7.940000000000005942e-01,1.697205974841020926e-01,-3.398747529267041600e-01,-1.350827852536816920e+00,0.000000000000000000e+00
7.960000000000005960e-01,1.690435693424967023e-01,-3.385140708026989076e-01,-1.345517640856686015e+00,0.000000000000000000e+00
7.980000000000005977e-01,1.683692515541467261e-01,-3.371588941749939505e-01,-1.340227755365965834e+00,0.000000000000000000e+00
8.000000000000005995e-01,1.676976331539893061e-01,-3.358092000787069042e-01,-1.334958124900262000e+00,0.000000000000000000e+00
8.020000000000006013e-01,1.670287032226835944e-01,-3.344649656528575488e-01,-1.329708678461622995e+00,0.000000000000000000e+00
8.040000000000006031e-01,1.663624508864039730e-01,-3.331261681398048902e-01,-1.324479345219280901e+00,0.000000000000000000e+00
8.060000000000006048e-01,1.656988653166346082e-01,-3.317927848846882188e-01,-1.319270054510372603e+00,0.000000000000000000e+00
8.080000000000006066e-01,1.650379357299648631e-01,-3.304647933348720534e-01,-1.314080735840641445e+00,0.000000000000000000e+00
8.100000000000006084e-01,1.643796513878860721e-01,-3.291421710393951372e-01,-1.308911318885121133e+00,0.000000000000000000e+00
8.120000000000006102e-01,1.637240015965892304e-01,-3.278248956484233201e-01,-1.303761733488796537e+00,0.000000000000000000e+00
8.140000000000006120e-01,1.630709757067638210e-01,-3.265129449127063821e-01,-1.298631909667251172e+00,0.000000000000000000e+00
8.160000000000006137e-01,1.624205631133977534e-01,-3.252062966830386315e-01,-1.293521777607291590e+00,0.000000000000000000e+00
8.180000000000006155e-01,1.617727532555782999e-01,-3.239049289097234996e-01,-1.288431267667555780e+00,0.000000000000000000e+00
8.200000000000006173e-01,1.611275356162942263e-01,-3.226088196420416332e-01,-1.283360310379102920e+00,0.000000000000000000e+00
8.220000000000006191e-01,1.604848997222387830e-01,-3.213179470277229277e-01,-1.278308836445984475e+00,0.000000000000000000e+00
8.240000000000006208e-01,1.598448351436139447e-01,-3.200322893124223911e-01,-1.273276776745799310e+00,0.000000000000000000e+00
8.260000000000006226e-01,1.592073314939355388e-01,-3.187518248391992826e-01,-1.268264062330232811e+00,0.000000000000000000e+00
8.280000000000006244e-01,1.585723784298395389e-01,-3.174765320480003594e-01,-1.263270624425575583e+00,0.000000000000000000e+00
8.300000000000006262e-01,1.579399656508892469e-01,-3.162063894751464543e-01,-1.258296394433227050e+00,0.000000000000000000e+00
8.320000000000006279e-01,1.573100828993836131e-01,-3.149413757528226054e-01,-1.253341303930183059e+00,0.000000000000000000e+00
8.340000000000006297e-01,1.566827199601664722e-01,-3.136814696085719611e-01,-1.248405284669507509e+00,0.000000000000000000e+00
8.360000000000006315e-01,1.560578666604368892e-01,-3.124266498647929602e-01,-1.243488268580787981e+00,0.000000000000000000e+00
8.380000000000006333e-01,1.554355128695604216e-01,-3.111768954382402308e-01,-1.238590187770572726e+00,0.000000000000000000e+00
8.400000000000006350e-01,1.548156484988813530e-01,-3.099321853395285431e-01,-1.233710974522797876e+00,0.000000000000000000e+00
8.420000000000006368e-01,1.541982635015360648e-01,-3.086924986726407583e-01,-1.228850561299190680e+00,0.000000000000000000e+00
8.440000000000006386e-01,1.535833478722671841e-01,-3.074578146344386087e-01,-1.224008880739670069e+00,0.000000000000000000e+00
8.460000000000006404e-01,1.529708916472388436e-01,-3.062281125141771421e-01,-1.219185865662719692e+00,0.000000000000000000e+00
8.480000000000006422e-01,1.523608849038528001e-01,-3.050033716930224958e-01,-1.214381449065752072e+00,0.000000000000000000e+00
8.500000000000006439e-01,1.517533177605656647e-01,-3.037835716435727251e-01,-1.209595564125462985e+00,0.000000000000000000e+00
8.520000000000006457e-01,1.511481803767069088e-01,-3.025686919293821830e-01,-1.204828144198161866e+00,0.000000000000000000e+00
8.540000000000006475e-01,1.505454629522979260e-01,-3.013587122044889544e-01,-1.200079122820094213e+00,0.000000000000000000e+00
8.560000000000006493e-01,1.499451557278720371e-01,-3.001536122129456752e-01,-1.195348433707750679e+00,0.000000000000000000e+00
8.580000000000006510e-01,1.493472489842953277e-01,-2.989533717883531838e-01,-1.190636010758161945e+00,0.000000000000000000e+00
8.600000000000006528e-01,1.487517330425885409e-01,-2.977579708533977243e-01,-1.185941788049177603e+00,0.000000000000000000e+00
8.620000000000006546e-01,1.481585982637497467e-01,-2.965673894193911475e-01,-1.181265699839731731e+00,0.000000000000000000e+00
8.640000000000006564e-01,1.475678350485781221e-01,-2.953816075858138879e-01,-1.176607680570102232e+00,0.000000000000000000e+00
8.660000000000006581e-01,1.469794338374983966e-01,-2.942006055398616038e-01,-1.171967664862149761e+00,0.000000000000000000e+00
8.680000000000006599e-01,1.463933851103864092e-01,-2.930243635559942050e-01,-1.167345587519549532e+00,0.000000000000000000e+00
8.700000000000006617e-01,1.458096793863954410e-01,-2.918528619954885439e-01,-1.162741383528000938e+00,0.000000000000000000e+00
8.720000000000006635e-01,1.452283072237834649e-01,-2.906860813059934379e-01,-1.158154988055443368e+00,0.000000000000000000e+00
8.740000000000006652e-01,1.446492592197412830e-01,-2.895240020210882448e-01,-1.153586336452239181e+00,0.000000000000000000e+00
8.760000000000006670e-01,1.440725260102216077e-01,-2.883666047598438253e-01,-1.149035364251362878e+00,0.000000000000000000e+00
8.780000000000006688e-01,1.434980982697688368e-01,-2.872138702263870025e-01,-1.144502007168561875e+00,0.000000000000000000e+00
8.800000000000006706e-01,1.429259667113499110e-01,-2.860657792094672969e-01,-1.139986201102519914e+00,0.000000000000000000e+00
8.820000000000006724e-01,1.423561220861858656e-01,-2.849223125820269376e-01,-1.135487882135003623e+00,0.000000000000000000e+00
8.840000000000006741e-01,1.417885551835843250e-01,-2.837834513007736481e-01,-1.131006986530994851e+00,0.000000000000000000e+00
8.860000000000006759e-01,1.412232568307728031e-01,-2.826491764057559863e-01,-1.126543450738815899e+00,0.000000000000000000e+00
8.880000000000006777e-01,1.406602178927329194e-01,-2.815194690199417371e-01,-1.122097211390249427e+00,0.000000000000000000e+00
8.900000000000006795e-01,1.400994292720353085e-01,-2.803943103487990807e-01,-1.117668205300627271e+00,0.000000000000000000e+00
8.920000000000006812e-01,1.395408819086755570e-01,-2.792736816798800925e-01,-1.113256369468940576e+00,0.000000000000000000e+00
8.940000000000006830e-01,1.389845667799107509e-01,-2.781575643824075739e-01,-1.108861641077909077e+00,0.000000000000000000e+00
8.960000000000006848e-01,1.384304749000970225e-01,-2.770459399068639361e-01,-1.104483957494058366e+00,0.000000000000000000e+00
8.980000000000006866e-01,1.378785973205278459e-01,-2.759387897845833049e-01,-1.100123256267781180e+00,0.000000000000000000e+00
9.000000000000006883e-01,1.373289251292731661e-01,-2.748360956273458444e-01,-1.095779475133393355e+00,0.000000000000000000e+00
9.020000000000006901e-01,1.367814494510192214e-01,-2.737378391269748579e-01,-1.091452552009171129e+00,0.000000000000000000e+00
9.040000000000006919e-01,1.362361614469093374e-01,-2.726440020549366072e-01,-1.087142424997387558e+00,0.000000000000000000e+00
9.060000000000006937e-01,1.356930523143854428e-01,-2.715545662619425205e-01,-1.082849032384337384e+00,0.000000000000000000e+00
9.080000000000006954e-01,1.351521132870303343e-01,-2.704695136775538966e-01,-1.078572312640351250e+00,0.000000000000000000e+00
9.100000000000006972e-01,1.346133356344107468e-01,-2.693888263097894975e-01,-1.074312204419798356e+00,0.000000000000000000e+00
9.120000000000006990e-01,1.340767106619212834e-01,-2.683124862447351933e-01,-1.070068646561088244e+00,0.000000000000000000e+00
9.140000000000007008e-01,1.335422297106289569e-01,-2.672404756461564390e-01,-1.065841578086655694e+00,0.000000000000000000e+00
9.160000000000007025e-01,1.330098841571187296e-01,-2.661727767551129720e-01,-1.061630938202942076e+00,0.000000000000000000e+00
9.180000000000007043e-01,1.324796654133395812e-01,-2.651093718895761175e-01,-1.057436666300365147e+00,0.000000000000000000e+00
9.200000000000007061e-01,1.319515649264514923e-01,-2.640502434440485380e-01,-1.053258701953283527e+00,0.000000000000000000e+00
9.220000000000007079e-01,1.314255741786731213e-01,-2.629953738891861459e-01,-1.049096984919946962e+00,0.000000000000000000e+00
9.240000000000007097e-01,1.309016846871302875e-01,-2.619447457714226823e-01,-1.044951455142448360e+00,0.000000000000000000e+00
9.260000000000007114e-01,1.303798880037050911e-01,-2.608983417125965154e-01,-1.040822052746658954e+00,0.000000000000000000e+00
9.280000000000007132e-01,1.298601757148859226e-01,-2.598561444095797701e-01,-1.036708718042160804e+00,0.000000000000000000e+00
9.300000000000007150e-01,1.293425394416181096e-01,-2.588181366339098455e-01,-1.032611391522166855e+00,0.000000000000000000e+00
9.320000000000007168e-01,1.288269708391552582e-01,-2.577843012314232074e-01,-1.028530013863439230e+00,0.000000000000000000e+00
9.340000000000007185e-01,1.283134615969114822e-01,-2.567546211218914021e-01,-1.024464525926196856e+00,0.000000000000000000e+00
9.360000000000007203e-01,1.278020034383141601e-01,-2.557290792986594563e-01,-1.020414868754015103e+00,0.000000000000000000e+00
9.380000000000007221e-01,1.272925881206575793e-01,-2.547076588282864429e-01,-1.016380983573720087e+00,0.000000000000000000e+00
9.400000000000007239e-01,1.267852074349571923e-01,-2.536903428501882662e-01,-1.012362811795274986e+00,0.000000000000000000e+00
9.420000000000007256e-01,1.262798532058046208e-01,-2.526771145762827797e-01,-1.008360295011660135e+00,0.000000000000000000e+00
9.440000000000007274e-01,1.257765172912233553e-01,-2.516679572906367901e-01,-1.004373374998745128e+00,0.000000000000000000e+00
9.460000000000007292e-01,1.252751915825251194e-01,-2.506628543491156713e-01,-1.000401993715153814e+00,0.000000000000000000e+00
9.480000000000007310e-01,1.247758680041670537e-01,-2.496617891790347543e-01,-9.964460933021257460e-01,0.000000000000000000e+00
9.500000000000007327e-01,1.242785385136094267e-01,-2.486647452788130763e-01,-9.925056160833674035e-01,0.000000000000000000e+00
9.520000000000007345e-01,1.237831951011741649e-01,-2.476717062176291007e-01,-9.885805045649012079e-01,0.000000000000000000e+00
9.540000000000007363e-01,1.232898297899040069e-01,-2.466826556350786848e-01,-9.846707014349016518e-01,0.000000000000000000e+00
9.560000000000007381e-01,1.227984346354223377e-01,-2.456975772408350189e-01,-9.807761495635327620e-01,0.000000000000000000e+00
9.580000000000007399e-01,1.223090017257937173e-01,-2.447164548143107021e-01,-9.768967920027771257e-01,0.000000000000000000e+00
9.600000000000007416e-01,1.218215231813850746e-01,-2.437392722043217885e-01,-9.730325719862547018e-01,0.000000000000000000e+00
9.620000000000007434e-01,1.213359911547275682e-01,-2.427660133287540267e-01,-9.691834329290385242e-01,0.000000000000000000e+00
9.640000000000007452e-01,1.208523978303791130e-01,-2.417966621742309030e-01,-9.653493184274699601e-01,0.000000000000000000e+00
9.660000000000007470e-01,1.203707354247875450e-01,-2.408312027957838497e-01,-9.615301722589606470e-01,0.000000000000000000e+00
9.680000000000007487e-01,1.198909961861544943e-01,-2.398696193165243962e-01,-9.577259383817890992e-01,0.000000000000000000e+00
9.700000000000007505e-01,1.194131723942998546e-01,-2.389118959273182075e-01,-9.539365609349026442e-01,0.000000000000000000e+00
9.720000000000007523e-01,1.189372563605269328e-01,-2.379580168864612322e-01,-9.501619842376971548e-01,0.000000000000000000e+00
9.740000000000007541e-01,1.184632404274882228e-01,-2.370079665193576546e-01,-9.464021527898061059e-01,0.000000000000000000e+00
9.760000000000007558e-01,1.179911169690518180e-01,-2.360617292181998728e-01,-9.426570112708749782e-01,0.000000000000000000e+00
9.780000000000007576e-01,1.175208783901685178e-01,-2.351192894416502255e-01,-9.389265045403369925e-01,0.000000000000000000e+00
9.800000000000007594e-01,1.170525171267394748e-01,-2.341806317145248284e-01,-9.352105776371817392e-01,0.000000000000000000e+00
9.820000000000007612e-01,1.165860256454845229e-01,-2.332457406274791034e-01,-9.315091757797153704e-01,0.000000000000000000e+00
9.840000000000007629e-01,1.161213964438111285e-01,-2.323146008366952786e-01,-9.278222443653203477e-01,0.000000000000000000e+00
9.860000000000007647e-01,1.156586220496839817e-01,-2.313871970635716369e-01,-9.241497289702129692e-01,0.000000000000000000e+00
9.880000000000007665e-01,1.151976950214951556e-01,-2.304635140944137628e-01,-9.204915753491857977e-01,0.000000000000000000e+00
9.900000000000007683e-01,1.147386079479349036e-01,-2.295435367801273996e-01,-9.168477294353580831e-01,0.000000000000000000e+00
9.920000000000007701e-01,1.142813534478630821e-01,-2.286272500359132764e-01,-9.132181373399106405e-01,0.000000000000000000e+00
9.940000000000007718e-01,1.138259241701811558e-01,-2.277146388409636568e-01,-9.096027453518278350e-01,0.000000000000000000e+00
9.960000000000007736e-01,1.133723127937048408e-01,-2.268056882381606076e-01,-9.060014999376235778e-01,0.000000000000000000e+00
9.980000000000007754e-01,1.129205120270372897e-01,-2.259003833337761835e-01,-9.024143477410730974e-01,0.000000000000000000e+00
1.000000000000000666e+00,1.124705146084429425e-01,-2.249987092971742209e-01,-8.988412355829304978e-01,0.000000000000000000e+00
1.002000000000000668e+00,1.120223133057219184e-01,-2.241006513605138806e-01,-8.952821104606547564e-01,0.000000000000000000e+00
1.004000000000000670e+00,1.115759009160850052e-01,-2.232061948184549949e-01,-8.917369195481201771e-01,0.000000000000000000e+00
1.006000000000000671e+00,1.111312702660292723e-01,-2.223153250278650517e-01,-8.882056101953299532e-01,0.000000000000000000e+00
1.008000000000000673e+00,1.106884142112142116e-01,-2.214280274075279276e-01,-8.846881299281212918e-01,0.000000000000000000e+00
1.010000000000000675e+00,1.102473256363385029e-01,-2.205442874378541751e-01,-8.811844264478732036e-01,0.000000000000000000e+00
1.012000000000000677e+00,1.098079974550173199e-01,-2.196640906605931698e-01,-8.776944476312023014e-01,0.000000000000000000e+00
1.014000000000000679e+00,1.093704226096602200e-01,-2.187874226785467557e-01,-8.742181415296603753e-01,0.000000000000000000e+00
1.016000000000000680e+00,1.089345940713496441e-01,-2.179142691552845845e-01,-8.707554563694324123e-01,0.000000000000000000e+00
1.018000000000000682e+00,1.085005048397199162e-01,-2.170446158148611748e-01,-8.673063405510177404e-01,0.000000000000000000e+00
1.020000000000000684e+00,1.080681479428368535e-01,-2.161784484415344432e-01,-8.638707426489231622e-01,0.000000000000000000e+00
1.022000000000000686e+00,1.076375164370778764e-01,-2.153157528794858444e-01,-8.604486114113418793e-01,0.000000000000000000e+00
1.024000000000000687e+00,1.072086034070127980e-01,-2.144565150325423164e-01,-8.570398957598346357e-01,0.000000000000000000e+00
1.026000000000000689e+00,1.067814019652850027e-01,-2.136007208638995014e-01,-8.536445447890081972e-01,0.000000000000000000e+00
1.028000000000000691e+00,1.063559052524933046e-01,-2.127483563958467994e-01,-8.502625077661831732e-01,0.000000000000000000e+00
1.030000000000000693e+00,1.059321064370743193e-01,-2.118994077094938089e-01,-8.468937341310716072e-01,0.000000000000000000e+00
1.032000000000000695e+00,1.055099987151853214e-01,-2.110538609444984059e-01,-8.435381734954381372e-01,0.000000000000000000e+00
1.034000000000000696e+00,1.050895753105877267e-01,-2.102117022987963213e-01,-8.401957756427682611e-01,0.000000000000000000e+00
1.036000000000000698e+00,1.046708294745310602e-01,-2.093729180283322167e-01,-8.368664905279268318e-01,0.000000000000000000e+00
1.038000000000000700e+00,1.042537544856374787e-01,-2.085374944467923430e-01,-8.335502682768214378e-01,0.000000000000000000e+00
1.040000000000000702e+00,1.038383436497868073e-01,-2.077054179253386146e-01,-8.302470591860546811e-01,0.000000000000000000e+00
1.042000000000000703e+00,1.034245903000021172e-01,-2.068766748923442367e-01,-8.269568137225773441e-01,0.000000000000000000e+00
1.044000000000000705e+00,1.030124877963358582e-01,-2.060512518331308052e-01,-8.236794825233411110e-01,0.000000000000000000e+00
1.046000000000000707e+00,1.026020295257564496e-01,-2.052291352897067933e-01,-8.204150163949495145e-01,0.000000000000000000e+00
1.048000000000000709e+00,1.021932089020354401e-01,-2.044103118605076208e-01,-8.171633663132960024e-01,0.000000000000000000e+00
1.050000000000000711e+00,1.017860193656351664e-01,-2.035947682001370551e-01,-8.139244834232135517e-01,0.000000000000000000e+00
1.052000000000000712e+00,1.013804543835969407e-01,-2.027824910191101115e-01,-8.106983190381162885e-01,0.000000000000000000e+00
1.054000000000000714e+00,1.009765074494297504e-01,-2.019734670835973689e-01,-8.074848246396317819e-01,0.000000000000000000e+00
1.056000000000000716e+00,1.005741720829994024e-01,-2.011676832151707006e-01,-8.042839518772444407e-01,0.000000000000000000e+00
1.058000000000000718e+00,1.001734418304183055e-01,-2.003651262905503661e-01,-8.010956525679260309e-01,0.000000000000000000e+00
1.060000000000000719e+00,9.977431026393560054e-02,-1.995657832413535171e-01,-7.979198786957675260e-01,0.000000000000000000e+00
1.062000000000000721e+00,9.937677098182791380e-02,-1.987696410538441483e-01,-7.947565824116100686e-01,0.000000000000000000e+00
1.064000000000000723e+00,9.898081760829054165e-02,-1.979766867686842957e-01,-7.916057160326728237e-01,0.000000000000000000e+00
1.066000000000000725e+00,9.858644379332916208e-02,-1.971869074806867628e-01,-7.884672320421781677e-01,0.000000000000000000e+00
1.068000000000000727e+00,9.819364321265201812e-02,-1.964002903385689836e-01,-7.853410830889768768e-01,0.000000000000000000e+00
1.070000000000000728e+00,9.780240956756260096e-02,-1.956168225447084685e-01,-7.822272219871684307e-01,0.000000000000000000e+00
1.072000000000000730e+00,9.741273658485280484e-02,-1.948364913548994160e-01,-7.791256017157217606e-01,0.000000000000000000e+00
1.074000000000000732e+00,9.702461801669658159e-02,-1.940592840781106554e-01,-7.760361754180928884e-01,0.000000000000000000e+00
1.076000000000000734e+00,9.663804764054409469e-02,-1.932851880762450347e-01,-7.729588964018430097e-01,0.000000000000000000e+00
1.078000000000000735e+00,9.625301925901628974e-02,-1.925141907638999172e-01,-7.698937181382530248e-01,0.000000000000000000e+00
1.080000000000000737e+00,9.586952669980003394e-02,-1.917462796081291776e-01,-7.668405942619345161e-01,0.000000000000000000e+00
1.082000000000000739e+00,9.548756381554361627e-02,-1.909814421282063357e-01,-7.637994785704433909e-01,0.000000000000000000e+00
1.084000000000000741e+00,9.510712448375284456e-02,-1.902196658953890229e-01,-7.607703250238895265e-01,0.000000000000000000e+00
1.086000000000000743e+00,9.472820260668747550e-02,-1.894609385326847251e-01,-7.577530877445433077e-01,0.000000000000000000e+00
1.088000000000000744e+00,9.435079211125824150e-02,-1.887052477146177187e-01,-7.547477210164461603e-01,0.000000000000000000e+00
1.090000000000000746e+00,9.397488694892425221e-02,-1.879525811669973956e-01,-7.517541792850117588e-01,0.000000000000000000e+00
1.092000000000000748e+00,9.360048109559088170e-02,-1.872029266666876413e-01,-7.487724171566330078e-01,0.000000000000000000e+00
1.094000000000000750e+00,9.322756855150812760e-02,-1.864562720413776020e-01,-7.458023893982836938e-01,0.000000000000000000e+00
1.096000000000000751e+00,9.285614334116941426e-02,-1.857126051693536450e-01,-7.428440509371183609e-01,0.000000000000000000e+00
1.098000000000000753e+00,9.248619951321086774e-02,-1.849719139792724287e-01,-7.398973568600757389e-01,0.000000000000000000e+00
1.100000000000000755e+00,9.211773114031099330e-02,-1.842341864499353055e-01,-7.369622624134746225e-01,0.000000000000000000e+00
1.102000000000000757e+00,9.175073231909086635e-02,-1.834994106100638900e-01,-7.340387230026124143e-01,0.000000000000000000e+00
1.104000000000000759e+00,9.138519717001471199e-02,-1.827675745380767658e-01,-7.311266941913601158e-01,0.000000000000000000e+00
1.106000000000000760e+00,9.102111983729097022e-02,-1.820386663618674128e-01,-7.282261317017604263e-01,0.000000000000000000e+00
1.108000000000000762e+00,9.065849448877380534e-02,-1.813126742585833284e-01,-7.253369914136191809e-01,0.000000000000000000e+00
1.110000000000000764e+00,9.029731531586498994e-02,-1.805895864544062590e-01,-7.224592293640994534e-01,0.000000000000000000e+00
1.112000000000000766e+00,8.993757653341631630e-02,-1.798693912243335968e-01,-7.195928017473152138e-01,0.000000000000000000e+00
1.114000000000000767e+00,8.957927237963239642e-02,-1.791520768919610540e-01,-7.167376649139187705e-01,0.000000000000000000e+00
1.116000000000000769e+00,8.922239711597386436e-02,-1.784376318292662522e-01,-7.138937753706944278e-01,0.000000000000000000e+00
1.118000000000000771e+00,8.886694502706107834e-02,-1.777260444563936170e-01,-7.110610897801450392e-01,0.000000000000000000e+00
1.120000000000000773e+00,8.851291042057819747e-02,-1.770173032414403547e-01,-7.082395649600821130e-01,0.000000000000000000e+00
1.122000000000000774e+00,8.816028762717771639e-02,-1.763113967002434834e-01,-7.054291578832128096e-01,0.000000000000000000e+00
1.124000000000000776e+00,8.780907100038537472e-02,-1.756083133961681142e-01,-7.026298256767251615e-01,0.000000000000000000e+00
1.126000000000000778e+00,8.745925491650557992e-02,-1.749080419398966468e-01,-6.998415256218768477e-01,0.000000000000000000e+00
1.128000000000000780e+00,8.711083377452713550e-02,-1.742105709892192433e-01,-6.970642151535773046e-01,0.000000000000000000e+00
1.130000000000000782e+00,8.676380199602948262e-02,-1.735158892488253002e-01,-6.942978518599747240e-01,0.000000000000000000e+00
1.132000000000000783e+00,8.641815402508928878e-02,-1.728239854700959477e-01,-6.915423934820363883e-01,0.000000000000000000e+00
1.134000000000000785e+00,8.607388432818749435e-02,-1.721348484508977428e-01,-6.887977979131361117e-01,0.000000000000000000e+00
1.136000000000000787e+00,8.573098739411673386e-02,-1.714484670353773332e-01,-6.860640231986319115e-01,0.000000000000000000e+00
1.138000000000000789e+00,8.538945773388921523e-02,-1.707648301137572600e-01,-6.833410275354525609e-01,0.000000000000000000e+00
1.140000000000000790e+00,8.504928988064494599e-02,-1.700839266221327029e-01,-6.806287692716748161e-01,0.000000000000000000e+00
1.142000000000000792e+00,8.471047838956040354e-02,-1.694057455422694203e-01,-6.779272069061055284e-01,0.000000000000000000e+00
1.144000000000000794e+00,8.437301783775759401e-02,-1.687302759014025211e-01,-6.752362990878633120e-01,0.000000000000000000e+00
1.146000000000000796e+00,8.403690282421352742e-02,-1.680575067720365134e-01,-6.725560046159566596e-01,0.000000000000000000e+00
1.148000000000000798e+00,8.370212796967003988e-02,-1.673874272717461864e-01,-6.698862824388625015e-01,0.000000000000000000e+00
1.150000000000000799e+00,8.336868791654408750e-02,-1.667200265629785461e-01,-6.672270916541065411e-01,0.000000000000000000e+00
1.152000000000000801e+00,8.303657732883837350e-02,-1.660552938528558342e-01,-6.645783915078418147e-01,0.000000000000000000e+00
1.154000000000000803e+00,8.270579089205241929e-02,-1.653932183929794908e-01,-6.619401413944250301e-01,0.000000000000000000e+00
1.156000000000000805e+00,8.237632331309395484e-02,-1.647337894792351154e-01,-6.593123008559964582e-01,0.000000000000000000e+00
1.158000000000000806e+00,8.204816932019075304e-02,-1.640769964515984836e-01,-6.566948295820544956e-01,0.000000000000000000e+00
1.160000000000000808e+00,8.172132366280286664e-02,-1.634228286939423958e-01,-6.540876874090364446e-01,0.000000000000000000e+00
1.162000000000000810e+00,8.139578111153517037e-02,-1.627712756338446920e-01,-6.514908343198917429e-01,0.000000000000000000e+00
1.164000000000000812e+00,8.107153645805037501e-02,-1.621223267423971270e-01,-6.489042304436609676e-01,0.000000000000000000e+00
1.166000000000000814e+00,8.074858451498234668e-02,-1.614759715340151891e-01,-6.463278360550508417e-01,0.000000000000000000e+00
1.168000000000000815e+00,8.042692011584984257e-02,-1.608321995662489734e-01,-6.437616115740101286e-01,0.000000000000000000e+00
1.170000000000000817e+00,8.010653811497064902e-02,-1.601910004395948883e-01,-6.412055175653077477e-01,0.000000000000000000e+00
1.172000000000000819e+00,7.978743338737603885e-02,-1.595523637973084718e-01,-6.386595147381060045e-01,0.000000000000000000e+00
1.174000000000000821e+00,7.946960082872560338e-02,-1.589162793252179573e-01,-6.361235639455369295e-01,0.000000000000000000e+00
1.176000000000000822e+00,7.915303535522252854e-02,-1.582827367515388939e-01,-6.335976261842790613e-01,0.000000000000000000e+00
1.178000000000000824e+00,7.883773190352914850e-02,-1.576517258466896554e-01,-6.310816625941315650e-01,0.000000000000000000e+00
1.180000000000000826e+00,7.852368543068292961e-02,-1.570232364231079480e-01,-6.285756344575901267e-01,0.000000000000000000e+00
1.182000000000000828e+00,7.821089091401278726e-02,-1.563972583350680401e-01,-6.260795031994228488e-01,0.000000000000000000e+00
1.184000000000000830e+00,7.789934335105579144e-02,-1.557737814784991848e-01,-6.235932303862448123e-01,0.000000000000000000e+00
1.186000000000000831e+00,7.758903775947417758e-02,-1.551527957908046262e-01,-6.211167777260930833e-01,0.000000000000000000e+00
1.188000000000000833e+00,7.727996917697281531e-02,-1.545342912506818267e-01,-6.186501070680034964e-01,0.000000000000000000e+00
1.190000000000000835e+00,7.697213266121692710e-02,-1.539182578779433042e-01,-6.161931804015843284e-01,0.000000000000000000e+00
1.192000000000000837e+00,7.666552328975025088e-02,-1.533046857333385249e-01,-6.137459598565935259e-01,0.000000000000000000e+00
1.194000000000000838e+00,7.636013615991349424e-02,-1.526935649183766841e-01,-6.113084077025128238e-01,0.000000000000000000e+00
1.196000000000000840e+00,7.605596638876319093e-02,-1.520848855751502637e-01,-6.088804863481236396e-01,0.000000000000000000e+00
1.198000000000000842e+00,7.575300911299087669e-02,-1.514786378861594784e-01,-6.064621583410834127e-01,0.000000000000000000e+00
1.200000000000000844e+00,7.545125948884259803e-02,-1.508748120741376930e-01,-6.040533863675006110e-01,0.000000000000000000e+00
1.202000000000000846e+00,7.515071269203883741e-02,-1.502733984018775615e-01,-6.016541332515124019e-01,0.000000000000000000e+00
1.204000000000000847e+00,7.485136391769471598e-02,-1.496743871720581376e-01,-5.992643619548583267e-01,0.000000000000000000e+00
1.206000000000000849e+00,7.455320838024057095e-02,-1.490777687270727625e-01,-5.968840355764588601e-01,0.000000000000000000e+00
1.208000000000000851e+00,7.425624131334285227e-02,-1.484835334488577574e-01,-5.945131173519899725e-01,0.000000000000000000e+00
1.210000000000000853e+00,7.396045796982540776e-02,-1.478916717587221152e-01,-5.921515706534625778e-01,0.000000000000000000e+00
1.212000000000000854e+00,7.366585362159104589e-02,-1.473021741171778309e-01,-5.897993589887966515e-01,0.000000000000000000e+00
1.214000000000000856e+00,7.337242355954350093e-02,-1.467150310237711475e-01,-5.874564460014015665e-01,0.000000000000000000e+00
1.216000000000000858e+00,7.308016309350967576e-02,-1.461302330169147456e-01,-5.851227954697511002e-01,0.000000000000000000e+00
1.218000000000000860e+00,7.278906755216223157e-02,-1.455477706737204890e-01,-5.827983713069615490e-01,0.000000000000000000e+00
1.220000000000000862e+00,7.249913228294256606e-02,-1.449676346098331958e-01,-5.804831375603716204e-01,0.000000000000000000e+00
1.222000000000000863e+00,7.221035265198404163e-02,-1.443898154792651323e-01,-5.781770584111196598e-01,0.000000000000000000e+00
1.224000000000000865e+00,7.192272404403557418e-02,-1.438143039742313389e-01,-5.758800981737213220e-01,0.000000000000000000e+00
1.226000000000000867e+00,7.163624186238559677e-02,-1.432410908249857340e-01,-5.735922212956521271e-01,0.000000000000000000e+00
1.228000000000000869e+00,7.135090152878628689e-02,-1.426701667996580214e-01,-5.713133923569233552e-01,0.000000000000000000e+00
1.230000000000000870e+00,7.106669848337809903e-02,-1.421015227040913487e-01,-5.690435760696623824e-01,0.000000000000000000e+00
1.232000000000000872e+00,7.078362818461474137e-02,-1.415351493816808248e-01,-5.667827372776965689e-01,0.000000000000000000e+00
1.234000000000000874e+00,7.050168610918831902e-02,-1.409710377132127601e-01,-5.645308409561287100e-01,0.000000000000000000e+00
1.236000000000000876e+00,7.022086775195490738e-02,-1.404091786167046552e-01,-5.622878522109218125e-01,0.000000000000000000e+00
1.238000000000000878e+00,6.994116862586041705e-02,-1.398495630472460227e-01,-5.600537362784803186e-01,0.000000000000000000e+00
1.240000000000000879e+00,6.966258426186673625e-02,-1.392921819968400143e-01,-5.578284585252291095e-01,0.000000000000000000e+00
1.242000000000000881e+00,6.938511020887824787e-02,-1.387370264942456299e-01,-5.556119844472000580e-01,0.000000000000000000e+00
1.244000000000000883e+00,6.910874203366861035e-02,-1.381840876048208433e-01,-5.534042796696110322e-01,0.000000000000000000e+00
1.246000000000000885e+00,6.883347532080787146e-02,-1.376333564303664214e-01,-5.512053099464520045e-01,0.000000000000000000e+00
1.248000000000000886e+00,6.855930567258992914e-02,-1.370848241089705488e-01,-5.490150411600684954e-01,0.000000000000000000e+00
1.250000000000000888e+00,6.828622870896021435e-02,-1.365384818148540624e-01,-5.468334393207436861e-01,0.000000000000000000e+00
1.252000000000000890e+00,6.801424006744377637e-02,-1.359943207582165192e-01,-5.446604705662867474e-01,0.000000000000000000e+00
1.254000000000000892e+00,6.774333540307360402e-02,-1.354523321850830408e-01,-5.424961011616153961e-01,0.000000000000000000e+00
1.256000000000000894e+00,6.747351038831929382e-02,-1.349125073771517691e-01,-5.403402974983433360e-01,0.000000000000000000e+00
1.258000000000000895e+00,6.720476071301600962e-02,-1.343748376516421261e-01,-5.381930260943663669e-01,0.000000000000000000e+00
1.260000000000000897e+00,6.693708208429371975e-02,-1.338393143611437686e-01,-5.360542535934484931e-01,0.000000000000000000e+00
1.262000000000000899e+00,6.667047022650678112e-02,-1.333059288934662634e-01,-5.339239467648111415e-01,0.000000000000000000e+00
1.264000000000000901e+00,6.640492088116380087e-02,-1.327746726714894576e-01,-5.318020725027206019e-01,0.000000000000000000e+00
1.266000000000000902e+00,6.614042980685777562e-02,-1.322455371530145973e-01,-5.296885978260772454e-01,0.000000000000000000e+00
1.268000000000000904e+00,6.587699277919654983e-02,-1.317185138306161130e-01,-5.275834898780042970e-01,0.000000000000000000e+00
1.270000000000000906e+00,6.561460559073356569e-02,-1.311935942314941261e-01,-5.254867159254366094e-01,0.000000000000000000e+00
1.272000000000000908e+00,6.535326405089890434e-02,-1.306707699173276227e-01,-5.233982433587143213e-01,0.000000000000000000e+00
1.274000000000000909e+00,6.509296398593064636e-02,-1.301500324841283196e-01,-5.213180396911729630e-01,0.000000000000000000e+00
1.276000000000000911e+00,6.483370123880645430e-02,-1.296313735620953089e-01,-5.192460725587331183e-01,0.000000000000000000e+00
1.278000000000000913e+00,6.457547166917551595e-02,-1.291147848154702016e-01,-5.171823097194976349e-01,0.000000000000000000e+00
1.280000000000000915e+00,6.431827115329072364e-02,-1.286002579423931591e-01,-5.151267190533381779e-01,0.000000000000000000e+00
1.282000000000000917e+00,6.406209558394120041e-02,-1.280877846747594251e-01,-5.130792685614973259e-01,0.000000000000000000e+00
1.284000000000000918e+00,6.380694087038504825e-02,-1.275773567780766615e-01,-5.110399263661755676e-01,0.000000000000000000e+00
1.286000000000000920e+00,6.355280293828240168e-02,-1.270689660513228403e-01,-5.090086607101307337e-01,0.000000000000000000e+00
1.288000000000000922e+00,6.329967772962878658e-02,-1.265626043268049117e-01,-5.069854399562729874e-01,0.000000000000000000e+00
1.290000000000000924e+00,6.304756120268875663e-02,-1.260582634700180005e-01,-5.049702325872620357e-01,0.000000000000000000e+00
1.292000000000000925e+00,6.279644933192975176e-02,-1.255559353795053790e-01,-5.029630072051038958e-01,0.000000000000000000e+00
1.294000000000000927e+00,6.254633810795631743e-02,-1.250556119867190508e-01,-5.009637325307476630e-01,0.000000000000000000e+00
1.296000000000000929e+00,6.229722353744455293e-02,-1.245572852558809590e-01,-4.989723774036869397e-01,0.000000000000000000e+00
1.298000000000000931e+00,6.204910164307686493e-02,-1.240609471838448330e-01,-4.969889107815572693e-01,0.000000000000000000e+00
1.300000000000000933e+00,6.180196846347695006e-02,-1.235665897999587426e-01,-4.950133017397382318e-01,0.000000000000000000e+00
1.302000000000000934e+00,6.155582005314509664e-02,-1.230742051659282077e-01,-4.930455194709524314e-01,0.000000000000000000e+00
1.304000000000000936e+00,6.131065248239373627e-02,-1.225837853756800155e-01,-4.910855332848691468e-01,0.000000000000000000e+00
1.306000000000000938e+00,6.106646183728327987e-02,-1.220953225552266069e-01,-4.891333126077055393e-01,0.000000000000000000e+00
1.308000000000000940e+00,6.082324421955821736e-02,-1.216088088625311286e-01,-4.871888269818305250e-01,0.000000000000000000e+00
1.310000000000000941e+00,6.058099574658347419e-02,-1.211242364873730964e-01,-4.852520460653695356e-01,0.000000000000000000e+00
1.312000000000000943e+00,6.033971255128104533e-02,-1.206415976512146548e-01,-4.833229396318072801e-01,0.000000000000000000e+00
1.314000000000000945e+00,6.009939078206691376e-02,-1.201608846070675168e-01,-4.814014775695965032e-01,0.000000000000000000e+00
1.316000000000000947e+00,5.986002660278819110e-02,-1.196820896393604311e-01,-4.794876298817609683e-01,0.000000000000000000e+00
1.318000000000000949e+00,5.962161619266057727e-02,-1.192052050638073429e-01,-4.775813666855055484e-01,0.000000000000000000e+00
1.320000000000000950e+00,5.938415574620602849e-02,-1.187302232272760827e-01,-4.756826582118236502e-01,0.000000000000000000e+00
1.322000000000000952e+00,5.914764147319070964e-02,-1.182571365076577341e-01,-4.737914748051048619e-01,0.000000000000000000e+00
1.324000000000000954e+00,5.891206959856323810e-02,-1.177859373137365162e-01,-4.719077869227450428e-01,0.000000000000000000e+00
1.326000000000000956e+00,5.867743636239311500e-02,-1.173166180850603452e-01,-4.700315651347588553e-01,0.000000000000000000e+00
1.328000000000000957e+00,5.844373801980948940e-02,-1.168491712918119374e-01,-4.681627801233885222e-01,0.000000000000000000e+00
1.330000000000000959e+00,5.821097084094013080e-02,-1.163835894346805233e-01,-4.663014026827170255e-01,0.000000000000000000e+00
1.332000000000000961e+00,5.797913111085066518e-02,-1.159198650447341161e-01,-4.644474037182808601e-01,0.000000000000000000e+00
1.334000000000000963e+00,5.774821512948408175e-02,-1.154579906832924052e-01,-4.626007542466847866e-01,0.000000000000000000e+00
1.336000000000000965e+00,5.751821921160048257e-02,-1.149979589418002185e-01,-4.607614253952159178e-01,0.000000000000000000e+00
1.338000000000000966e+00,5.728913968671708185e-02,-1.145397624417015398e-01,-4.589293884014586933e-01,0.000000000000000000e+00
1.340000000000000968e+00,5.706097289904845521e-02,-1.140833938343141091e-01,-4.571046146129125187e-01,0.000000000000000000e+00
1.342000000000000970e+00,5.683371520744704558e-02,-1.136288458007046059e-01,-4.552870754866080727e-01,0.000000000000000000e+00
1.344000000000000972e+00,5.660736298534391892e-02,-1.131761110515643737e-01,-4.534767425887269443e-01,0.000000000000000000e+00
1.346000000000000973e+00,5.638191262068974891e-02,-1.127251823270857545e-01,-4.516735875942177181e-01,0.000000000000000000e+00
1.348000000000000975e+00,5.615736051589607231e-02,-1.122760523968389379e-01,-4.498775822864198304e-01,0.000000000000000000e+00
1.350000000000000977e+00,5.593370308777677324e-02,-1.118287140596493784e-01,-4.480886985566809866e-01,0.000000000000000000e+00
1.352000000000000979e+00,5.571093676748982426e-02,-1.113831601434757956e-01,-4.463069084039803514e-01,0.000000000000000000e+00
1.354000000000000981e+00,5.548905800047924941e-02,-1.109393835052886607e-01,-4.445321839345515169e-01,0.000000000000000000e+00
1.356000000000000982e+00,5.526806324641735102e-02,-1.104973770309493342e-01,-4.427644973615048052e-01,0.000000000000000000e+00
1.358000000000000984e+00,5.504794897914717239e-02,-1.100571336350896351e-01,-4.410038210044529006e-01,0.000000000000000000e+00
1.360000000000000986e+00,5.482871168662518946e-02,-1.096186462609920476e-01,-4.392501272891347064e-01,0.000000000000000000e+00
1.362000000000000988e+00,5.461034787086424536e-02,-1.091819078804704135e-01,-4.375033887470434202e-01,0.000000000000000000e+00
1.364000000000000989e+00,5.439285404787674166e-02,-1.087469114937511805e-01,-4.357635780150506122e-01,0.000000000000000000e+00
1.366000000000000991e+00,5.417622674761803092e-02,-1.083136501293551768e-01,-4.340306678350382974e-01,0.000000000000000000e+00
1.368000000000000993e+00,5.396046251393007281e-02,-1.078821168439799139e-01,-4.323046310535243464e-01,0.000000000000000000e+00
1.370000000000000995e+00,5.374555790448530546e-02,-1.074523047223824579e-01,-4.305854406212930030e-01,0.000000000000000000e+00
1.372000000000000997e+00,5.353150949073078035e-02,-1.070242068772627453e-01,-4.288730695930271786e-01,0.000000000000000000e+00
1.374000000000000998e+00,5.331831385783248473e-02,-1.065978164491475089e-01,-4.271674911269394137e-01,0.000000000000000000e+00
1.376000000000001000e+00,5.310596760461993443e-02,-1.061731266062746759e-01,-4.254686784844023961e-01,0.000000000000000000e+00
1.378000000000001002e+00,5.289446734353097507e-02,-1.057501305444782658e-01,-4.237766050295865838e-01,0.000000000000000000e+00
1.380000000000001004e+00,5.268380970055682594e-02,-1.053288214870738843e-01,-4.220912442290909450e-01,0.000000000000000000e+00
1.382000000000001005e+00,5.247399131518733911e-02,-1.049091926847446343e-01,-4.204125696515794708e-01,0.000000000000000000e+00
1.384000000000001007e+00,5.226500884035648054e-02,-1.044912374154275542e-01,-4.187405549674181326e-01,0.000000000000000000e+00
1.386000000000001009e+00,5.205685894238808176e-02,-1.040749489842006520e-01,-4.170751739483129494e-01,0.000000000000000000e+00
1.388000000000001011e+00,5.184953830094174432e-02,-1.036603207231703155e-01,-4.154164004669447241e-01,0.000000000000000000e+00
1.390000000000001013e+00,5.164304360895902862e-02,-1.032473459913593183e-01,-4.137642084966119960e-01,0.000000000000000000e+00
1.392000000000001014e+00,5.143737157260983711e-02,-1.028360181745952701e-01,-4.121185721108691080e-01,0.000000000000000000e+00
1.394000000000001016e+00,5.123251891123904028e-02,-1.024263306853996081e-01,-4.104794654831680489e-01,0.000000000000000000e+00
1.396000000000001018e+00,5.102848235731328314e-02,-1.020182769628770192e-01,-4.088468628864991850e-01,0.000000000000000000e+00
1.398000000000001020e+00,5.082525865636806917e-02,-1.016118504726054167e-01,-4.072207386930359885e-01,0.000000000000000000e+00
1.400000000000001021e+00,5.062284456695501783e-02,-1.012070447065263751e-01,-4.056010673737786565e-01,0.000000000000000000e+00
1.402000000000001023e+00,5.042123686058934406e-02,-1.008038531828360507e-01,-4.039878234981970628e-01,0.000000000000000000e+00
1.404000000000001025e+00,5.022043232169758759e-02,-1.004022694458766018e-01,-4.023809817338777073e-01,0.000000000000000000e+00
1.406000000000001027e+00,5.002042774756552956e-02,-1.000022870660280533e-01,-4.007805168461724410e-01,0.000000000000000000e+00
1.408000000000001029e+00,4.982121994828633132e-02,-9.960389963960067372e-02,-3.991864036978425290e-01,0.000000000000000000e+00
1.410000000000001030e+00,4.962280574670887429e-02,-9.920710078872782556e-02,-3.975986172487098180e-01,0.000000000000000000e+00
1.412000000000001032e+00,4.942518197838635663e-02,-9.881188416125927243e-02,-3.960171325553059063e-01,0.000000000000000000e+00
1.414000000000001034e+00,4.922834549152504957e-02,-9.841824343065495861e-02,-3.944419247705226450e-01,0.000000000000000000e+00
1.416000000000001036e+00,4.903229314693328955e-02,-9.802617229587927417e-02,-3.928729691432633064e-01,0.000000000000000000e+00
1.418000000000001037e+00,4.883702181797069941e-02,-9.763566448129576414e-02,-3.913102410180957502e-01,0.000000000000000000e+00
1.420000000000001039e+00,4.864252839049757610e-02,-9.724671373656233742e-02,-3.897537158349055897e-01,0.000000000000000000e+00
1.422000000000001041e+00,4.844880976282452123e-02,-9.685931383652687798e-02,-3.882033691285506904e-01,0.000000000000000000e+00
1.424000000000001043e+00,4.825586284566227291e-02,-9.647345858112335582e-02,-3.866591765285172233e-01,0.000000000000000000e+00
1.426000000000001044e+00,4.806368456207173873e-02,-9.608914179526840960e-02,-3.851211137585750510e-01,0.000000000000000000e+00
1.428000000000001046e+00,4.787227184741422309e-02,-9.570635732875835966e-02,-3.835891566364351135e-01,0.000000000000000000e+00
1.430000000000001048e+00,4.768162164930189045e-02,-9.532509905616662338e-02,-3.820632810734096996e-01,0.000000000000000000e+00
1.432000000000001050e+00,4.749173092754840897e-02,-9.494536087674169955e-02,-3.805434630740691659e-01,0.000000000000000000e+00
1.434000000000001052e+00,4.730259665411979536e-02,-9.456713671430548585e-02,-3.790296787359039854e-01,0.000000000000000000e+00
1.436000000000001053e+00,4.711421581308548878e-02,-9.419042051715210973e-02,-3.775219042489859067e-01,0.000000000000000000e+00
1.438000000000001055e+00,4.692658540056959121e-02,-9.381520625794716184e-02,-3.760201158956291145e-01,0.000000000000000000e+00
1.440000000000001057e+00,4.673970242470233682e-02,-9.344148793362740124e-02,-3.745242900500549421e-01,0.000000000000000000e+00
1.442000000000001059e+00,4.655356390557173485e-02,-9.306925956530087696e-02,-3.730344031780554737e-01,0.000000000000000000e+00
1.444000000000001060e+00,4.636816687517544139e-02,-9.269851519814750751e-02,-3.715504318366575909e-01,0.000000000000000000e+00
1.446000000000001062e+00,4.618350837737279779e-02,-9.232924890132006290e-02,-3.700723526737907942e-01,0.000000000000000000e+00
1.448000000000001064e+00,4.599958546783710495e-02,-9.196145476784560457e-02,-3.686001424279545802e-01,0.000000000000000000e+00
1.450000000000001066e+00,4.581639521400805021e-02,-9.159512691452734168e-02,-3.671337779278844859e-01,0.000000000000000000e+00
1.452000000000001068e+00,4.563393469504435640e-02,-9.123025948184691758e-02,-3.656732360922234637e-01,0.000000000000000000e+00
1.454000000000001069e+00,4.545220100177662509e-02,-9.086684663386712657e-02,-3.642184939291910339e-01,0.000000000000000000e+00
1.456000000000001071e+00,4.527119123666035333e-02,-9.050488255813507465e-02,-3.627695285362528832e-01,0.000000000000000000e+00
1.458000000000001073e+00,4.509090251372917940e-02,-9.014436146558568730e-02,-3.613263170997962348e-01,0.000000000000000000e+00
1.460000000000001075e+00,4.491133195854828813e-02,-8.978527759044571677e-02,-3.598888368948001126e-01,0.000000000000000000e+00
1.462000000000001076e+00,4.473247670816801053e-02,-8.942762519013815192e-02,-3.584570652845100458e-01,0.000000000000000000e+00
1.464000000000001078e+00,4.455433391107763846e-02,-8.907139854518698885e-02,-3.570309797201136615e-01,0.000000000000000000e+00
1.466000000000001080e+00,4.437690072715939210e-02,-8.871659195912245943e-02,-3.556105577404162776e-01,0.000000000000000000e+00
1.468000000000001082e+00,4.420017432764261622e-02,-8.836319975838670404e-02,-3.541957769715173843e-01,0.000000000000000000e+00
1.470000000000001084e+00,4.402415189505813620e-02,-8.801121629223973564e-02,-3.527866151264897887e-01,0.000000000000000000e+00
1.472000000000001085e+00,4.384883062319280128e-02,-8.766063593266597287e-02,-3.513830500050565409e-01,0.000000000000000000e+00
1.474000000000001087e+00,4.367420771704423610e-02,-8.731145307428102298e-02,-3.499850594932729653e-01,0.000000000000000000e+00
1.476000000000001089e+00,4.350028039277575864e-02,-8.696366213423897817e-02,-3.485926215632066949e-01,0.000000000000000000e+00
1.478000000000001091e+00,4.332704587767147869e-02,-8.661725755214004507e-02,-3.472057142726183709e-01,0.000000000000000000e+00
1.480000000000001092e+00,4.315450141009160440e-02,-8.627223378993860436e-02,-3.458243157646465615e-01,0.000000000000000000e+00
1.482000000000001094e+00,4.298264423942790152e-02,-8.592858533185165903e-02,-3.444484042674895719e-01,0.000000000000000000e+00
1.484000000000001096e+00,4.281147162605936779e-02,-8.558630668426769894e-02,-3.430779580940914730e-01,0.000000000000000000e+00
1.486000000000001098e+00,4.264098084130805294e-02,-8.524539237565591232e-02,-3.417129556418274650e-01,0.000000000000000000e+00
1.488000000000001100e+00,4.247116916739510084e-02,-8.490583695647582751e-02,-3.403533753921907934e-01,0.000000000000000000e+00
1.490000000000001101e+00,4.230203389739692343e-02,-8.456763499908732939e-02,-3.389991959104796670e-01,0.000000000000000000e+00
1.492000000000001103e+00,4.213357233520160366e-02,-8.423078109766105048e-02,-3.376503958454872834e-01,0.000000000000000000e+00
1.494000000000001105e+00,4.196578179546542331e-02,-8.389526986808919229e-02,-3.363069539291898558e-01,0.000000000000000000e+00
1.496000000000001107e+00,4.179865960356962673e-02,-8.356109594789666584e-02,-3.349688489764384158e-01,0.000000000000000000e+00
1.498000000000001108e+00,4.163220309557732340e-02,-8.322825399615266240e-02,-3.336360598846503933e-01,0.000000000000000000e+00
1.500000000000001110e+00,4.146640961819055698e-02,-8.289673869338258505e-02,-3.323085656335009741e-01,0.000000000000000000e+00
1.502000000000001112e+00,4.130127652870759641e-02,-8.256654474148035494e-02,-3.309863452846182330e-01,0.000000000000000000e+00
1.504000000000001114e+00,4.113680119498035193e-02,-8.223766686362110612e-02,-3.296693779812764902e-01,0.000000000000000000e+00
1.506000000000001116e+00,4.097298099537200616e-02,-8.191009980417424119e-02,-3.283576429480923320e-01,0.000000000000000000e+00
1.508000000000001117e+00,4.080981331871477019e-02,-8.158383832861688945e-02,-3.270511194907206320e-01,0.000000000000000000e+00
1.510000000000001119e+00,4.064729556426787543e-02,-8.125887722344767028e-02,-3.257497869955523484e-01,0.000000000000000000e+00
1.512000000000001121e+00,4.048542514167567663e-02,-8.093521129610090070e-02,-3.244536249294127650e-01,0.000000000000000000e+00
1.514000000000001123e+00,4.032419947092595602e-02,-8.061283537486113593e-02,-3.231626128392601771e-01,0.000000000000000000e+00
1.516000000000001124e+00,4.016361598230840102e-02,-8.029174430877805690e-02,-3.218767303518870193e-01,0.000000000000000000e+00
1.518000000000001126e+00,4.000367211637323450e-02,-7.997193296758173253e-02,-3.205959571736216596e-01,0.000000000000000000e+00
1.520000000000001128e+00,3.984436532389003943e-02,-7.965339624159828436e-02,-3.193202730900290831e-01,0.000000000000000000e+00
1.522000000000001130e+00,3.968569306580670836e-02,-7.933612904166585655e-02,-3.180496579656146849e-01,0.000000000000000000e+00
1.524000000000001132e+00,3.952765281320860802e-02,-7.902012629905097452e-02,-3.167840917435287285e-01,0.000000000000000000e+00
1.526000000000001133e+00,3.937024204727787580e-02,-7.870538296536523648e-02,-3.155235544452712482e-01,0.000000000000000000e+00
1.528000000000001135e+00,3.921345825925291045e-02,-7.839189401248239375e-02,-3.142680261703980626e-01,0.000000000000000000e+00
1.530000000000001137e+00,3.905729895038800165e-02,-7.807965443245573622e-02,-3.130174870962283418e-01,0.000000000000000000e+00
1.532000000000001139e+00,3.890176163191313291e-02,-7.776865923743590814e-02,-3.117719174775508417e-01,0.000000000000000000e+00
1.534000000000001140e+00,3.874684382499395813e-02,-7.745890345958895973e-02,-3.105312976463350250e-01,0.000000000000000000e+00
1.536000000000001142e+00,3.859254306069193063e-02,-7.715038215101487074e-02,-3.092956080114392936e-01,0.000000000000000000e+00
1.538000000000001144e+00,3.843885687992459887e-02,-7.684309038366630984e-02,-3.080648290583229976e-01,0.000000000000000000e+00
1.540000000000001146e+00,3.828578283342606164e-02,-7.653702324926783818e-02,-3.068389413487571105e-01,0.000000000000000000e+00
1.542000000000001148e+00,3.813331848170758986e-02,-7.623217585923536266e-02,-3.056179255205377920e-01,0.000000000000000000e+00
1.544000000000001149e+00,3.798146139501840102e-02,-7.592854334459601950e-02,-3.044017622871997286e-01,0.000000000000000000e+00
1.546000000000001151e+00,3.783020915330658623e-02,-7.562612085590830757e-02,-3.031904324377305837e-01,0.000000000000000000e+00
1.548000000000001153e+00,3.767955934618021779e-02,-7.532490356318266578e-02,-3.019839168362861148e-01,0.000000000000000000e+00
1.550000000000001155e+00,3.752950957286861622e-02,-7.502488665580225868e-02,-3.007821964219083988e-01,0.000000000000000000e+00
1.552000000000001156e+00,3.738005744218372839e-02,-7.472606534244422005e-02,-2.995852522082416147e-01,0.000000000000000000e+00
1.554000000000001158e+00,3.723120057248172771e-02,-7.442843485100116008e-02,-2.983930652832504915e-01,0.000000000000000000e+00
1.556000000000001160e+00,3.708293659162471834e-02,-7.413199042850303344e-02,-2.972056168089400874e-01,0.000000000000000000e+00
1.558000000000001162e+00,3.693526313694264068e-02,-7.383672734103929880e-02,-2.960228880210769020e-01,0.000000000000000000e+00
1.560000000000001164e+00,3.678817785519528094e-02,-7.354264087368145297e-02,-2.948448602289079901e-01,0.000000000000000000e+00
1.562000000000001165e+00,3.664167840253446801e-02,-7.324972633040588432e-02,-2.936715148148845156e-01,0.000000000000000000e+00
1.564000000000001167e+00,3.649576244446643691e-02,-7.295797903401701756e-02,-2.925028332343853066e-01,0.000000000000000000e+00
1.566000000000001169e+00,3.635042765581429636e-02,-7.266739432607083327e-02,-2.913387970154386331e-01,0.000000000000000000e+00
1.568000000000001171e+00,3.620567172068069745e-02,-7.237796756679866494e-02,-2.901793877584493142e-01,0.000000000000000000e+00
1.570000000000001172e+00,3.606149233241063429e-02,-7.208969413503134305e-02,-2.890245871359238272e-01,0.000000000000000000e+00
1.572000000000001174e+00,3.591788719355439030e-02,-7.180256942812365817e-02,-2.878743768921969703e-01,0.000000000000000000e+00
1.574000000000001176e+00,3.577485401583063024e-02,-7.151658886187912956e-02,-2.867287388431591921e-01,0.000000000000000000e+00
1.576000000000001178e+00,3.563239052008967955e-02,-7.123174787047512058e-02,-2.855876548759852529e-01,0.000000000000000000e+00
1.578000000000001180e+00,3.549049443627690092e-02,-7.094804190638821784e-02,-2.844511069488644406e-01,0.000000000000000000e+00
1.580000000000001181e+00,3.534916350339625812e-02,-7.066546644031997115e-02,-2.833190770907307865e-01,0.000000000000000000e+00
1.582000000000001183e+00,3.520839546947401172e-02,-7.038401696112291106e-02,-2.821915474009939473e-01,0.000000000000000000e+00
1.584000000000001185e+00,3.506818809152256050e-02,-7.010368897572692715e-02,-2.810685000492716412e-01,0.000000000000000000e+00
1.586000000000001187e+00,3.492853913550442863e-02,-6.982447800906591007e-02,-2.799499172751225284e-01,0.000000000000000000e+00
1.588000000000001188e+00,3.478944637629641928e-02,-6.954637960400469887e-02,-2.788357813877815339e-01,0.000000000000000000e+00
1.590000000000001190e+00,3.465090759765388634e-02,-6.926938932126636139e-02,-2.777260747658936157e-01,0.000000000000000000e+00
1.592000000000001192e+00,3.451292059217516556e-02,-6.899350273935979383e-02,-2.766207798572499765e-01,0.000000000000000000e+00
1.594000000000001194e+00,3.437548316126615155e-02,-6.871871545450757013e-02,-2.755198791785249401e-01,0.000000000000000000e+00
1.596000000000001195e+00,3.423859311510500658e-02,-6.844502308057415219e-02,-2.744233553150139393e-01,0.000000000000000000e+00
1.598000000000001197e+00,3.410224827260701502e-02,-6.817242124899436373e-02,-2.733311909203708367e-01,0.000000000000000000e+00
1.600000000000001199e+00,3.396644646138961138e-02,-6.790090560870215564e-02,-2.722433687163499094e-01,0.000000000000000000e+00
1.602000000000001201e+00,3.383118551773749150e-02,-6.763047182605971819e-02,-2.711598714925442799e-01,0.000000000000000000e+00
1.604000000000001203e+00,3.369646328656791812e-02,-6.736111558478684314e-02,-2.700806821061272345e-01,0.000000000000000000e+00
1.606000000000001204e+00,3.356227762139613741e-02,-6.709283258589061882e-02,-2.690057834815955395e-01,0.000000000000000000e+00
1.608000000000001206e+00,3.342862638430094818e-02,-6.682561854759536124e-02,-2.679351586105120919e-01,0.000000000000000000e+00
1.610000000000001208e+00,3.329550744589040295e-02,-6.655946920527294752e-02,-2.668687905512490133e-01,0.000000000000000000e+00
1.612000000000001210e+00,3.316291868526765468e-02,-6.629438031137328824e-02,-2.658066624287336310e-01,0.000000000000000000e+00
1.614000000000001211e+00,3.303085798999694234e-02,-6.603034763535522988e-02,-2.647487574341940153e-01,0.000000000000000000e+00
1.616000000000001213e+00,3.289932325606970825e-02,-6.576736696361766554e-02,-2.636950588249056260e-01,0.000000000000000000e+00
1.618000000000001215e+00,3.276831238787084738e-02,-6.550543409943097861e-02,-2.626455499239381819e-01,0.000000000000000000e+00
1.620000000000001217e+00,3.263782329814510913e-02,-6.524454486286870858e-02,-2.616002141199049724e-01,0.000000000000000000e+00
1.622000000000001219e+00,3.250785390796363111e-02,-6.498469509073959149e-02,-2.605590348667117251e-01,0.000000000000000000e+00
1.624000000000001220e+00,3.237840214669059080e-02,-6.472588063651982249e-02,-2.595219956833063613e-01,0.000000000000000000e+00
1.626000000000001222e+00,3.224946595195001681e-02,-6.446809737028560972e-02,-2.584890801534309723e-01,0.000000000000000000e+00
1.628000000000001224e+00,3.212104326959272504e-02,-6.421134117864601976e-02,-2.574602719253726857e-01,0.000000000000000000e+00
1.630000000000001226e+00,3.199313205366337287e-02,-6.395560796467608666e-02,-2.564355547117176393e-01,0.000000000000000000e+00
1.632000000000001227e+00,3.186573026636767281e-02,-6.370089364785024022e-02,-2.554149122891031798e-01,0.000000000000000000e+00
1.634000000000001229e+00,3.173883587803972423e-02,-6.344719416397595624e-02,-2.543983284979736137e-01,0.000000000000000000e+00
1.636000000000001231e+00,3.161244686710946994e-02,-6.319450546512772604e-02,-2.533857872423350699e-01,0.000000000000000000e+00
1.638000000000001233e+00,3.148656122007030544e-02,-6.294282351958128963e-02,-2.523772724895116948e-01,0.000000000000000000e+00
1.640000000000001235e+00,3.136117693144680613e-02,-6.269214431174813251e-02,-2.513727682699020693e-01,0.000000000000000000e+00
1.642000000000001236e+00,3.123629200376258630e-02,-6.244246384211023931e-02,-2.503722586767397340e-01,0.000000000000000000e+00
1.644000000000001238e+00,3.111190444750827622e-02,-6.219377812715518039e-02,-2.493757278658481624e-01,0.000000000000000000e+00
1.646000000000001240e+00,3.098801228110965172e-02,-6.194608319931140666e-02,-2.483831600554035068e-01,0.000000000000000000e+00
1.648000000000001242e+00,3.086461353089588536e-02,-6.169937510688382892e-02,-2.473945395256941238e-01,0.000000000000000000e+00
1.650000000000001243e+00,3.074170623106790498e-02,-6.145364991398968857e-02,-2.464098506188812099e-01,0.000000000000000000e+00
1.652000000000001245e+00,3.061928842366691550e-02,-6.120890370049467122e-02,-2.454290777387617695e-01,0.000000000000000000e+00
1.654000000000001247e+00,3.049735815854301771e-02,-6.096513256194928398e-02,-2.444522053505322479e-01,0.000000000000000000e+00
1.656000000000001249e+00,3.037591349332396592e-02,-6.072233260952551726e-02,-2.434792179805502776e-01,0.000000000000000000e+00
1.658000000000001251e+00,3.025495249338405745e-02,-6.048049996995374239e-02,-2.425101002161024200e-01,0.000000000000000000e+00
1.660000000000001252e+00,3.013447323181313656e-02,-6.023963078545990085e-02,-2.415448367051670209e-01,0.000000000000000000e+00
1.662000000000001254e+00,3.001447378938573024e-02,-5.999972121370292233e-02,-2.405834121561825079e-01,0.000000000000000000e+00
1.664000000000001256e+00,2.989495225453030550e-02,-5.976076742771244121e-02,-2.396258113378131327e-01,0.000000000000000000e+00
1.666000000000001258e+00,2.977590672329865143e-02,-5.952276561582672126e-02,-2.386720190787184892e-01,0.000000000000000000e+00
1.668000000000001259e+00,2.965733529933538976e-02,-5.928571198163089251e-02,-2.377220202673213656e-01,0.000000000000000000e+00
1.670000000000001261e+00,2.953923609384759980e-02,-5.904960274389538938e-02,-2.367757998515777063e-01,0.000000000000000000e+00
1.672000000000001263e+00,2.942160722557457184e-02,-5.881443413651469415e-02,-2.358333428387476838e-01,0.000000000000000000e+00
1.674000000000001265e+00,2.930444682075767845e-02,-5.858020240844629550e-02,-2.348946342951664379e-01,0.000000000000000000e+00
1.676000000000001267e+00,2.918775301311037768e-02,-5.834690382364992461e-02,-2.339596593460163687e-01,0.000000000000000000e+00
1.678000000000001268e+00,2.907152394378832369e-02,-5.811453466102702026e-02,-2.330284031751006513e-01,0.000000000000000000e+00
1.680000000000001270e+00,2.895575776135960247e-02,-5.788309121436047838e-02,-2.321008510246164169e-01,0.000000000000000000e+00
1.682000000000001272e+00,2.884045262177509228e-02,-5.765256979225460293e-02,-2.311769881949300443e-01,0.000000000000000000e+00
1.684000000000001274e+00,2.872560668833894215e-02,-5.742296671807534808e-02,-2.302568000443522278e-01,0.000000000000000000e+00
1.686000000000001275e+00,2.861121813167916139e-02,-5.719427832989078947e-02,-2.293402719889138242e-01,0.000000000000000000e+00
1.688000000000001277e+00,2.849728512971833744e-02,-5.696650098041183830e-02,-2.284273895021440293e-01,0.000000000000000000e+00
1.690000000000001279e+00,2.838380586764447169e-02,-5.673963103693321214e-02,-2.275181381148475568e-01,0.000000000000000000e+00
1.692000000000001281e+00,2.827077853788192291e-02,-5.651366488127462090e-02,-2.266125034148830375e-01,0.000000000000000000e+00
1.694000000000001283e+00,2.815820134006247893e-02,-5.628859890972225111e-02,-2.257104710469430842e-01,0.000000000000000000e+00
1.696000000000001284e+00,2.804607248099653949e-02,-5.606442953297042370e-02,-2.248120267123349114e-01,0.000000000000000000e+00
1.698000000000001286e+00,2.793439017464441343e-02,-5.584115317606355017e-02,-2.239171561687597345e-01,0.000000000000000000e+00
1.700000000000001288e+00,2.782315264208773745e-02,-5.561876627833828302e-02,-2.230258452300970529e-01,0.000000000000000000e+00
1.702000000000001290e+00,2.771235811150100578e-02,-5.539726529336595068e-02,-2.221380797661850481e-01,0.000000000000000000e+00
1.704000000000001291e+00,2.760200481812321444e-02,-5.517664668889517288e-02,-2.212538457026058669e-01,0.000000000000000000e+00
1.706000000000001293e+00,2.749209100422962335e-02,-5.495690694679478128e-02,-2.203731290204684612e-01,0.000000000000000000e+00
1.708000000000001295e+00,2.738261491910362957e-02,-5.473804256299689974e-02,-2.194959157561948704e-01,0.000000000000000000e+00
1.710000000000001297e+00,2.727357481900874805e-02,-5.452005004744033684e-02,-2.186221920013046160e-01,0.000000000000000000e+00
1.712000000000001299e+00,2.716496896716072071e-02,-5.430292592401414487e-02,-2.177519439022024272e-01,0.000000000000000000e+00
1.714000000000001300e+00,2.705679563369971924e-02,-5.408666673050143564e-02,-2.168851576599658548e-01,0.000000000000000000e+00
1.716000000000001302e+00,2.694905309566267282e-02,-5.387126901852345995e-02,-2.160218195301315536e-01,0.000000000000000000e+00
1.718000000000001304e+00,2.684173963695570680e-02,-5.365672935348386047e-02,-2.151619158224865602e-01,0.000000000000000000e+00
1.720000000000001306e+00,2.673485354832668207e-02,-5.344304431451318838e-02,-2.143054329008562409e-01,0.000000000000000000e+00
1.722000000000001307e+00,2.662839312733785574e-02,-5.323021049441364200e-02,-2.134523571828960131e-01,0.000000000000000000e+00
1.724000000000001309e+00,2.652235667833864607e-02,-5.301822449960404138e-02,-2.126026751398810699e-01,0.000000000000000000e+00
1.726000000000001311e+00,2.641674251243851523e-02,-5.280708295006500408e-02,-2.117563732965006551e-01,0.000000000000000000e+00
1.728000000000001313e+00,2.631154894747994577e-02,-5.259678247928436384e-02,-2.109134382306480093e-01,0.000000000000000000e+00
1.730000000000001315e+00,2.620677430801153854e-02,-5.238731973420282517e-02,-2.100738565732163110e-01,0.000000000000000000e+00
1.732000000000001316e+00,2.610241692526121815e-02,-5.217869137515981220e-02,-2.092376150078917307e-01,0.000000000000000000e+00
1.734000000000001318e+00,2.599847513710953906e-02,-5.197089407583956044e-02,-2.084047002709485952e-01,0.000000000000000000e+00
1.736000000000001320e+00,2.589494728806310264e-02,-5.176392452321743054e-02,-2.075750991510452170e-01,0.000000000000000000e+00
1.738000000000001322e+00,2.579183172922808881e-02,-5.155777941750642329e-02,-2.067487984890207242e-01,0.000000000000000000e+00
1.740000000000001323e+00,2.568912681828388125e-02,-5.135245547210393752e-02,-2.059257851776922221e-01,0.000000000000000000e+00
1.742000000000001325e+00,2.558683091945680374e-02,-5.114794941353872915e-02,-2.051060461616525110e-01,0.000000000000000000e+00
1.744000000000001327e+00,2.548494240349396742e-02,-5.094425798141810624e-02,-2.042895684370689136e-01,0.000000000000000000e+00
1.746000000000001329e+00,2.538345964763721527e-02,-5.074137792837531830e-02,-2.034763390514834347e-01,0.000000000000000000e+00
1.748000000000001330e+00,2.528238103559718106e-02,-5.053930602001717454e-02,-2.026663451036123664e-01,0.000000000000000000e+00
1.750000000000001332e+00,2.518170495752743848e-02,-5.033803903487187037e-02,-2.018595737431476689e-01,0.000000000000000000e+00
1.752000000000001334e+00,2.508142980999876481e-02,-5.013757376433704283e-02,-2.010560121705580183e-01,0.000000000000000000e+00
1.754000000000001336e+00,2.498155399597350862e-02,-4.993790701262802029e-02,-2.002556476368920757e-01,0.000000000000000000e+00
1.756000000000001338e+00,2.488207592478005464e-02,-4.973903559672629426e-02,-1.994584674435815330e-01,0.000000000000000000e+00
1.758000000000001339e+00,2.478299401208739969e-02,-4.954095634632819239e-02,-1.986644589422449370e-01,0.000000000000000000e+00
1.760000000000001341e+00,2.468430667987981178e-02,-4.934366610379377349e-02,-1.978736095344920676e-01,0.000000000000000000e+00
1.762000000000001343e+00,2.458601235643162117e-02,-4.914716172409593770e-02,-1.970859066717298713e-01,0.000000000000000000e+00
1.764000000000001345e+00,2.448810947628208071e-02,-4.895144007476972398e-02,-1.963013378549676169e-01,0.000000000000000000e+00
1.766000000000001346e+00,2.439059648021035809e-02,-4.875649803586181580e-02,-1.955198906346252707e-01,0.000000000000000000e+00
1.768000000000001348e+00,2.429347181521059745e-02,-4.856233249988028966e-02,-1.947415526103393191e-01,0.000000000000000000e+00
1.770000000000001350e+00,2.419673393446710938e-02,-4.836894037174450933e-02,-1.939663114307722536e-01,0.000000000000000000e+00
1.772000000000001352e+00,2.410038129732963719e-02,-4.817631856873529073e-02,-1.931941547934208359e-01,0.000000000000000000e+00
1.774000000000001354e+00,2.400441236928874816e-02,-4.798446402044521247e-02,-1.924250704444264715e-01,0.000000000000000000e+00
1.776000000000001355e+00,2.390882562195129069e-02,-4.779337366872916937e-02,-1.916590461783849175e-01,0.000000000000000000e+00
1.778000000000001357e+00,2.381361953301597972e-02,-4.760304446765511316e-02,-1.908960698381573229e-01,0.000000000000000000e+00
1.780000000000001359e+00,2.371879258624906908e-02,-4.741347338345498763e-02,-1.901361293146829334e-01,0.000000000000000000e+00
1.782000000000001361e+00,2.362434327146011731e-02,-4.722465739447587879e-02,-1.893792125467906873e-01,0.000000000000000000e+00
1.784000000000001362e+00,2.353027008447785423e-02,-4.703659349113135241e-02,-1.886253075210125862e-01,0.000000000000000000e+00
1.786000000000001364e+00,2.343657152712614808e-02,-4.684927867585299971e-02,-1.878744022713979556e-01,0.000000000000000000e+00
1.788000000000001366e+00,2.334324610720006285e-02,-4.666270996304217045e-02,-1.871264848793278146e-01,0.000000000000000000e+00
1.790000000000001368e+00,2.325029233844201973e-02,-4.647688437902192105e-02,-1.863815434733300247e-01,0.000000000000000000e+00
1.792000000000001370e+00,2.315770874051804179e-02,-4.629179896198912930e-02,-1.856395662288955473e-01,0.000000000000000000e+00
1.794000000000001371e+00,2.306549383899410971e-02,-4.610745076196684500e-02,-1.849005413682949239e-01,0.000000000000000000e+00
1.796000000000001373e+00,2.297364616531259729e-02,-4.592383684075678624e-02,-1.841644571603953118e-01,0.000000000000000000e+00
1.798000000000001375e+00,2.288216425676881452e-02,-4.574095427189207169e-02,-1.834313019204794060e-01,0.000000000000000000e+00
1.800000000000001377e+00,2.279104665648763392e-02,-4.555880014059013328e-02,-1.827010640100632521e-01,0.000000000000000000e+00
1.802000000000001378e+00,2.270029191340022096e-02,-4.537737154370579534e-02,-1.819737318367161683e-01,0.000000000000000000e+00
1.804000000000001380e+00,2.260989858222085119e-02,-4.519666558968458286e-02,-1.812492938538806664e-01,0.000000000000000000e+00
1.806000000000001382e+00,2.251986522342381766e-02,-4.501667939851621003e-02,-1.805277385606933738e-01,0.000000000000000000e+00
1.808000000000001384e+00,2.243019040322044230e-02,-4.483741010168824231e-02,-1.798090545018058428e-01,0.000000000000000000e+00
1.810000000000001386e+00,2.234087269353616373e-02,-4.465885484213994588e-02,-1.790932302672073595e-01,0.000000000000000000e+00
1.812000000000001387e+00,2.225191067198773257e-02,-4.448101077421635907e-02,-1.783802544920475297e-01,0.000000000000000000e+00
1.814000000000001389e+00,2.216330292186048656e-02,-4.430387506362250954e-02,-1.776701158564593097e-01,0.000000000000000000e+00
1.816000000000001391e+00,2.207504803208572980e-02,-4.412744488737784659e-02,-1.769628030853837020e-01,0.000000000000000000e+00
1.818000000000001393e+00,2.198714459721818823e-02,-4.395171743377084689e-02,-1.762583049483940068e-01,0.000000000000000000e+00
1.820000000000001394e+00,2.189959121741356235e-02,-4.377668990231380758e-02,-1.755566102595215172e-01,0.000000000000000000e+00
1.822000000000001396e+00,2.181238649840616661e-02,-4.360235950369781982e-02,-1.748577078770815474e-01,0.000000000000000000e+00
1.824000000000001398e+00,2.172552905148666946e-02,-4.342872345974792270e-02,-1.741615867035000154e-01,0.000000000000000000e+00
1.826000000000001400e+00,2.163901749347991316e-02,-4.325577900337846532e-02,-1.734682356851410256e-01,0.000000000000000000e+00
1.828000000000001402e+00,2.155285044672281686e-02,-4.308352337854860076e-02,-1.727776438121350067e-01,0.000000000000000000e+00
1.830000000000001403e+00,2.146702653904238034e-02,-4.291195384021802284e-02,-1.720898001182068482e-01,0.000000000000000000e+00
1.832000000000001405e+00,2.138154440373377443e-02,-4.274106765430282784e-02,-1.714046936805057042e-01,0.000000000000000000e+00
1.834000000000001407e+00,2.129640267953851127e-02,-4.257086209763159129e-02,-1.707223136194350177e-01,0.000000000000000000e+00
1.836000000000001409e+00,2.121160001062270817e-02,-4.240133445790159744e-02,-1.700426490984827677e-01,0.000000000000000000e+00
1.838000000000001410e+00,2.112713504655543834e-02,-4.223248203363527686e-02,-1.693656893240531591e-01,0.000000000000000000e+00
1.840000000000001412e+00,2.104300644228716474e-02,-4.206430213413678981e-02,-1.686914235452979804e-01,0.000000000000000000e+00
1.842000000000001414e+00,2.095921285812826773e-02,-4.189679207944881079e-02,-1.680198410539497367e-01,0.000000000000000000e+00
1.844000000000001416e+00,2.087575295972764894e-02,-4.172994920030946575e-02,-1.673509311841545610e-01,0.000000000000000000e+00
1.846000000000001418e+00,2.079262541805142889e-02,-4.156377083810947753e-02,-1.666846833123055704e-01,0.000000000000000000e+00
1.848000000000001419e+00,2.070982890936173132e-02,-4.139825434484944305e-02,-1.660210868568782194e-01,0.000000000000000000e+00
1.850000000000001421e+00,2.062736211519553692e-02,-4.123339708309731177e-02,-1.653601312782644328e-01,0.000000000000000000e+00
1.852000000000001423e+00,2.054522372234364458e-02,-4.106919642594603764e-02,-1.647018060786091809e-01,0.000000000000000000e+00
1.854000000000001425e+00,2.046341242282970208e-02,-4.090564975697139755e-02,-1.640461008016457223e-01,0.000000000000000000e+00
1.856000000000001426e+00,2.038192691388932345e-02,-4.074275447018996243e-02,-1.633930050325335115e-01,0.000000000000000000e+00
1.858000000000001428e+00,2.030076589794928971e-02,-4.058050797001726967e-02,-1.627425083976953291e-01,0.000000000000000000e+00
1.860000000000001430e+00,2.021992808260683616e-02,-4.041890767122614803e-02,-1.620946005646550780e-01,0.000000000000000000e+00
1.862000000000001432e+00,2.013941218060902663e-02,-4.025795099890522311e-02,-1.614492712418774678e-01,0.000000000000000000e+00
1.864000000000001434e+00,2.005921690983219000e-02,-4.009763538841756847e-02,-1.608065101786064766e-01,0.000000000000000000e+00
1.866000000000001435e+00,1.997934099326147128e-02,-3.993795828535953718e-02,-1.601663071647062564e-01,0.000000000000000000e+00
1.868000000000001437e+00,1.989978315897043132e-02,-3.977891714551978763e-02,-1.595286520305005951e-01,0.000000000000000000e+00
1.870000000000001439e+00,1.982054214010075394e-02,-3.962050943483842735e-02,-1.588935346466153753e-01,0.000000000000000000e+00
1.872000000000001441e+00,1.974161667484202257e-02,-3.946273262936635107e-02,-1.582609449238192578e-01,0.000000000000000000e+00
1.874000000000001442e+00,1.966300550641157316e-02,-3.930558421522473145e-02,-1.576308728128672509e-01,0.000000000000000000e+00
1.876000000000001444e+00,1.958470738303444425e-02,-3.914906168856469720e-02,-1.570033083043426148e-01,0.000000000000000000e+00
1.878000000000001446e+00,1.950672105792338948e-02,-3.899316255552714300e-02,-1.563782414285013189e-01,0.000000000000000000e+00
1.880000000000001448e+00,1.942904528925898378e-02,-3.883788433220271979e-02,-1.557556622551158343e-01,0.000000000000000000e+00
1.882000000000001450e+00,1.935167884016979895e-02,-3.868322454459199172e-02,-1.551355608933201458e-01,0.000000000000000000e+00
1.884000000000001451e+00,1.927462047871266598e-02,-3.852918072856573173e-02,-1.545179274914549872e-01,0.000000000000000000e+00
1.886000000000001453e+00,1.919786897785301372e-02,-3.837575042982541151e-02,-1.539027522369139644e-01,0.000000000000000000e+00
1.888000000000001455e+00,1.912142311544528725e-02,-3.822293120386382331e-02,-1.532900253559903447e-01,0.000000000000000000e+00
1.890000000000001457e+00,1.904528167421343579e-02,-3.807072061592587514e-02,-1.526797371137234016e-01,0.000000000000000000e+00
1.892000000000001458e+00,1.896944344173149763e-02,-3.791911624096953176e-02,-1.520718778137474247e-01,0.000000000000000000e+00
1.894000000000001460e+00,1.889390721040424409e-02,-3.776811566362692912e-02,-1.514664377981388421e-01,0.000000000000000000e+00
1.896000000000001462e+00,1.881867177744791370e-02,-3.761771647816564840e-02,-1.508634074472662290e-01,0.000000000000000000e+00
1.898000000000001464e+00,1.874373594487101224e-02,-3.746791628845012878e-02,-1.502627771796384293e-01,0.000000000000000000e+00
1.900000000000001465e+00,1.866909851945520657e-02,-3.731871270790323991e-02,-1.496645374517564520e-01,0.000000000000000000e+00
1.902000000000001467e+00,1.859475831273627033e-02,-3.717010335946803468e-02,-1.490686787579622585e-01,0.000000000000000000e+00
1.904000000000001469e+00,1.852071414098513044e-02,-3.702208587556961999e-02,-1.484751916302913255e-01,0.000000000000000000e+00
1.906000000000001471e+00,1.844696482518897590e-02,-3.687465789807720107e-02,-1.478840666383238744e-01,0.000000000000000000e+00
1.908000000000001473e+00,1.837350919103244301e-02,-3.672781707826629216e-02,-1.472952943890371014e-01,0.000000000000000000e+00
1.910000000000001474e+00,1.830034606887888035e-02,-3.658156107678105923e-02,-1.467088655266582942e-01,0.000000000000000000e+00
1.912000000000001476e+00,1.822747429375168662e-02,-3.643588756359680825e-02,-1.461247707325185052e-01,0.000000000000000000e+00
1.914000000000001478e+00,1.815489270531572136e-02,-3.629079421798265398e-02,-1.455430007249064461e-01,0.000000000000000000e+00
1.916000000000001480e+00,1.808260014785879194e-02,-3.614627872846432055e-02,-1.449635462589224932e-01,0.000000000000000000e+00
1.918000000000001481e+00,1.801059547027321697e-02,-3.600233879278709470e-02,-1.443863981263351359e-01,0.000000000000000000e+00
1.920000000000001483e+00,1.793887752603745903e-02,-3.585897211787893168e-02,-1.438115471554354263e-01,0.000000000000000000e+00
1.922000000000001485e+00,1.786744517319783024e-02,-3.571617641981370689e-02,-1.432389842108938716e-01,0.000000000000000000e+00
1.924000000000001487e+00,1.779629727435028119e-02,-3.557394942377461317e-02,-1.426687001936174370e-01,0.000000000000000000e+00
1.926000000000001489e+00,1.772543269662224530e-02,-3.543228886401771777e-02,-1.421006860406063277e-01,0.000000000000000000e+00
1.928000000000001490e+00,1.765485031165457339e-02,-3.529119248383565111e-02,-1.415349327248125455e-01,0.000000000000000000e+00
1.930000000000001492e+00,1.758454899558353074e-02,-3.515065803552146900e-02,-1.409714312549977810e-01,0.000000000000000000e+00
1.932000000000001494e+00,1.751452762902286700e-02,-3.501068328033261901e-02,-1.404101726755927482e-01,0.000000000000000000e+00
1.934000000000001496e+00,1.744478509704595545e-02,-3.487126598845509406e-02,-1.398511480665567408e-01,0.000000000000000000e+00
1.936000000000001497e+00,1.737532028916801904e-02,-3.473240393896769723e-02,-1.392943485432376338e-01,0.000000000000000000e+00
1.938000000000001499e+00,1.730613209932840499e-02,-3.459409491980647289e-02,-1.387397652562326611e-01,0.000000000000000000e+00
1.940000000000001501e+00,1.723721942587294609e-02,-3.445633672772927675e-02,-1.381873893912494156e-01,0.000000000000000000e+00
1.942000000000001503e+00,1.716858117153638452e-02,-3.431912716828048465e-02,-1.376372121689676264e-01,0.000000000000000000e+00
1.944000000000001505e+00,1.710021624342487195e-02,-3.418246405575584707e-02,-1.370892248449012696e-01,0.000000000000000000e+00
1.946000000000001506e+00,1.703212355299853556e-02,-3.404634521316747542e-02,-1.365434187092617879e-01,0.000000000000000000e+00
1.948000000000001508e+00,1.696430201605411692e-02,-3.391076847220899498e-02,-1.359997850868207570e-01,0.000000000000000000e+00
1.950000000000001510e+00,1.689675055270767681e-02,-3.377573167322080183e-02,-1.354583153367742154e-01,0.000000000000000000e+00
1.952000000000001512e+00,1.682946808737736596e-02,-3.364123266515550714e-02,-1.349190008526065521e-01,0.000000000000000000e+00
1.954000000000001513e+00,1.676245354876627902e-02,-3.350726930554346478e-02,-1.343818330619557244e-01,0.000000000000000000e+00
1.956000000000001515e+00,1.669570586984536059e-02,-3.337383946045847927e-02,-1.338468034264788109e-01,0.000000000000000000e+00
1.958000000000001517e+00,1.662922398783639455e-02,-3.324094100448363870e-02,-1.333139034417175628e-01,0.000000000000000000e+00
1.960000000000001519e+00,1.656300684419503844e-02,-3.310857182067730026e-02,-1.327831246369647333e-01,0.000000000000000000e+00
1.962000000000001521e+00,1.649705338459395848e-02,-3.297672980053917985e-02,-1.322544585751314061e-01,0.000000000000000000e+00
1.964000000000001522e+00,1.643136255890600625e-02,-3.284541284397659439e-02,-1.317278968526147676e-01,0.000000000000000000e+00
1.966000000000001524e+00,1.636593332118746469e-02,-3.271461885927087060e-02,-1.312034310991646580e-01,0.000000000000000000e+00
1.968000000000001526e+00,1.630076462966137743e-02,-3.258434576304383712e-02,-1.306810529777536756e-01,0.000000000000000000e+00
1.970000000000001528e+00,1.623585544670093014e-02,-3.245459148022448309e-02,-1.301607541844455040e-01,0.000000000000000000e+00
1.972000000000001529e+00,1.617120473881289780e-02,-3.232535394401575557e-02,-1.296425264482637951e-01,0.000000000000000000e+00
1.974000000000001531e+00,1.610681147662117521e-02,-3.219663109586146099e-02,-1.291263615310636048e-01,0.000000000000000000e+00
1.976000000000001533e+00,1.604267463485034920e-02,-3.206842088541333319e-02,-1.286122512274006091e-01,0.000000000000000000e+00
1.978000000000001535e+00,1.597879319230935402e-02,-3.194072127049821241e-02,-1.281001873644027622e-01,0.000000000000000000e+00
1.980000000000001537e+00,1.591516613187518234e-02,-3.181353021708537704e-02,-1.275901618016412886e-01,0.000000000000000000e+00
1.982000000000001538e+00,1.585179244047667593e-02,-3.168684569925397931e-02,-1.270821664310033405e-01,0.000000000000000000e+00
1.984000000000001540e+00,1.578867110907835464e-02,-3.156066569916062686e-02,-1.265761931765642112e-01,0.000000000000000000e+00
1.986000000000001542e+00,1.572580113266433890e-02,-3.143498820700710988e-02,-1.260722339944597703e-01,0.000000000000000000e+00
1.988000000000001544e+00,1.566318151022232097e-02,-3.130981122100822550e-02,-1.255702808727612307e-01,0.000000000000000000e+00
1.990000000000001545e+00,1.560081124472760192e-02,-3.118513274735976171e-02,-1.250703258313479171e-01,0.000000000000000000e+00
1.992000000000001547e+00,1.553868934312718948e-02,-3.106095080020659580e-02,-1.245723609217820882e-01,0.000000000000000000e+00
1.994000000000001549e+00,1.547681481632396695e-02,-3.093726340161092117e-02,-1.240763782271839255e-01,0.000000000000000000e+00
1.996000000000001551e+00,1.541518667916092628e-02,-3.081406858152059905e-02,-1.235823698621074107e-01,0.000000000000000000e+00
1.998000000000001553e+00,1.535380395040545146e-02,-3.069136437773765241e-02,-1.230903279724155919e-01,0.000000000000000000e+00
2.000000000000001332e+00,1.529266565273367830e-02,-3.056914883588687445e-02,-1.226002447351571267e-01,0.000000000000000000e+00
2.002000000000001112e+00,1.523177081271490964e-02,-3.044742000938456886e-02,-1.221121123584432699e-01,0.000000000000000000e+00
2.004000000000000892e+00,1.517111846079609479e-02,-3.032617595940740110e-02,-1.216259230813254155e-01,0.000000000000000000e+00
2.006000000000000671e+00,1.511070763128637140e-02,-3.020541475486140243e-02,-1.211416691736724172e-01,0.000000000000000000e+00
2.008000000000000451e+00,1.505053736234166981e-02,-3.008513447235107094e-02,-1.206593429360496850e-01,0.000000000000000000e+00
2.010000000000000231e+00,1.499060669594937285e-02,-2.996533319614862190e-02,-1.201789366995970054e-01,0.000000000000000000e+00
2.012000000000000011e+00,1.493091467791304687e-02,-2.984600901816334209e-02,-1.197004428259083597e-01,0.000000000000000000e+00
2.013999999999999790e+00,1.487146035783722467e-02,-2.972716003791107259e-02,-1.192238537069117976e-01,0.000000000000000000e+00
2.015999999999999570e+00,1.481224278911225621e-02,-2.960878436248381984e-02,-1.187491617647491449e-01,0.000000000000000000e+00
2.017999999999999350e+00,1.475326102889921651e-02,-2.949088010651948477e-02,-1.182763594516569317e-01,0.000000000000000000e+00
2.019999999999999130e+00,1.469451413811487250e-02,-2.937344539217171327e-02,-1.178054392498474878e-01,0.000000000000000000e+00
2.021999999999998909e+00,1.463600118141671243e-02,-2.925647834907987507e-02,-1.173363936713905376e-01,0.000000000000000000e+00
2.023999999999998689e+00,1.457772122718803409e-02,-2.913997711433915019e-02,-1.168692152580949606e-01,0.000000000000000000e+00
2.025999999999998469e+00,1.451967334752309220e-02,-2.902393983247074719e-02,-1.164038965813917748e-01,0.000000000000000000e+00
2.027999999999998249e+00,1.446185661821230810e-02,-2.890836465539222896e-02,-1.159404302422166189e-01,0.000000000000000000e+00
2.029999999999998028e+00,1.440427011872753155e-02,-2.879324974238798088e-02,-1.154788088708935123e-01,0.000000000000000000e+00
2.031999999999997808e+00,1.434691293220737192e-02,-2.867859326007976550e-02,-1.150190251270186703e-01,0.000000000000000000e+00
2.033999999999997588e+00,1.428978414544257620e-02,-2.856439338239742665e-02,-1.145610716993442635e-01,0.000000000000000000e+00
2.035999999999997367e+00,1.423288284886147642e-02,-2.845064829054969047e-02,-1.141049413056640649e-01,0.000000000000000000e+00
2.037999999999997147e+00,1.417620813651548559e-02,-2.833735617299508805e-02,-1.136506266926980424e-01,0.000000000000000000e+00
2.039999999999996927e+00,1.411975910606465962e-02,-2.822451522541300287e-02,-1.131981206359783942e-01,0.000000000000000000e+00
2.041999999999996707e+00,1.406353485876330953e-02,-2.811212365067482927e-02,-1.127474159397351405e-01,0.000000000000000000e+00
2.043999999999996486e+00,1.400753449944567956e-02,-2.800017965881524198e-02,-1.122985054367832691e-01,0.000000000000000000e+00
2.045999999999996266e+00,1.395175713651167215e-02,-2.788868146700359055e-02,-1.118513819884094374e-01,0.000000000000000000e+00
2.047999999999996046e+00,1.389620188191264052e-02,-2.777762729951540124e-02,-1.114060384842591733e-01,0.000000000000000000e+00
2.049999999999995826e+00,1.384086785113723336e-02,-2.766701538770399704e-02,-1.109624678422254096e-01,0.000000000000000000e+00
2.051999999999995605e+00,1.378575416319728804e-02,-2.755684396997223548e-02,-1.105206630083357955e-01,0.000000000000000000e+00
2.053999999999995385e+00,1.373085994061380016e-02,-2.744711129174434369e-02,-1.100806169566424519e-01,0.000000000000000000e+00
2.055999999999995165e+00,1.367618430940292437e-02,-2.733781560543789221e-02,-1.096423226891107272e-01,0.000000000000000000e+00
2.057999999999994944e+00,1.362172639906205317e-02,-2.722895517043585553e-02,-1.092057732355084521e-01,0.000000000000000000e+00
2.059999999999994724e+00,1.356748534255593566e-02,-2.712052825305880793e-02,-1.087709616532964718e-01,0.000000000000000000e+00
2.061999999999994504e+00,1.351346027630286051e-02,-2.701253312653720956e-02,-1.083378810275190673e-01,0.000000000000000000e+00
2.063999999999994284e+00,1.345965034016089260e-02,-2.690496807098382084e-02,-1.079065244706945426e-01,0.000000000000000000e+00
2.065999999999994063e+00,1.340605467741416007e-02,-2.679783137336621754e-02,-1.074768851227068667e-01,0.000000000000000000e+00
2.067999999999993843e+00,1.335267243475920206e-02,-2.669112132747942373e-02,-1.070489561506973164e-01,0.000000000000000000e+00
2.069999999999993623e+00,1.329950276229136495e-02,-2.658483623391864198e-02,-1.066227307489563403e-01,0.000000000000000000e+00
2.071999999999993403e+00,1.324654481349126119e-02,-2.647897440005211184e-02,-1.061982021388166997e-01,0.000000000000000000e+00
2.073999999999993182e+00,1.319379774521127306e-02,-2.637353413999405857e-02,-1.057753635685459437e-01,0.000000000000000000e+00
2.075999999999992962e+00,1.314126071766211733e-02,-2.626851377457776332e-02,-1.053542083132404938e-01,0.000000000000000000e+00
2.077999999999992742e+00,1.308893289439946005e-02,-2.616391163132873385e-02,-1.049347296747186742e-01,0.000000000000000000e+00
2.079999999999992522e+00,1.303681344231058352e-02,-2.605972604443799329e-02,-1.045169209814154065e-01,0.000000000000000000e+00
2.081999999999992301e+00,1.298490153160111217e-02,-2.595595535473545559e-02,-1.041007755882771835e-01,0.000000000000000000e+00
2.083999999999992081e+00,1.293319633578178529e-02,-2.585259790966343632e-02,-1.036862868766564305e-01,0.000000000000000000e+00
2.085999999999991861e+00,1.288169703165528528e-02,-2.574965206325024319e-02,-1.032734482542074783e-01,0.000000000000000000e+00
2.087999999999991640e+00,1.283040279930311792e-02,-2.564711617608388464e-02,-1.028622531547825347e-01,0.000000000000000000e+00
2.089999999999991420e+00,1.277931282207254646e-02,-2.554498861528589279e-02,-1.024526950383276014e-01,0.000000000000000000e+00
2.091999999999991200e+00,1.272842628656357597e-02,-2.544326775448522981e-02,-1.020447673907793895e-01,0.000000000000000000e+00
2.093999999999990980e+00,1.267774238261599150e-02,-2.534195197379231906e-02,-1.016384637239625688e-01,0.000000000000000000e+00
2.095999999999990759e+00,1.262726030329644478e-02,-2.524103965977316649e-02,-1.012337775754871272e-01,0.000000000000000000e+00
2.097999999999990539e+00,1.257697924488559819e-02,-2.514052920542359654e-02,-1.008307025086463415e-01,0.000000000000000000e+00
2.099999999999990319e+00,1.252689840686531039e-02,-2.504041901014358168e-02,-1.004292321123151366e-01,0.000000000000000000e+00
2.101999999999990099e+00,1.247701699190588778e-02,-2.494070747971168303e-02,-1.000293600008485551e-01,0.000000000000000000e+00
2.103999999999989878e+00,1.242733420585336902e-02,-2.484139302625959153e-02,-9.963107981398128254e-02,0.000000000000000000e+00
2.105999999999989658e+00,1.237784925771687541e-02,-2.474247406824676629e-02,-9.923438521672672818e-02,0.000000000000000000e+00
2.107999999999989438e+00,1.232856135965600466e-02,-2.464394903043517701e-02,-9.883926989927732665e-02,0.000000000000000000e+00
2.109999999999989218e+00,1.227946972696827670e-02,-2.454581634386415745e-02,-9.844572757690456255e-02,0.000000000000000000e+00
2.111999999999988997e+00,1.223057357807662629e-02,-2.444807444582533865e-02,-9.805375198985960550e-02,0.000000000000000000e+00
2.113999999999988777e+00,1.218187213451695124e-02,-2.435072177983770361e-02,-9.766333690327477779e-02,0.000000000000000000e+00
2.115999999999988557e+00,1.213336462092570560e-02,-2.425375679562273568e-02,-9.727447610706446701e-02,0.000000000000000000e+00
2.117999999999988336e+00,1.208505026502754674e-02,-2.415717794907965357e-02,-9.688716341582742642e-02,0.000000000000000000e+00
2.119999999999988116e+00,1.203692829762302574e-02,-2.406098370226076796e-02,-9.650139266874874222e-02,0.000000000000000000e+00
2.121999999999987896e+00,1.198899795257633155e-02,-2.396517252334692122e-02,-9.611715772950252257e-02,0.000000000000000000e+00
2.123999999999987676e+00,1.194125846680308550e-02,-2.386974288662302435e-02,-9.573445248615503056e-02,0.000000000000000000e+00
2.125999999999987455e+00,1.189370908025817741e-02,-2.377469327245370842e-02,-9.535327085106776179e-02,0.000000000000000000e+00
2.127999999999987235e+00,1.184634903592365895e-02,-2.368002216725904885e-02,-9.497360676080157660e-02,0.000000000000000000e+00
2.129999999999987015e+00,1.179917757979667865e-02,-2.358572806349041803e-02,-9.459545417602044370e-02,0.000000000000000000e+00
2.131999999999986795e+00,1.175219396087746546e-02,-2.349180945960640046e-02,-9.421880708139623861e-02,0.000000000000000000e+00
2.133999999999986574e+00,1.170539743115736782e-02,-2.339826486004883271e-02,-9.384365948551337544e-02,0.000000000000000000e+00
2.135999999999986354e+00,1.165878724560692921e-02,-2.330509277521891978e-02,-9.347000542077443797e-02,0.000000000000000000e+00
2.137999999999986134e+00,1.161236266216402260e-02,-2.321229172145346589e-02,-9.309783894330542209e-02,0.000000000000000000e+00
2.139999999999985913e+00,1.156612294172201967e-02,-2.311986022100118165e-02,-9.272715413286186648e-02,0.000000000000000000e+00
2.141999999999985693e+00,1.152006734811802068e-02,-2.302779680199909876e-02,-9.235794509273526076e-02,0.000000000000000000e+00
2.143999999999985473e+00,1.147419514812112254e-02,-2.293609999844906794e-02,-9.199020594965978681e-02,0.000000000000000000e+00
2.145999999999985253e+00,1.142850561142073375e-02,-2.284476835019436797e-02,-9.162393085371944856e-02,0.000000000000000000e+00
2.147999999999985032e+00,1.138299801061494129e-02,-2.275380040289639097e-02,-9.125911397825542393e-02,0.000000000000000000e+00
2.149999999999984812e+00,1.133767162119891925e-02,-2.266319470801143529e-02,-9.089574951977380524e-02,0.000000000000000000e+00
2.151999999999984592e+00,1.129252572155338419e-02,-2.257294982276758163e-02,-9.053383169785406137e-02,0.000000000000000000e+00
2.153999999999984372e+00,1.124755959293310091e-02,-2.248306431014165940e-02,-9.017335475505749987e-02,0.000000000000000000e+00
2.155999999999984151e+00,1.120277251945542805e-02,-2.239353673883632406e-02,-8.981431295683595106e-02,0.000000000000000000e+00
2.157999999999983931e+00,1.115816378808891403e-02,-2.230436568325719696e-02,-8.945670059144139596e-02,0.000000000000000000e+00
2.159999999999983711e+00,1.111373268864193457e-02,-2.221554972349012655e-02,-8.910051196983537203e-02,0.000000000000000000e+00
2.161999999999983491e+00,1.106947851375137716e-02,-2.212708744527851906e-02,-8.874574142559876755e-02,0.000000000000000000e+00
2.163999999999983270e+00,1.102540055887137570e-02,-2.203897744000076972e-02,-8.839238331484272626e-02,0.000000000000000000e+00
2.165999999999983050e+00,1.098149812226207993e-02,-2.195121830464778420e-02,-8.804043201611866376e-02,0.000000000000000000e+00
2.167999999999982830e+00,1.093777050497847861e-02,-2.186380864180058683e-02,-8.768988193032972722e-02,0.000000000000000000e+00
2.169999999999982609e+00,1.089421701085926258e-02,-2.177674705960801899e-02,-8.734072748064219960e-02,0.000000000000000000e+00
2.171999999999982389e+00,1.085083694651573297e-02,-2.169003217176452766e-02,-8.699296311239684831e-02,0.000000000000000000e+00
2.173999999999982169e+00,1.080762962132075615e-02,-2.160366259748805126e-02,-8.664658329302143969e-02,0.000000000000000000e+00
2.175999999999981949e+00,1.076459434739776046e-02,-2.151763696149797123e-02,-8.630158251194286478e-02,0.000000000000000000e+00
2.177999999999981728e+00,1.072173043960977443e-02,-2.143195389399317821e-02,-8.595795528050015344e-02,0.000000000000000000e+00
2.179999999999981508e+00,1.067903721554851366e-02,-2.134661203063021109e-02,-8.561569613185715522e-02,0.000000000000000000e+00
2.181999999999981288e+00,1.063651399552351107e-02,-2.126161001250148272e-02,-8.527479962091671917e-02,0.000000000000000000e+00
2.183999999999981068e+00,1.059416010255128347e-02,-2.117694648611360281e-02,-8.493526032423370786e-02,0.000000000000000000e+00
2.185999999999980847e+00,1.055197486234455209e-02,-2.109262010336577370e-02,-8.459707283992967675e-02,0.000000000000000000e+00
2.187999999999980627e+00,1.050995760330149589e-02,-2.100862952152829366e-02,-8.426023178760710941e-02,0.000000000000000000e+00
2.189999999999980407e+00,1.046810765649505356e-02,-2.092497340322111918e-02,-8.392473180826426349e-02,0.000000000000000000e+00
2.191999999999980187e+00,1.042642435566226884e-02,-2.084165041639253479e-02,-8.359056756421018308e-02,0.000000000000000000e+00
2.193999999999979966e+00,1.038490703719367227e-02,-2.075865923429789581e-02,-8.325773373898054386e-02,0.000000000000000000e+00
2.195999999999979746e+00,1.034355504012271498e-02,-2.067599853547846811e-02,-8.292622503725310956e-02,0.000000000000000000e+00
2.197999999999979526e+00,1.030236770611523377e-02,-2.059366700374033743e-02,-8.259603618476396569e-02,0.000000000000000000e+00
2.199999999999979305e+00,1.026134437945896635e-02,-2.051166332813341223e-02,-8.226716192822408624e-02,0.000000000000000000e+00
2.201999999999979085e+00,1.022048440705310493e-02,-2.042998620293051334e-02,-8.193959703523595595e-02,0.000000000000000000e+00
2.203999999999978865e+00,1.017978713839789127e-02,-2.034863432760653998e-02,-8.161333629421102520e-02,0.000000000000000000e+00
2.205999999999978645e+00,1.013925192558425524e-02,-2.026760640681772585e-02,-8.128837451428660987e-02,0.000000000000000000e+00
2.207999999999978424e+00,1.009887812328349316e-02,-2.018690115038096825e-02,-8.096470652524423439e-02,0.000000000000000000e+00
2.209999999999978204e+00,1.005866508873698613e-02,-2.010651727325324725e-02,-8.064232717742747525e-02,0.000000000000000000e+00
2.211999999999977984e+00,1.001861218174596342e-02,-2.002645349551113521e-02,-8.032123134166035960e-02,0.000000000000000000e+00
2.213999999999977764e+00,9.978718764661302296e-03,-1.994670854233036861e-02,-8.000141390916620798e-02,0.000000000000000000e+00
2.215999999999977543e+00,9.938984202373371199e-03,-1.986728114396551712e-02,-7.968286979148658800e-02,0.000000000000000000e+00
2.217999999999977323e+00,9.899407862301911123e-03,-1.978817003572973243e-02,-7.936559392040071215e-02,0.000000000000000000e+00
2.219999999999977103e+00,9.859989114385962067e-03,-1.970937395797456651e-02,-7.904958124784539075e-02,0.000000000000000000e+00
2.221999999999976882e+00,9.820727331073822453e-03,-1.963089165606988692e-02,-7.873482674583470731e-02,0.000000000000000000e+00
2.223999999999976662e+00,9.781621887313055388e-03,-1.955272188038385817e-02,-7.842132540638047100e-02,0.000000000000000000e+00
2.225999999999976442e+00,9.742672160540529619e-03,-1.947486338626301314e-02,-7.810907224141300231e-02,0.000000000000000000e+00
2.227999999999976222e+00,9.703877530672505580e-03,-1.939731493401240098e-02,-7.779806228270180757e-02,0.000000000000000000e+00
2.229999999999976001e+00,9.665237380094754416e-03,-1.932007528887581121e-02,-7.748829058177719720e-02,0.000000000000000000e+00
2.231999999999975781e+00,9.626751093652722094e-03,-1.924314322101608465e-02,-7.717975220985151541e-02,0.000000000000000000e+00
2.233999999999975561e+00,9.588418058641731689e-03,-1.916651750549549366e-02,-7.687244225774136908e-02,0.000000000000000000e+00
2.235999999999975341e+00,9.550237664797218626e-03,-1.909019692225620221e-02,-7.656635583578952353e-02,0.000000000000000000e+00
2.237999999999975120e+00,9.512209304285016223e-03,-1.901418025610081275e-02,-7.626148807378763106e-02,0.000000000000000000e+00
2.239999999999974900e+00,9.474332371691670737e-03,-1.893846629667298581e-02,-7.595783412089907038e-02,0.000000000000000000e+00
2.241999999999974680e+00,9.436606264014794562e-03,-1.886305383843813258e-02,-7.565538914558167516e-02,0.000000000000000000e+00
2.243999999999974460e+00,9.399030380653466271e-03,-1.878794168066419065e-02,-7.535414833551162817e-02,0.000000000000000000e+00
2.245999999999974239e+00,9.361604123398661881e-03,-1.871312862740247621e-02,-7.505410689750685593e-02,0.000000000000000000e+00
2.247999999999974019e+00,9.324326896423724281e-03,-1.863861348746860894e-02,-7.475526005745120051e-02,0.000000000000000000e+00
2.249999999999973799e+00,9.287198106274877768e-03,-1.856439507442351339e-02,-7.445760306021886876e-02,0.000000000000000000e+00
2.251999999999973578e+00,9.250217161861768594e-03,-1.849047220655450005e-02,-7.416113116959871521e-02,0.000000000000000000e+00
2.253999999999973358e+00,9.213383474448055832e-03,-1.841684370685642627e-02,-7.386583966821941294e-02,0.000000000000000000e+00
2.255999999999973138e+00,9.176696457642029986e-03,-1.834350840301291613e-02,-7.357172385747456911e-02,0.000000000000000000e+00
2.257999999999972918e+00,9.140155527387274978e-03,-1.827046512737767747e-02,-7.327877905744817344e-02,0.000000000000000000e+00
2.259999999999972697e+00,9.103760101953363090e-03,-1.819771271695586751e-02,-7.298700060684065738e-02,0.000000000000000000e+00
2.261999999999972477e+00,9.067509601926591542e-03,-1.812525001338556249e-02,-7.269638386289467569e-02,0.000000000000000000e+00
2.263999999999972257e+00,9.031403450200753760e-03,-1.805307586291927599e-02,-7.240692420132172069e-02,0.000000000000000000e+00
2.265999999999972037e+00,8.995441071967941876e-03,-1.798118911640556733e-02,-7.211861701622857002e-02,0.000000000000000000e+00
2.267999999999971816e+00,8.959621894709401263e-03,-1.790958862927070905e-02,-7.183145772004473351e-02,0.000000000000000000e+00
2.269999999999971596e+00,8.923945348186400686e-03,-1.783827326150045148e-02,-7.154544174344878993e-02,0.000000000000000000e+00
2.271999999999971376e+00,8.888410864431156230e-03,-1.776724187762182897e-02,-7.126056453529699963e-02,0.000000000000000000e+00
2.273999999999971156e+00,8.853017877737786451e-03,-1.769649334668506324e-02,-7.097682156255047392e-02,0.000000000000000000e+00
2.275999999999970935e+00,8.817765824653295281e-03,-1.762602654224552923e-02,-7.069420831020334361e-02,0.000000000000000000e+00
2.277999999999970715e+00,8.782654143968603513e-03,-1.755584034234579024e-02,-7.041272028121148274e-02,0.000000000000000000e+00
2.279999999999970495e+00,8.747682276709608032e-03,-1.748593362949771995e-02,-7.013235299642078813e-02,0.000000000000000000e+00
2.281999999999970274e+00,8.712849666128279214e-03,-1.741630529066467287e-02,-6.985310199449640267e-02,0.000000000000000000e+00
2.283999999999970054e+00,8.678155757693791286e-03,-1.734695421724374506e-02,-6.957496283185171659e-02,0.000000000000000000e+00
2.285999999999969834e+00,8.643599999083694321e-03,-1.727787930504809388e-02,-6.929793108257825685e-02,0.000000000000000000e+00
2.287999999999969614e+00,8.609181840175115716e-03,-1.720907945428933744e-02,-6.902200233837524346e-02,0.000000000000000000e+00
2.289999999999969393e+00,8.574900733035996370e-03,-1.714055356956002002e-02,-6.874717220847953447e-02,0.000000000000000000e+00
2.291999999999969173e+00,8.540756131916363292e-03,-1.707230055981614689e-02,-6.847343631959618149e-02,0.000000000000000000e+00
2.293999999999968953e+00,8.506747493239643840e-03,-1.700431933835978501e-02,-6.820079031582920726e-02,0.000000000000000000e+00
2.295999999999968733e+00,8.472874275594000776e-03,-1.693660882282174707e-02,-6.792922985861205021e-02,0.000000000000000000e+00
2.297999999999968512e+00,8.439135939723712426e-03,-1.686916793514433091e-02,-6.765875062663923023e-02,0.000000000000000000e+00
2.299999999999968292e+00,8.405531948520584065e-03,-1.680199560156413197e-02,-6.738934831579723728e-02,0.000000000000000000e+00
2.301999999999968072e+00,8.372061767015393993e-03,-1.673509075259492496e-02,-6.712101863909697430e-02,0.000000000000000000e+00
2.303999999999967851e+00,8.338724862369372576e-03,-1.666845232301061158e-02,-6.685375732660514547e-02,0.000000000000000000e+00
2.305999999999967631e+00,8.305520703865715976e-03,-1.660207925182824798e-02,-6.658756012537664359e-02,0.000000000000000000e+00
2.307999999999967411e+00,8.272448762901134581e-03,-1.653597048229112423e-02,-6.632242279938738161e-02,0.000000000000000000e+00
2.309999999999967191e+00,8.239508512977430921e-03,-1.647012496185191674e-02,-6.605834112946656900e-02,0.000000000000000000e+00
2.311999999999966970e+00,8.206699429693119219e-03,-1.640454164215590996e-02,-6.579531091323020942e-02,0.000000000000000000e+00
2.313999999999966750e+00,8.174020990735070963e-03,-1.633921947902429103e-02,-6.553332796501415425e-02,0.000000000000000000e+00
2.315999999999966530e+00,8.141472675870195172e-03,-1.627415743243749296e-02,-6.527238811580793332e-02,0.000000000000000000e+00
2.317999999999966310e+00,8.109053966937158561e-03,-1.620935446651862455e-02,-6.501248721318836354e-02,0.000000000000000000e+00
2.319999999999966089e+00,8.076764347838124788e-03,-1.614480954951695579e-02,-6.475362112125371272e-02,0.000000000000000000e+00
2.321999999999965869e+00,8.044603304530542273e-03,-1.608052165379146928e-02,-6.449578572055819636e-02,0.000000000000000000e+00
2.323999999999965649e+00,8.012570325018952833e-03,-1.601648975579448436e-02,-6.423897690804636351e-02,0.000000000000000000e+00
2.325999999999965429e+00,7.980664899346841951e-03,-1.595271283605533344e-02,-6.398319059698837075e-02,0.000000000000000000e+00
2.327999999999965208e+00,7.948886519588513333e-03,-1.588918987916412146e-02,-6.372842271691459004e-02,0.000000000000000000e+00
2.329999999999964988e+00,7.917234679841001627e-03,-1.582591987375553053e-02,-6.347466921355154890e-02,0.000000000000000000e+00
2.331999999999964768e+00,7.885708876216016364e-03,-1.576290181249270783e-02,-6.322192604875731536e-02,0.000000000000000000e+00
2.333999999999964547e+00,7.854308606831913661e-03,-1.570013469205120207e-02,-6.297018920045732715e-02,0.000000000000000000e+00
2.335999999999964327e+00,7.823033371805707820e-03,-1.563761751310297626e-02,-6.271945466258066482e-02,0.000000000000000000e+00
2.337999999999964107e+00,7.791882673245107208e-03,-1.557534928030047602e-02,-6.246971844499665805e-02,0.000000000000000000e+00
2.339999999999963887e+00,7.760856015240585708e-03,-1.551332900226076728e-02,-6.222097657345115884e-02,0.000000000000000000e+00
2.341999999999963666e+00,7.729952903857486256e-03,-1.545155569154973464e-02,-6.197322508950367514e-02,0.000000000000000000e+00
2.343999999999963446e+00,7.699172847128153870e-03,-1.539002836466633883e-02,-6.172646005046472650e-02,0.000000000000000000e+00
2.345999999999963226e+00,7.668515355044099903e-03,-1.532874604202694689e-02,-6.148067752933286667e-02,0.000000000000000000e+00
2.347999999999963006e+00,7.637979939548200127e-03,-1.526770774794971620e-02,-6.123587361473256663e-02,0.000000000000000000e+00
2.349999999999962785e+00,7.607566114526922302e-03,-1.520691251063904272e-02,-6.099204441085223638e-02,0.000000000000000000e+00
2.351999999999962565e+00,7.577273395802582370e-03,-1.514635936217007678e-02,-6.074918603738205247e-02,0.000000000000000000e+00
2.353999999999962345e+00,7.547101301125636215e-03,-1.508604733847329106e-02,-6.050729462945278470e-02,0.000000000000000000e+00
2.355999999999962125e+00,7.517049350166998302e-03,-1.502597547931912129e-02,-6.026636633757401218e-02,0.000000000000000000e+00
2.357999999999961904e+00,7.487117064510393286e-03,-1.496614282830265562e-02,-6.002639732757322766e-02,0.000000000000000000e+00
2.359999999999961684e+00,7.457303967644736235e-03,-1.490654843282839676e-02,-5.978738378053510827e-02,0.000000000000000000e+00
2.361999999999961464e+00,7.427609584956545823e-03,-1.484719134409507972e-02,-5.954932189274056431e-02,0.000000000000000000e+00
2.363999999999961243e+00,7.398033443722384396e-03,-1.478807061708055023e-02,-5.931220787560659291e-02,0.000000000000000000e+00
2.365999999999961023e+00,7.368575073101331016e-03,-1.472918531052670385e-02,-5.907603795562599291e-02,0.000000000000000000e+00
2.367999999999960803e+00,7.339234004127482246e-03,-1.467053448692448407e-02,-5.884080837430752386e-02,0.000000000000000000e+00
2.369999999999960583e+00,7.310009769702484166e-03,-1.461211721249894117e-02,-5.860651538811631478e-02,0.000000000000000000e+00
2.371999999999960362e+00,7.280901904588095615e-03,-1.455393255719435522e-02,-5.837315526841413416e-02,0.000000000000000000e+00
2.373999999999960142e+00,7.251909945398776584e-03,-1.449597959465940937e-02,-5.814072430140052039e-02,0.000000000000000000e+00
2.375999999999959922e+00,7.223033430594311306e-03,-1.443825740223243087e-02,-5.790921878805355139e-02,0.000000000000000000e+00
2.377999999999959702e+00,7.194271900472458230e-03,-1.438076506092668405e-02,-5.767863504407139130e-02,0.000000000000000000e+00
2.379999999999959481e+00,7.165624897161626886e-03,-1.432350165541572753e-02,-5.744896939981342099e-02,0.000000000000000000e+00
2.381999999999959261e+00,7.137091964613589447e-03,-1.426646627401882694e-02,-5.722021820024236760e-02,0.000000000000000000e+00
2.383999999999959041e+00,7.108672648596216573e-03,-1.420965800868642659e-02,-5.699237780486582361e-02,0.000000000000000000e+00
2.385999999999958820e+00,7.080366496686245348e-03,-1.415307595498568015e-02,-5.676544458767893153e-02,0.000000000000000000e+00
2.387999999999958600e+00,7.052173058262073239e-03,-1.409671921208603858e-02,-5.653941493710631927e-02,0.000000000000000000e+00
2.389999999999958380e+00,7.024091884496583282e-03,-1.404058688274489007e-02,-5.631428525594509016e-02,0.000000000000000000e+00
2.391999999999958160e+00,6.996122528349997018e-03,-1.398467807329326767e-02,-5.609005196130761872e-02,0.000000000000000000e+00
2.393999999999957939e+00,6.968264544562753453e-03,-1.392899189362160894e-02,-5.586671148456440195e-02,0.000000000000000000e+00
2.395999999999957719e+00,6.940517489648422716e-03,-1.387352745716556590e-02,-5.564426027128788199e-02,0.000000000000000000e+00
2.397999999999957499e+00,6.912880921886638795e-03,-1.381828388089188613e-02,-5.542269478119535298e-02,0.000000000000000000e+00
2.399999999999957279e+00,6.885354401316070433e-03,-1.376326028528433373e-02,-5.520201148809350533e-02,0.000000000000000000e+00
2.401999999999957058e+00,6.857937489727411115e-03,-1.370845579432967976e-02,-5.498220687982158239e-02,0.000000000000000000e+00
2.403999999999956838e+00,6.830629750656403744e-03,-1.365386953550374455e-02,-5.476327745819625781e-02,0.000000000000000000e+00
2.405999999999956618e+00,6.803430749376888735e-03,-1.359950063975748878e-02,-5.454521973895573583e-02,0.000000000000000000e+00
2.407999999999956398e+00,6.776340052893882471e-03,-1.354534824150317035e-02,-5.432803025170457323e-02,0.000000000000000000e+00
2.409999999999956177e+00,6.749357229936681773e-03,-1.349141147860054984e-02,-5.411170553985844567e-02,0.000000000000000000e+00
2.411999999999955957e+00,6.722481850951995269e-03,-1.343768949234315675e-02,-5.389624216058927497e-02,0.000000000000000000e+00
2.413999999999955737e+00,6.695713488097105974e-03,-1.338418142744460249e-02,-5.368163668477060613e-02,0.000000000000000000e+00
2.415999999999955516e+00,6.669051715233056433e-03,-1.333088643202495413e-02,-5.346788569692301207e-02,0.000000000000000000e+00
2.417999999999955296e+00,6.642496107917862484e-03,-1.327780365759716370e-02,-5.325498579515988706e-02,0.000000000000000000e+00
2.419999999999955076e+00,6.616046243399755639e-03,-1.322493225905354251e-02,-5.304293359113357309e-02,0.000000000000000000e+00
2.421999999999954856e+00,6.589701700610450623e-03,-1.317227139465230318e-02,-5.283172570998118101e-02,0.000000000000000000e+00
2.423999999999954635e+00,6.563462060158442406e-03,-1.311982022600413980e-02,-5.262135879027146634e-02,0.000000000000000000e+00
2.425999999999954415e+00,6.537326904322324911e-03,-1.306757791805887928e-02,-5.241182948395090024e-02,0.000000000000000000e+00
2.427999999999954195e+00,6.511295817044140954e-03,-1.301554363909216555e-02,-5.220313445629098936e-02,0.000000000000000000e+00
2.429999999999953975e+00,6.485368383922756469e-03,-1.296371656069222021e-02,-5.199527038583476313e-02,0.000000000000000000e+00
2.431999999999953754e+00,6.459544192207263349e-03,-1.291209585774663084e-02,-5.178823396434442672e-02,0.000000000000000000e+00
2.433999999999953534e+00,6.433822830790404852e-03,-1.286068070842921393e-02,-5.158202189674876426e-02,0.000000000000000000e+00
2.435999999999953314e+00,6.408203890202031350e-03,-1.280947029418691603e-02,-5.137663090109059749e-02,0.000000000000000000e+00
2.437999999999953094e+00,6.382686962602577771e-03,-1.275846379972677552e-02,-5.117205770847471635e-02,0.000000000000000000e+00
2.439999999999952873e+00,6.357271641776572266e-03,-1.270766041300292956e-02,-5.096829906301603152e-02,0.000000000000000000e+00
2.441999999999952653e+00,6.331957523126164819e-03,-1.265705932520368171e-02,-5.076535172178769928e-02,0.000000000000000000e+00
2.443999999999952433e+00,6.306744203664687957e-03,-1.260665973073860774e-02,-5.056321245476980142e-02,0.000000000000000000e+00
2.445999999999952212e+00,6.281631282010236537e-03,-1.255646082722572908e-02,-5.036187804479777541e-02,0.000000000000000000e+00
2.447999999999951992e+00,6.256618358379278759e-03,-1.250646181547872444e-02,-5.016134528751156618e-02,0.000000000000000000e+00
2.449999999999951772e+00,6.231705034580290598e-03,-1.245666189949419696e-02,-4.996161099130447258e-02,0.000000000000000000e+00
2.451999999999951552e+00,6.206890914007412788e-03,-1.240706028643899679e-02,-4.976267197727254898e-02,0.000000000000000000e+00
2.453999999999951331e+00,6.182175601634137298e-03,-1.235765618663758544e-02,-4.956452507916411787e-02,0.000000000000000000e+00
2.455999999999951111e+00,6.157558704007018088e-03,-1.230844881355945726e-02,-4.936716714332942124e-02,0.000000000000000000e+00
2.457999999999950891e+00,6.133039829239405293e-03,-1.225943738380660952e-02,-4.917059502867046628e-02,0.000000000000000000e+00
2.459999999999950671e+00,6.108618587005202813e-03,-1.221062111710105764e-02,-4.897480560659120408e-02,0.000000000000000000e+00
2.461999999999950450e+00,6.084294588532658012e-03,-1.216199923627240935e-02,-4.877979576094776393e-02,0.000000000000000000e+00
2.463999999999950230e+00,6.060067446598167012e-03,-1.211357096724548048e-02,-4.858556238799899285e-02,0.000000000000000000e+00
2.465999999999950010e+00,6.035936775520111229e-03,-1.206533553902796457e-02,-4.839210239635702293e-02,0.000000000000000000e+00
2.467999999999949789e+00,6.011902191152714708e-03,-1.201729218369815104e-02,-4.819941270693817170e-02,0.000000000000000000e+00
2.469999999999949569e+00,5.987963310879929231e-03,-1.196944013639268840e-02,-4.800749025291414784e-02,0.000000000000000000e+00
2.471999999999949349e+00,5.964119753609340227e-03,-1.192177863529440135e-02,-4.781633197966317361e-02,0.000000000000000000e+00
2.473999999999949129e+00,5.940371139766099581e-03,-1.187430692162015460e-02,-4.762593484472152361e-02,0.000000000000000000e+00
2.475999999999948908e+00,5.916717091286881856e-03,-1.182702423960876707e-02,-4.743629581773500803e-02,0.000000000000000000e+00
2.477999999999948688e+00,5.893157231613863935e-03,-1.177992983650896427e-02,-4.724741188041112205e-02,0.000000000000000000e+00
2.479999999999948468e+00,5.869691185688728947e-03,-1.173302296256739652e-02,-4.705928002647080666e-02,0.000000000000000000e+00
2.481999999999948248e+00,5.846318579946695355e-03,-1.168630287101669191e-02,-4.687189726160073677e-02,0.000000000000000000e+00
2.483999999999948027e+00,5.823039042310568583e-03,-1.163976881806355439e-02,-4.668526060340585926e-02,0.000000000000000000e+00
2.485999999999947807e+00,5.799852202184814336e-03,-1.159342006287692427e-02,-4.649936708136179209e-02,0.000000000000000000e+00
2.487999999999947587e+00,5.776757690449662273e-03,-1.154725586757616995e-02,-4.631421373676777864e-02,0.000000000000000000e+00
2.489999999999947367e+00,5.753755139455223565e-03,-1.150127549721933692e-02,-4.612979762269955875e-02,0.000000000000000000e+00
2.491999999999947146e+00,5.730844183015640532e-03,-1.145547821979143663e-02,-4.594611580396262829e-02,0.000000000000000000e+00
2.493999999999946926e+00,5.708024456403255377e-03,-1.140986330619279086e-02,-4.576316535704555433e-02,0.000000000000000000e+00
2.495999999999946706e+00,5.685295596342800593e-03,-1.136443003022741260e-02,-4.558094337007342900e-02,0.000000000000000000e+00
2.497999999999946485e+00,5.662657241005618000e-03,-1.131917766859144234e-02,-4.539944694276165649e-02,0.000000000000000000e+00
2.499999999999946265e+00,5.640109030003895123e-03,-1.127410550086162082e-02,-4.521867318636987876e-02,0.000000000000000000e+00
2.501999999999946045e+00,5.617650604384927596e-03,-1.122921280948381909e-02,-4.503861922365598458e-02,0.000000000000000000e+00
2.503999999999945825e+00,5.595281606625404115e-03,-1.118449887976160143e-02,-4.485928218883053487e-02,0.000000000000000000e+00
2.505999999999945604e+00,5.573001680625714813e-03,-1.113996299984484906e-02,-4.468065922751102148e-02,0.000000000000000000e+00
2.507999999999945384e+00,5.550810471704277840e-03,-1.109560446071841504e-02,-4.450274749667645913e-02,0.000000000000000000e+00
2.509999999999945164e+00,5.528707626591896317e-03,-1.105142255619082949e-02,-4.432554416462258784e-02,0.000000000000000000e+00
2.511999999999944944e+00,5.506692793426130016e-03,-1.100741658288305683e-02,-4.414904641091629833e-02,0.000000000000000000e+00
2.513999999999944723e+00,5.484765621745695680e-03,-1.096358584021728255e-02,-4.397325142635130635e-02,0.000000000000000000e+00
2.515999999999944503e+00,5.462925762484883811e-03,-1.091992963040576414e-02,-4.379815641290313311e-02,0.000000000000000000e+00
2.517999999999944283e+00,5.441172867968004090e-03,-1.087644725843970976e-02,-4.362375858368480741e-02,0.000000000000000000e+00
2.519999999999944063e+00,5.419506591903847266e-03,-1.083313803207820551e-02,-4.345005516290259551e-02,0.000000000000000000e+00
2.521999999999943842e+00,5.397926589380173078e-03,-1.079000126183719648e-02,-4.327704338581178645e-02,0.000000000000000000e+00
2.523999999999943622e+00,5.376432516858216382e-03,-1.074703626097849897e-02,-4.310472049867267175e-02,0.000000000000000000e+00
2.525999999999943402e+00,5.355024032167218437e-03,-1.070424234549886139e-02,-4.293308375870696914e-02,0.000000000000000000e+00
2.527999999999943181e+00,5.333700794498979873e-03,-1.066161883411907187e-02,-4.276213043405405201e-02,0.000000000000000000e+00
2.529999999999942961e+00,5.312462464402433610e-03,-1.061916504827310412e-02,-4.259185780372767849e-02,0.000000000000000000e+00
2.531999999999942741e+00,5.291308703778238587e-03,-1.057688031209731358e-02,-4.242226315757252619e-02,0.000000000000000000e+00
2.533999999999942521e+00,5.270239175873399524e-03,-1.053476395241966651e-02,-4.225334379622130987e-02,0.000000000000000000e+00
2.535999999999942300e+00,5.249253545275901420e-03,-1.049281529874901940e-02,-4.208509703105176025e-02,0.000000000000000000e+00
2.537999999999942080e+00,5.228351477909372672e-03,-1.045103368326444175e-02,-4.191752018414382497e-02,0.000000000000000000e+00
2.539999999999941860e+00,5.207532641027763816e-03,-1.040941844080457701e-02,-4.175061058823731353e-02,0.000000000000000000e+00
2.541999999999941640e+00,5.186796703210049680e-03,-1.036796890885704689e-02,-4.158436558668923699e-02,0.000000000000000000e+00
2.543999999999941419e+00,5.166143334354954091e-03,-1.032668442754790250e-02,-4.141878253343173055e-02,0.000000000000000000e+00
2.545999999999941199e+00,5.145572205675691922e-03,-1.028556433963111021e-02,-4.125385879292992053e-02,0.000000000000000000e+00
2.547999999999940979e+00,5.125082989694735441e-03,-1.024460799047808429e-02,-4.108959174014006899e-02,0.000000000000000000e+00
2.549999999999940758e+00,5.104675360238600593e-03,-1.020381472806726128e-02,-4.092597876046782934e-02,0.000000000000000000e+00
2.551999999999940538e+00,5.084348992432653237e-03,-1.016318390297371588e-02,-4.076301724972666851e-02,0.000000000000000000e+00
2.553999999999940318e+00,5.064103562695935340e-03,-1.012271486835881508e-02,-4.060070461409637232e-02,0.000000000000000000e+00
2.555999999999940098e+00,5.043938748736015443e-03,-1.008240697995991565e-02,-4.043903827008196727e-02,0.000000000000000000e+00
2.557999999999939877e+00,5.023854229543855618e-03,-1.004225959608010324e-02,-4.027801564447258675e-02,0.000000000000000000e+00
2.559999999999939657e+00,5.003849685388700105e-03,-1.000227207757797138e-02,-4.011763417430047607e-02,0.000000000000000000e+00
2.561999999999939437e+00,4.983924797812985634e-03,-9.962443787857445596e-03,-3.995789130680030277e-02,0.000000000000000000e+00
2.563999999999939217e+00,4.964079249627269957e-03,-9.922774092857638770e-03,-3.979878449936857798e-02,0.000000000000000000e+00
2.565999999999938996e+00,4.944312724905184676e-03,-9.883262361042755018e-03,-3.964031121952329983e-02,0.000000000000000000e+00
2.567999999999938776e+00,4.924624908978400203e-03,-9.843907963392031779e-03,-3.948246894486351355e-02,0.000000000000000000e+00
2.569999999999938556e+00,4.905015488431621086e-03,-9.804710273389720052e-03,-3.932525516302931567e-02,0.000000000000000000e+00
2.571999999999938336e+00,4.885484151097590870e-03,-9.765668667015104526e-03,-3.916866737166196932e-02,0.000000000000000000e+00
2.573999999999938115e+00,4.866030586052125587e-03,-9.726782522732570560e-03,-3.901270307836388063e-02,0.000000000000000000e+00
2.575999999999937895e+00,4.846654483609161984e-03,-9.688051221481698908e-03,-3.885735980065929684e-02,0.000000000000000000e+00
2.577999999999937675e+00,4.827355535315827444e-03,-9.649474146667409019e-03,-3.870263506595456038e-02,0.000000000000000000e+00
2.579999999999937454e+00,4.808133433947527242e-03,-9.611050684150138773e-03,-3.854852641149886239e-02,0.000000000000000000e+00
2.581999999999937234e+00,4.788987873503055236e-03,-9.572780222236062370e-03,-3.839503138434521845e-02,0.000000000000000000e+00
2.583999999999937014e+00,4.769918549199720151e-03,-9.534662151667349858e-03,-3.824214754131119443e-02,0.000000000000000000e+00
2.585999999999936794e+00,4.750925157468495301e-03,-9.496695865612459625e-03,-3.808987244894046498e-02,0.000000000000000000e+00
2.587999999999936573e+00,4.732007395949182176e-03,-9.458880759656481188e-03,-3.793820368346359495e-02,0.000000000000000000e+00
2.589999999999936353e+00,4.713164963485599185e-03,-9.421216231791502277e-03,-3.778713883075993096e-02,0.000000000000000000e+00
2.591999999999936133e+00,4.694397560120785150e-03,-9.383701682407022751e-03,-3.763667548631904891e-02,0.000000000000000000e+00
2.593999999999935913e+00,4.675704887092224475e-03,-9.346336514280408417e-03,-3.748681125520245128e-02,0.000000000000000000e+00
2.595999999999935692e+00,4.657086646827089671e-03,-9.309120132567372599e-03,-3.733754375200562525e-02,0.000000000000000000e+00
2.597999999999935472e+00,4.638542542937504690e-03,-9.272051944792511491e-03,-3.718887060081998985e-02,0.000000000000000000e+00
2.599999999999935252e+00,4.620072280215824743e-03,-9.235131360839862052e-03,-3.704078943519520384e-02,0.000000000000000000e+00
2.601999999999935032e+00,4.601675564629937806e-03,-9.198357792943505015e-03,-3.689329789810144589e-02,0.000000000000000000e+00
2.603999999999934811e+00,4.583352103318581727e-03,-9.161730655678204313e-03,-3.674639364189200008e-02,0.000000000000000000e+00
2.605999999999934591e+00,4.565101604586681294e-03,-9.125249365950086414e-03,-3.660007432826586915e-02,0.000000000000000000e+00
2.607999999999934371e+00,4.546923777900706981e-03,-9.088913342987349139e-03,-3.645433762823069301e-02,0.000000000000000000e+00
2.609999999999934150e+00,4.528818333884044971e-03,-9.052722008331015591e-03,-3.630918122206555632e-02,0.000000000000000000e+00
2.611999999999933930e+00,4.510784984312393199e-03,-9.016674785825721031e-03,-3.616460279928418453e-02,0.000000000000000000e+00
2.613999999999933710e+00,4.492823442109172144e-03,-8.980771101610539667e-03,-3.602060005859825109e-02,0.000000000000000000e+00
2.615999999999933490e+00,4.474933421340952094e-03,-8.945010384109839188e-03,-3.587717070788065676e-02,0.000000000000000000e+00
2.617999999999933269e+00,4.457114637212903838e-03,-8.909392064024185612e-03,-3.573431246412919760e-02,0.000000000000000000e+00
2.619999999999933049e+00,4.439366806064261491e-03,-8.873915574321272412e-03,-3.559202305343009409e-02,0.000000000000000000e+00
2.621999999999932829e+00,4.421689645363807881e-03,-8.838580350226891286e-03,-3.545030021092204775e-02,0.000000000000000000e+00
2.623999999999932609e+00,4.404082873705376412e-03,-8.803385829215937611e-03,-3.530914168076004778e-02,0.000000000000000000e+00
2.625999999999932388e+00,4.386546210803369400e-03,-8.768331451003450600e-03,-3.516854521607956641e-02,0.000000000000000000e+00
2.627999999999932168e+00,4.369079377488298103e-03,-8.733416657535696820e-03,-3.502850857896078196e-02,0.000000000000000000e+00
2.629999999999931948e+00,4.351682095702335759e-03,-8.698640892981274533e-03,-3.488902954039305171e-02,0.000000000000000000e+00
2.631999999999931728e+00,4.334354088494891434e-03,-8.664003603722266605e-03,-3.475010588023938474e-02,0.000000000000000000e+00
2.633999999999931507e+00,4.317095080018200359e-03,-8.629504238345424641e-03,-3.461173538720122012e-02,0.000000000000000000e+00
2.635999999999931287e+00,4.299904795522933344e-03,-8.595142247633386079e-03,-3.447391585878314957e-02,0.000000000000000000e+00
2.637999999999931067e+00,4.282782961353821805e-03,-8.560917084555927717e-03,-3.433664510125802871e-02,0.000000000000000000e+00
2.639999999999930846e+00,4.265729304945299269e-03,-8.526828204261255664e-03,-3.419992092963189401e-02,0.000000000000000000e+00
2.641999999999930626e+00,4.248743554817164571e-03,-8.492875064067326521e-03,-3.406374116760935156e-02,0.000000000000000000e+00
2.643999999999930406e+00,4.231825440570258050e-03,-8.459057123453206720e-03,-3.392810364755902142e-02,0.000000000000000000e+00
2.645999999999930186e+00,4.214974692882156836e-03,-8.425373844050464828e-03,-3.379300621047884312e-02,0.000000000000000000e+00
2.647999999999929965e+00,4.198191043502887479e-03,-8.391824689634598544e-03,-3.365844670596190857e-02,0.000000000000000000e+00
2.649999999999929745e+00,4.181474225250654195e-03,-8.358409126116492921e-03,-3.352442299216229493e-02,0.000000000000000000e+00
2.651999999999929525e+00,4.164823972007586188e-03,-8.325126621533918483e-03,-3.339093293576075872e-02,0.000000000000000000e+00
2.653999999999929305e+00,4.148240018715499723e-03,-8.291976646043058841e-03,-3.325797441193104054e-02,0.000000000000000000e+00
2.655999999999929084e+00,4.131722101371679279e-03,-8.258958671910069521e-03,-3.312554530430605881e-02,0.000000000000000000e+00
2.657999999999928864e+00,4.115269957024674310e-03,-8.226072173502678442e-03,-3.299364350494410347e-02,0.000000000000000000e+00
2.659999999999928644e+00,4.098883323770110762e-03,-8.193316627281815867e-03,-3.286226691429539049e-02,0.000000000000000000e+00
2.661999999999928423e+00,4.082561940746524259e-03,-8.160691511793273858e-03,-3.273141344116858864e-02,0.000000000000000000e+00
2.663999999999928203e+00,4.066305548131205448e-03,-8.128196307659405623e-03,-3.260108100269773490e-02,0.000000000000000000e+00
2.665999999999927983e+00,4.050113887136063545e-03,-8.095830497570850881e-03,-3.247126752430892771e-02,0.000000000000000000e+00
2.667999999999927763e+00,4.033986700003507238e-03,-8.063593566278302871e-03,-3.234197093968743664e-02,0.000000000000000000e+00
2.669999999999927542e+00,4.017923730002338593e-03,-8.031485000584297901e-03,-3.221318919074478426e-02,0.000000000000000000e+00
2.671999999999927322e+00,4.001924721423668653e-03,-7.999504289335048271e-03,-3.208492022758596685e-02,0.000000000000000000e+00
2.673999999999927102e+00,3.985989419576844300e-03,-7.967650923412299482e-03,-3.195716200847698030e-02,0.000000000000000000e+00
2.675999999999926882e+00,3.970117570785394213e-03,-7.935924395725223873e-03,-3.182991249981217963e-02,0.000000000000000000e+00
2.677999999999926661e+00,3.954308922382989561e-03,-7.904324201202345482e-03,-3.170316967608205472e-02,0.000000000000000000e+00
2.679999999999926441e+00,3.938563222709422912e-03,-7.872849836783497868e-03,-3.157693151984095059e-02,0.000000000000000000e+00
2.681999999999926221e+00,3.922880221106599292e-03,-7.841500801411811425e-03,-3.145119602167498196e-02,0.000000000000000000e+00
2.683999999999926001e+00,3.907259667914548054e-03,-7.810276596025734520e-03,-3.132596118017015596e-02,0.000000000000000000e+00
2.685999999999925780e+00,3.891701314467446021e-03,-7.779176723551091063e-03,-3.120122500188038384e-02,0.000000000000000000e+00
2.687999999999925560e+00,3.876204913089659719e-03,-7.748200688893159757e-03,-3.107698550129583959e-02,0.000000000000000000e+00
2.689999999999925340e+00,3.860770217091802348e-03,-7.717347998928792384e-03,-3.095324070081141576e-02,0.000000000000000000e+00
2.691999999999925119e+00,3.845396980766805067e-03,-7.686618162498561578e-03,-3.082998863069520701e-02,0.000000000000000000e+00
2.693999999999924899e+00,3.830084959386007362e-03,-7.656010690398938959e-03,-3.070722732905725727e-02,0.000000000000000000e+00
2.695999999999924679e+00,3.814833909195258256e-03,-7.625525095374506221e-03,-3.058495484181822377e-02,0.000000000000000000e+00
2.697999999999924459e+00,3.799643587411037898e-03,-7.595160892110193983e-03,-3.046316922267840177e-02,0.000000000000000000e+00
2.699999999999924238e+00,3.784513752216590865e-03,-7.564917597223557062e-03,-3.034186853308672160e-02,0.000000000000000000e+00
2.701999999999924018e+00,3.769444162758076814e-03,-7.534794729257074906e-03,-3.022105084220987059e-02,0.000000000000000000e+00
2.703999999999923798e+00,3.754434579140735872e-03,-7.504791808670485849e-03,-3.010071422690165088e-02,0.000000000000000000e+00
2.705999999999923578e+00,3.739484762425069643e-03,-7.474908357833149122e-03,-2.998085677167239282e-02,0.000000000000000000e+00
2.707999999999923357e+00,3.724594474623036961e-03,-7.445143901016443300e-03,-2.986147656865839606e-02,0.000000000000000000e+00
2.709999999999923137e+00,3.709763478694264385e-03,-7.415497964386187288e-03,-2.974257171759156493e-02,0.000000000000000000e+00
2.711999999999922917e+00,3.694991538542274044e-03,-7.385970075995096883e-03,-2.962414032576941858e-02,0.000000000000000000e+00
2.713999999999922697e+00,3.680278419010723622e-03,-7.356559765775270814e-03,-2.950618050802460146e-02,0.000000000000000000e+00
2.715999999999922476e+00,3.665623885879662393e-03,-7.327266565530701943e-03,-2.938869038669526812e-02,0.000000000000000000e+00
2.717999999999922256e+00,3.651027705861802867e-03,-7.298090008929825762e-03,-2.927166809159489902e-02,0.000000000000000000e+00
2.719999999999922036e+00,3.636489646598806743e-03,-7.269029631498094036e-03,-2.915511175998276860e-02,0.000000000000000000e+00
2.721999999999921815e+00,3.622009476657585617e-03,-7.240084970610577084e-03,-2.903901953653417745e-02,0.000000000000000000e+00
2.723999999999921595e+00,3.607586965526616424e-03,-7.211255565484598999e-03,-2.892338957331107296e-02,0.000000000000000000e+00
2.725999999999921375e+00,3.593221883612271635e-03,-7.182540957172399779e-03,-2.880822002973246199e-02,0.000000000000000000e+00
2.727999999999921155e+00,3.578914002235164191e-03,-7.153940688553827795e-03,-2.869350907254533678e-02,0.000000000000000000e+00
2.729999999999920934e+00,3.564663093626505887e-03,-7.125454304329060899e-03,-2.857925487579525414e-02,0.000000000000000000e+00
2.731999999999920714e+00,3.550468930924483100e-03,-7.097081351011355274e-03,-2.846545562079763614e-02,0.000000000000000000e+00
2.733999999999920494e+00,3.536331288170643360e-03,-7.068821376919826385e-03,-2.835210949610850184e-02,0.000000000000000000e+00
2.735999999999920274e+00,3.522249940306298836e-03,-7.040673932172256816e-03,-2.823921469749585134e-02,0.000000000000000000e+00
2.737999999999920053e+00,3.508224663168942829e-03,-7.012638568677931859e-03,-2.812676942791079993e-02,0.000000000000000000e+00
2.739999999999919833e+00,3.494255233488681878e-03,-6.984714840130503734e-03,-2.801477189745922580e-02,0.000000000000000000e+00
2.741999999999919613e+00,3.480341428884680018e-03,-6.956902302000887023e-03,-2.790322032337300140e-02,0.000000000000000000e+00
2.743999999999919392e+00,3.466483027861619499e-03,-6.929200511530179268e-03,-2.779211292998190475e-02,0.000000000000000000e+00
2.745999999999919172e+00,3.452679809806174106e-03,-6.901609027722611055e-03,-2.768144794868519776e-02,0.000000000000000000e+00
2.747999999999918952e+00,3.438931554983497198e-03,-6.874127411338524715e-03,-2.757122361792349596e-02,0.000000000000000000e+00
2.749999999999918732e+00,3.425238044533722350e-03,-6.846755224887379927e-03,-2.746143818315081864e-02,0.000000000000000000e+00
2.751999999999918511e+00,3.411599060468480885e-03,-6.819492032620787063e-03,-2.735208989680663894e-02,0.000000000000000000e+00
2.753999999999918291e+00,3.398014385667429832e-03,-6.792337400525570029e-03,-2.724317701828807281e-02,0.000000000000000000e+00
2.755999999999918071e+00,3.384483803874795919e-03,-6.765290896316854263e-03,-2.713469781392216507e-02,0.000000000000000000e+00
2.757999999999917851e+00,3.371007099695933450e-03,-6.738352089431184216e-03,-2.702665055693839746e-02,0.000000000000000000e+00
2.759999999999917630e+00,3.357584058593894322e-03,-6.711520551019668594e-03,-2.691903352744108580e-02,0.000000000000000000e+00
2.761999999999917410e+00,3.344214466886011924e-03,-6.684795853941149883e-03,-2.681184501238208229e-02,0.000000000000000000e+00
2.763999999999917190e+00,3.330898111740501072e-03,-6.658177572755405102e-03,-2.670508330553356124e-02,0.000000000000000000e+00
2.765999999999916970e+00,3.317634781173068367e-03,-6.631665283716370839e-03,-2.659874670746080472e-02,0.000000000000000000e+00
2.767999999999916749e+00,3.304424264043537719e-03,-6.605258564765396044e-03,-2.649283352549518245e-02,0.000000000000000000e+00
2.769999999999916529e+00,3.291266350052488888e-03,-6.578956995524521713e-03,-2.638734207370720120e-02,0.000000000000000000e+00
2.771999999999916309e+00,3.278160829737909471e-03,-6.552760157289786586e-03,-2.628227067287980390e-02,0.000000000000000000e+00
2.773999999999916088e+00,3.265107494471860324e-03,-6.526667633024562341e-03,-2.617761765048141898e-02,0.000000000000000000e+00
2.775999999999915868e+00,3.252106136457154437e-03,-6.500679007352912209e-03,-2.607338134063957868e-02,0.000000000000000000e+00
2.777999999999915648e+00,3.239156548724048384e-03,-6.474793866552976465e-03,-2.596956008411430150e-02,0.000000000000000000e+00
2.779999999999915428e+00,3.226258525126947645e-03,-6.449011798550387427e-03,-2.586615222827169658e-02,0.000000000000000000e+00
2.781999999999915207e+00,3.213411860341124082e-03,-6.423332392911704387e-03,-2.576315612705769309e-02,0.000000000000000000e+00
2.783999999999914987e+00,3.200616349859448147e-03,-6.397755240837882384e-03,-2.566057014097181121e-02,0.000000000000000000e+00
2.785999999999914767e+00,3.187871789989132811e-03,-6.372279935157760915e-03,-2.555839263704114128e-02,0.000000000000000000e+00
2.787999999999914547e+00,3.175177977848489628e-03,-6.346906070321581272e-03,-2.545662198879428129e-02,0.000000000000000000e+00
2.789999999999914326e+00,3.162534711363700415e-03,-6.321633242394529908e-03,-2.535525657623552420e-02,0.000000000000000000e+00
2.791999999999914106e+00,3.149941789265599777e-03,-6.296461049050306076e-03,-2.525429478581910081e-02,0.000000000000000000e+00
2.793999999999913886e+00,3.137399011086470201e-03,-6.271389089564715497e-03,-2.515373501042336701e-02,0.000000000000000000e+00
2.795999999999913666e+00,3.124906177156851466e-03,-6.246416964809290914e-03,-2.505357564932540748e-02,0.000000000000000000e+00
2.797999999999913445e+00,3.112463088602361767e-03,-6.221544277244937804e-03,-2.495381510817545889e-02,0.000000000000000000e+00
2.799999999999913225e+00,3.100069547340530540e-03,-6.196770630915603498e-03,-2.485445179897156909e-02,0.000000000000000000e+00
2.801999999999913005e+00,3.087725356077646467e-03,-6.172095631441972333e-03,-2.475548414003429787e-02,0.000000000000000000e+00
2.803999999999912784e+00,3.075430318305615897e-03,-6.147518886015186819e-03,-2.465691055598163983e-02,0.000000000000000000e+00
2.805999999999912564e+00,3.063184238298834704e-03,-6.123040003390593962e-03,-2.455872947770389170e-02,0.000000000000000000e+00
2.807999999999912344e+00,3.050986921111071854e-03,-6.098658593881514135e-03,-2.446093934233864453e-02,0.000000000000000000e+00
2.809999999999912124e+00,3.038838172572365989e-03,-6.074374269353039445e-03,-2.436353859324601190e-02,0.000000000000000000e+00
2.811999999999911903e+00,3.026737799285934144e-03,-6.050186643215851173e-03,-2.426652567998374699e-02,0.000000000000000000e+00
2.813999999999911683e+00,3.014685608625093920e-03,-6.026095330420064983e-03,-2.416989905828272056e-02,0.000000000000000000e+00
2.815999999999911463e+00,3.002681408730195622e-03,-6.002099947449100401e-03,-2.407365719002221849e-02,0.000000000000000000e+00
2.817999999999911243e+00,2.990725008505568279e-03,-5.978200112313575461e-03,-2.397779854320551685e-02,0.000000000000000000e+00
2.819999999999911022e+00,2.978816217616477805e-03,-5.954395444545223896e-03,-2.388232159193552639e-02,0.000000000000000000e+00
2.821999999999910802e+00,2.966954846486096007e-03,-5.930685565190836617e-03,-2.378722481639045094e-02,0.000000000000000000e+00
2.823999999999910582e+00,2.955140706292483464e-03,-5.907070096806229208e-03,-2.369250670279966775e-02,0.000000000000000000e+00
2.825999999999910361e+00,2.943373608965582817e-03,-5.883548663450231982e-03,-2.359816574341959405e-02,0.000000000000000000e+00
2.827999999999910141e+00,2.931653367184225509e-03,-5.860120890678703447e-03,-2.350420043650976176e-02,0.000000000000000000e+00
2.829999999999909921e+00,2.919979794373148488e-03,-5.836786405538570664e-03,-2.341060928630880889e-02,0.000000000000000000e+00
2.831999999999909701e+00,2.908352704700024795e-03,-5.813544836561888689e-03,-2.331739080301077627e-02,0.000000000000000000e+00
2.833999999999909480e+00,2.896771913072504999e-03,-5.790395813759927762e-03,-2.322454350274136270e-02,0.000000000000000000e+00
2.835999999999909260e+00,2.885237235135270327e-03,-5.767338968617281326e-03,-2.313206590753431879e-02,0.000000000000000000e+00
2.837999999999909040e+00,2.873748487267098386e-03,-5.744373934086000055e-03,-2.303995654530793802e-02,0.000000000000000000e+00
2.839999999999908820e+00,2.862305486577938849e-03,-5.721500344579746704e-03,-2.294821394984160323e-02,0.000000000000000000e+00
2.841999999999908599e+00,2.850908050906003025e-03,-5.698717835967976111e-03,-2.285683666075249976e-02,0.000000000000000000e+00
2.843999999999908379e+00,2.839555998814862967e-03,-5.676026045570136021e-03,-2.276582322347234233e-02,0.000000000000000000e+00
2.845999999999908159e+00,2.828249149590563154e-03,-5.653424612149895653e-03,-2.267517218922419919e-02,0.000000000000000000e+00
2.847999999999907939e+00,2.816987323238744328e-03,-5.630913175909390764e-03,-2.258488211499952436e-02,0.000000000000000000e+00
2.849999999999907718e+00,2.805770340481777286e-03,-5.608491378483497318e-03,-2.249495156353513436e-02,0.000000000000000000e+00
2.851999999999907498e+00,2.794598022755908837e-03,-5.586158862934125120e-03,-2.240537910329035154e-02,0.000000000000000000e+00
2.853999999999907278e+00,2.783470192208419881e-03,-5.563915273744534859e-03,-2.231616330842423057e-02,0.000000000000000000e+00
2.855999999999907057e+00,2.772386671694792616e-03,-5.541760256813678572e-03,-2.222730275877284056e-02,0.000000000000000000e+00
2.857999999999906837e+00,2.761347284775891604e-03,-5.519693459450559191e-03,-2.213879603982671362e-02,0.000000000000000000e+00
2.859999999999906617e+00,2.750351855715154389e-03,-5.497714530368618714e-03,-2.205064174270827959e-02,0.000000000000000000e+00
2.861999999999906397e+00,2.739400209475794257e-03,-5.475823119680143722e-03,-2.196283846414946728e-02,0.000000000000000000e+00
2.863999999999906176e+00,2.728492171718012969e-03,-5.454018878890692576e-03,-2.187538480646944450e-02,0.000000000000000000e+00
2.865999999999905956e+00,2.717627568796226068e-03,-5.432301460893550378e-03,-2.178827937755223321e-02,0.000000000000000000e+00
2.867999999999905736e+00,2.706806227756297731e-03,-5.410670519964200405e-03,-2.170152079082469931e-02,0.000000000000000000e+00
2.869999999999905516e+00,2.696027976332788199e-03,-5.389125711754819831e-03,-2.161510766523441762e-02,0.000000000000000000e+00
2.871999999999905295e+00,2.685292642946210742e-03,-5.367666693288798002e-03,-2.152903862522766165e-02,0.000000000000000000e+00
2.873999999999905075e+00,2.674600056700300339e-03,-5.346293122955275527e-03,-2.144331230072760164e-02,0.000000000000000000e+00
2.875999999999904855e+00,2.663950047379292762e-03,-5.325004660503705918e-03,-2.135792732711241926e-02,0.000000000000000000e+00
2.877999999999904635e+00,2.653342445445215809e-03,-5.303800967038436315e-03,-2.127288234519364440e-02,0.000000000000000000e+00
2.879999999999904414e+00,2.642777082035189205e-03,-5.282681705013313363e-03,-2.118817600119456135e-02,0.000000000000000000e+00
2.881999999999904194e+00,2.632253788958736646e-03,-5.261646538226310774e-03,-2.110380694672849000e-02,0.000000000000000000e+00
2.883999999999903974e+00,2.621772398695108256e-03,-5.240695131814172500e-03,-2.101977383877756678e-02,0.000000000000000000e+00
2.885999999999903753e+00,2.611332744390613882e-03,-5.219827152247084531e-03,-2.093607533967120626e-02,0.000000000000000000e+00
2.887999999999903533e+00,2.600934659855967234e-03,-5.199042267323364039e-03,-2.085271011706486821e-02,0.000000000000000000e+00
2.889999999999903313e+00,2.590577979563638694e-03,-5.178340146164169336e-03,-2.076967684391883839e-02,0.000000000000000000e+00
2.891999999999903093e+00,2.580262538645222443e-03,-5.157720459208232390e-03,-2.068697419847717600e-02,0.000000000000000000e+00
2.893999999999902872e+00,2.569988172888809218e-03,-5.137182878206613020e-03,-2.060460086424656390e-02,0.000000000000000000e+00
2.895999999999902652e+00,2.559754718736374259e-03,-5.116727076217471304e-03,-2.052255552997542254e-02,0.000000000000000000e+00
2.897999999999902432e+00,2.549562013281172611e-03,-5.096352727600861679e-03,-2.044083688963312107e-02,0.000000000000000000e+00
2.899999999999902212e+00,2.539409894265145726e-03,-5.076059508013550450e-03,-2.035944364238902182e-02,0.000000000000000000e+00
2.901999999999901991e+00,2.529298200076338012e-03,-5.055847094403851522e-03,-2.027837449259189961e-02,0.000000000000000000e+00
2.903999999999901771e+00,2.519226769746325117e-03,-5.035715165006481205e-03,-2.019762814974930543e-02,0.000000000000000000e+00
2.905999999999901551e+00,2.509195442947650435e-03,-5.015663399337437316e-03,-2.011720332850701343e-02,0.000000000000000000e+00
2.907999999999901330e+00,2.499204059991272462e-03,-4.995691478188895619e-03,-2.003709874862856510e-02,0.000000000000000000e+00
2.909999999999901110e+00,2.489252461824024293e-03,-4.975799083624128823e-03,-1.995731313497491055e-02,0.000000000000000000e+00
2.911999999999900890e+00,2.479340490026079192e-03,-4.955985898972443786e-03,-1.987784521748406363e-02,0.000000000000000000e+00
2.913999999999900670e+00,2.469467986808430906e-03,-4.936251608824139547e-03,-1.979869373115100695e-02,0.000000000000000000e+00
2.915999999999900449e+00,2.459634795010380050e-03,-4.916595899025487035e-03,-1.971985741600740250e-02,0.000000000000000000e+00
2.917999999999900229e+00,2.449840758097032636e-03,-4.897018456673725255e-03,-1.964133501710170482e-02,0.000000000000000000e+00
2.919999999999900009e+00,2.440085720156808576e-03,-4.877518970112082637e-03,-1.956312528447902432e-02,0.000000000000000000e+00
2.921999999999899789e+00,2.430369525898958862e-03,-4.858097128924812255e-03,-1.948522697316135144e-02,0.000000000000000000e+00
2.923999999999899568e+00,2.420692020651094446e-03,-4.838752623932251334e-03,-1.940763884312775300e-02,0.000000000000000000e+00
2.925999999999899348e+00,2.411053050356722505e-03,-4.819485147185898974e-03,-1.933035965929451316e-02,0.000000000000000000e+00
2.927999999999899128e+00,2.401452461572795277e-03,-4.800294391963511216e-03,-1.925338819149563507e-02,0.000000000000000000e+00
2.929999999999898908e+00,2.391890101467266695e-03,-4.781180052764221269e-03,-1.917672321446312056e-02,0.000000000000000000e+00
2.931999999999898687e+00,2.382365817816659449e-03,-4.762141825303672742e-03,-1.910036350780761061e-02,0.000000000000000000e+00
2.933999999999898467e+00,2.372879459003641132e-03,-4.743179406509176292e-03,-1.902430785599883156e-02,0.000000000000000000e+00
2.935999999999898247e+00,2.363430874014611251e-03,-4.724292494514885365e-03,-1.894855504834627724e-02,0.000000000000000000e+00
2.937999999999898026e+00,2.354019912437297322e-03,-4.705480788656987538e-03,-1.887310387898009922e-02,0.000000000000000000e+00
2.939999999999897806e+00,2.344646424458359663e-03,-4.686743989468920152e-03,-1.879795314683166407e-02,0.000000000000000000e+00
2.941999999999897586e+00,2.335310260861006570e-03,-4.668081798676601557e-03,-1.872310165561463791e-02,0.000000000000000000e+00
2.943999999999897366e+00,2.326011273022619060e-03,-4.649493919193684044e-03,-1.864854821380582117e-02,0.000000000000000000e+00
2.945999999999897145e+00,2.316749312912385565e-03,-4.630980055116820648e-03,-1.857429163462628874e-02,0.000000000000000000e+00
2.947999999999896925e+00,2.307524233088943579e-03,-4.612539911720957980e-03,-1.850033073602241895e-02,0.000000000000000000e+00
2.949999999999896705e+00,2.298335886698034316e-03,-4.594173195454640327e-03,-1.842666434064713088e-02,0.000000000000000000e+00
2.951999999999896485e+00,2.289184127470163428e-03,-4.575879613935339776e-03,-1.835329127584109377e-02,0.000000000000000000e+00
2.953999999999896264e+00,2.280068809718273880e-03,-4.557658875944797620e-03,-1.828021037361420020e-02,0.000000000000000000e+00
2.955999999999896044e+00,2.270989788335424885e-03,-4.539510691424391772e-03,-1.820742047062673397e-02,0.000000000000000000e+00
2.957999999999895824e+00,2.261946918792483857e-03,-4.521434771470514598e-03,-1.813492040817112072e-02,0.000000000000000000e+00
2.959999999999895604e+00,2.252940057135824001e-03,-4.503430828329977632e-03,-1.806270903215331791e-02,0.000000000000000000e+00
2.961999999999895383e+00,2.243969059985033172e-03,-4.485498575395426707e-03,-1.799078519307449608e-02,0.000000000000000000e+00
2.963999999999895163e+00,2.235033784530631416e-03,-4.467637727200782227e-03,-1.791914774601274796e-02,0.000000000000000000e+00
2.965999999999894943e+00,2.226134088531798050e-03,-4.449847999416691596e-03,-1.784779555060485301e-02,0.000000000000000000e+00
2.967999999999894722e+00,2.217269830314106110e-03,-4.432129108846004188e-03,-1.777672747102818085e-02,0.000000000000000000e+00
2.969999999999894502e+00,2.208440868767267643e-03,-4.414480773419261934e-03,-1.770594237598251131e-02,0.000000000000000000e+00
2.971999999999894282e+00,2.199647063342887246e-03,-4.396902712190208992e-03,-1.763543913867214596e-02,0.000000000000000000e+00
2.973999999999894062e+00,2.190888274052224700e-03,-4.379394645331319627e-03,-1.756521663678786704e-02,0.000000000000000000e+00
2.975999999999893841e+00,2.182164361463965856e-03,-4.361956294129340841e-03,-1.749527375248918770e-02,0.000000000000000000e+00
2.977999999999893621e+00,2.173475186702004350e-03,-4.344587380980857554e-03,-1.742560937238644969e-02,0.000000000000000000e+00
2.979999999999893401e+00,2.164820611443228539e-03,-4.327287629387872522e-03,-1.735622238752318469e-02,0.000000000000000000e+00
2.981999999999893181e+00,2.156200497915321864e-03,-4.310056763953403619e-03,-1.728711169335842013e-02,0.000000000000000000e+00
2.983999999999892960e+00,2.147614708894567560e-03,-4.292894510377099314e-03,-1.721827618974910989e-02,0.000000000000000000e+00
2.985999999999892740e+00,2.139063107703665940e-03,-4.275800595450873244e-03,-1.714971478093266222e-02,0.000000000000000000e+00
2.987999999999892520e+00,2.130545558209556885e-03,-4.258774747054551793e-03,-1.708142637550943976e-02,0.000000000000000000e+00
2.989999999999892299e+00,2.122061924821253606e-03,-4.241816694151544220e-03,-1.701340988642544017e-02,0.000000000000000000e+00
2.991999999999892079e+00,2.113612072487684648e-03,-4.224926166784527537e-03,-1.694566423095494878e-02,0.000000000000000000e+00
2.993999999999891859e+00,2.105195866695542400e-03,-4.208102896071146994e-03,-1.687818833068334412e-02,0.000000000000000000e+00
2.995999999999891639e+00,2.096813173467142882e-03,-4.191346614199737385e-03,-1.681098111148991714e-02,0.000000000000000000e+00
2.997999999999891418e+00,2.088463859358292898e-03,-4.174657054425058231e-03,-1.674404150353078768e-02,0.000000000000000000e+00
2.999999999999891198e+00,2.080147791456165001e-03,-4.158033951064046309e-03,-1.667736844122186257e-02,0.000000000000000000e+00
3.001999999999890978e+00,2.071864837377182002e-03,-4.141477039491587263e-03,-1.661096086322187693e-02,0.000000000000000000e+00
3.003999999999890758e+00,2.063614865264909275e-03,-4.124986056136302828e-03,-1.654481771241553267e-02,0.000000000000000000e+00
3.005999999999890537e+00,2.055397743787956612e-03,-4.108560738476353669e-03,-1.647893793589660927e-02,0.000000000000000000e+00
3.007999999999890317e+00,2.047213342137886149e-03,-4.092200825035260427e-03,-1.641332048495128260e-02,0.000000000000000000e+00
3.009999999999890097e+00,2.039061530027130691e-03,-4.075906055377740388e-03,-1.634796431504138836e-02,0.000000000000000000e+00
3.011999999999889877e+00,2.030942177686919422e-03,-4.059676170105561491e-03,-1.628286838578779649e-02,0.000000000000000000e+00
3.013999999999889656e+00,2.022855155865212716e-03,-4.043510910853414554e-03,-1.621803166095388271e-02,0.000000000000000000e+00
3.015999999999889436e+00,2.014800335824643018e-03,-4.027410020284796777e-03,-1.615345310842897231e-02,0.000000000000000000e+00
3.017999999999889216e+00,2.006777589340467006e-03,-4.011373242087916055e-03,-1.608913170021201988e-02,0.000000000000000000e+00
3.019999999999888995e+00,1.998786788698523817e-03,-3.995400320971611782e-03,-1.602506641239516416e-02,0.000000000000000000e+00
3.021999999999888775e+00,1.990827806693201089e-03,-3.979491002661290390e-03,-1.596125622514739384e-02,0.000000000000000000e+00
3.023999999999888555e+00,1.982900516625411402e-03,-3.963645033894873902e-03,-1.589770012269847710e-02,0.000000000000000000e+00
3.025999999999888335e+00,1.975004792300573929e-03,-3.947862162418772775e-03,-1.583439709332259970e-02,0.000000000000000000e+00
3.027999999999888114e+00,1.967140508026606061e-03,-3.932142136983865673e-03,-1.577134612932239166e-02,0.000000000000000000e+00
3.029999999999887894e+00,1.959307538611923267e-03,-3.916484707341502669e-03,-1.570854622701288450e-02,0.000000000000000000e+00
3.031999999999887674e+00,1.951505759363444167e-03,-3.900889624239520150e-03,-1.564599638670544773e-02,0.000000000000000000e+00
3.033999999999887454e+00,1.943735046084607522e-03,-3.885356639418272202e-03,-1.558369561269194736e-02,0.000000000000000000e+00
3.035999999999887233e+00,1.935995275073394218e-03,-3.869885505606677611e-03,-1.552164291322893214e-02,0.000000000000000000e+00
3.037999999999887013e+00,1.928286323120357703e-03,-3.854475976518285506e-03,-1.545983730052174349e-02,0.000000000000000000e+00
3.039999999999886793e+00,1.920608067506663101e-03,-3.839127806847352723e-03,-1.539827779070888220e-02,0.000000000000000000e+00
3.041999999999886573e+00,1.912960386002133259e-03,-3.823840752264939368e-03,-1.533696340384630569e-02,0.000000000000000000e+00
3.043999999999886352e+00,1.905343156863303260e-03,-3.808614569415017838e-03,-1.527589316389184326e-02,0.000000000000000000e+00
3.045999999999886132e+00,1.897756258831482081e-03,-3.793449015910599614e-03,-1.521506609868968768e-02,0.000000000000000000e+00
3.047999999999885912e+00,1.890199571130822282e-03,-3.778343850329875936e-03,-1.515448123995487284e-02,0.000000000000000000e+00
3.049999999999885691e+00,1.882672973466397500e-03,-3.763298832212375392e-03,-1.509413762325789721e-02,0.000000000000000000e+00
3.051999999999885471e+00,1.875176346022287312e-03,-3.748313722055134078e-03,-1.503403428800934027e-02,0.000000000000000000e+00
3.053999999999885251e+00,1.867709569459669473e-03,-3.733388281308883984e-03,-1.497417027744463169e-02,0.000000000000000000e+00
3.055999999999885031e+00,1.860272524914921045e-03,-3.718522272374254808e-03,-1.491454463860875795e-02,0.000000000000000000e+00
3.057999999999884810e+00,1.852865093997725166e-03,-3.703715458597990964e-03,-1.485515642234115641e-02,0.000000000000000000e+00
3.059999999999884590e+00,1.845487158789186699e-03,-3.688967604269185064e-03,-1.479600468326051216e-02,0.000000000000000000e+00
3.061999999999884370e+00,1.838138601839955704e-03,-3.674278474615523538e-03,-1.473708847974984637e-02,0.000000000000000000e+00
3.063999999999884150e+00,1.830819306168356532e-03,-3.659647835799551344e-03,-1.467840687394143806e-02,0.000000000000000000e+00
3.065999999999883929e+00,1.823529155258526687e-03,-3.645075454914947950e-03,-1.461995893170189853e-02,0.000000000000000000e+00
3.067999999999883709e+00,1.816268033058561103e-03,-3.630561099982819364e-03,-1.456174372261733602e-02,0.000000000000000000e+00
3.069999999999883489e+00,1.809035823978665100e-03,-3.616104539948005771e-03,-1.450376031997850645e-02,0.000000000000000000e+00
3.071999999999883268e+00,1.801832412889314275e-03,-3.601705544675402187e-03,-1.444600780076613078e-02,0.000000000000000000e+00
3.073999999999883048e+00,1.794657685119421765e-03,-3.587363884946295160e-03,-1.438848524563614978e-02,0.000000000000000000e+00
3.075999999999882828e+00,1.787511526454512237e-03,-3.573079332454714204e-03,-1.433119173890506221e-02,0.000000000000000000e+00
3.077999999999882608e+00,1.780393823134904545e-03,-3.558851659803795829e-03,-1.427412636853545025e-02,0.000000000000000000e+00
3.079999999999882387e+00,1.773304461853900246e-03,-3.544680640502164467e-03,-1.421728822612137316e-02,0.000000000000000000e+00
3.081999999999882167e+00,1.766243329755979490e-03,-3.530566048960326851e-03,-1.416067640687394824e-02,0.000000000000000000e+00
3.083999999999881947e+00,1.759210314435005361e-03,-3.516507660487079405e-03,-1.410429000960694568e-02,0.000000000000000000e+00
3.085999999999881727e+00,1.752205303932433426e-03,-3.502505251285932542e-03,-1.404812813672241811e-02,0.000000000000000000e+00
3.087999999999881506e+00,1.745228186735530394e-03,-3.488558598451547109e-03,-1.399218989419646897e-02,0.000000000000000000e+00
3.089999999999881286e+00,1.738278851775597973e-03,-3.474667479966185579e-03,-1.393647439156495138e-02,0.000000000000000000e+00
3.091999999999881066e+00,1.731357188426205619e-03,-3.460831674696178417e-03,-1.388098074190936837e-02,0.000000000000000000e+00
3.093999999999880846e+00,1.724463086501428714e-03,-3.447050962388402157e-03,-1.382570806184271056e-02,0.000000000000000000e+00
3.095999999999880625e+00,1.717596436254095185e-03,-3.433325123666774396e-03,-1.377065547149541186e-02,0.000000000000000000e+00
3.097999999999880405e+00,1.710757128374037562e-03,-3.419653940028760924e-03,-1.371582209450133288e-02,0.000000000000000000e+00
3.099999999999880185e+00,1.703945053986353694e-03,-3.406037193841897175e-03,-1.366120705798379298e-02,0.000000000000000000e+00
3.101999999999879964e+00,1.697160104649673117e-03,-3.392474668340322679e-03,-1.360680949254176875e-02,0.000000000000000000e+00
3.103999999999879744e+00,1.690402172354430344e-03,-3.378966147621331999e-03,-1.355262853223589831e-02,0.000000000000000000e+00
3.105999999999879524e+00,1.683671149521146415e-03,-3.365511416641935646e-03,-1.349866331457488106e-02,0.000000000000000000e+00
3.107999999999879304e+00,1.676966928998715632e-03,-3.352110261215437894e-03,-1.344491298050162070e-02,0.000000000000000000e+00
3.109999999999879083e+00,1.670289404062699681e-03,-3.338762468008026757e-03,-1.339137667437956258e-02,0.000000000000000000e+00
3.111999999999878863e+00,1.663638468413628901e-03,-3.325467824535376961e-03,-1.333805354397912812e-02,0.000000000000000000e+00
3.113999999999878643e+00,1.657014016175310279e-03,-3.312226119159268102e-03,-1.328494274046411461e-02,0.000000000000000000e+00
3.115999999999878423e+00,1.650415941893141952e-03,-3.299037141084214947e-03,-1.323204341837823372e-02,0.000000000000000000e+00
3.117999999999878202e+00,1.643844140532433771e-03,-3.285900680354112043e-03,-1.317935473563155990e-02,0.000000000000000000e+00
3.119999999999877982e+00,1.637298507476735903e-03,-3.272816527848890905e-03,-1.312687585348717989e-02,0.000000000000000000e+00
3.121999999999877762e+00,1.630778938526173489e-03,-3.259784475281190218e-03,-1.307460593654789782e-02,0.000000000000000000e+00
3.123999999999877542e+00,1.624285329895787389e-03,-3.246804315193041642e-03,-1.302254415274282928e-02,0.000000000000000000e+00
3.125999999999877321e+00,1.617817578213882283e-03,-3.233875840952565167e-03,-1.297068967331424516e-02,0.000000000000000000e+00
3.127999999999877101e+00,1.611375580520380858e-03,-3.220998846750680947e-03,-1.291904167280433224e-02,0.000000000000000000e+00
3.129999999999876881e+00,1.604959234265185145e-03,-3.208173127597831967e-03,-1.286759932904209952e-02,0.000000000000000000e+00
3.131999999999876660e+00,1.598568437306543705e-03,-3.195398479320721904e-03,-1.281636182313019429e-02,0.000000000000000000e+00
3.133999999999876440e+00,1.592203087909425550e-03,-3.182674698559063379e-03,-1.276532833943200967e-02,0.000000000000000000e+00
3.135999999999876220e+00,1.585863084743900772e-03,-3.170001582762340970e-03,-1.271449806555857015e-02,0.000000000000000000e+00
3.137999999999876000e+00,1.579548326883527688e-03,-3.157378930186586358e-03,-1.266387019235572231e-02,0.000000000000000000e+00
3.139999999999875779e+00,1.573258713803745400e-03,-3.144806539891167787e-03,-1.261344391389113834e-02,0.000000000000000000e+00
3.141999999999875559e+00,1.566994145380274164e-03,-3.132284211735589935e-03,-1.256321842744152761e-02,0.000000000000000000e+00
3.143999999999875339e+00,1.560754521887521614e-03,-3.119811746376308093e-03,-1.251319293347993855e-02,0.000000000000000000e+00
3.145999999999875119e+00,1.554539743996994402e-03,-3.107388945263554487e-03,-1.246336663566290776e-02,0.000000000000000000e+00
3.147999999999874898e+00,1.548349712775718085e-03,-3.095015610638177615e-03,-1.241373874081787981e-02,0.000000000000000000e+00
3.149999999999874678e+00,1.542184329684661128e-03,-3.082691545528494156e-03,-1.236430845893053687e-02,0.000000000000000000e+00
3.151999999999874458e+00,1.536043496577166930e-03,-3.070416553747153023e-03,-1.231507500313223230e-02,0.000000000000000000e+00
3.153999999999874237e+00,1.529927115697390840e-03,-3.058190439888011560e-03,-1.226603758968745211e-02,0.000000000000000000e+00
3.155999999999874017e+00,1.523835089678744759e-03,-3.046013009323026051e-03,-1.221719543798137353e-02,0.000000000000000000e+00
3.157999999999873797e+00,1.517767321542346512e-03,-3.033884068199152202e-03,-1.216854777050742353e-02,0.000000000000000000e+00
3.159999999999873577e+00,1.511723714695475951e-03,-3.021803423435259501e-03,-1.212009381285488602e-02,0.000000000000000000e+00
3.161999999999873356e+00,1.505704172930037764e-03,-3.009770882719056857e-03,-1.207183279369659912e-02,0.000000000000000000e+00
3.163999999999873136e+00,1.499708600421029723e-03,-2.997786254504031678e-03,-1.202376394477668031e-02,0.000000000000000000e+00
3.165999999999872916e+00,1.493736901725016986e-03,-2.985849348006400662e-03,-1.197588650089826540e-02,0.000000000000000000e+00
3.167999999999872696e+00,1.487788981778612922e-03,-2.973959973202071859e-03,-1.192819969991136542e-02,0.000000000000000000e+00
3.169999999999872475e+00,1.481864745896965775e-03,-2.962117940823619754e-03,-1.188070278270071667e-02,0.000000000000000000e+00
3.171999999999872255e+00,1.475964099772251190e-03,-2.950323062357272912e-03,-1.183339499317367927e-02,0.000000000000000000e+00
3.173999999999872035e+00,1.470086949472171464e-03,-2.938575150039912046e-03,-1.178627557824826755e-02,0.000000000000000000e+00
3.175999999999871815e+00,1.464233201438459343e-03,-2.926874016856081083e-03,-1.173934378784107641e-02,0.000000000000000000e+00
3.177999999999871594e+00,1.458402762485389416e-03,-2.915219476535010380e-03,-1.169259887485540883e-02,0.000000000000000000e+00
3.179999999999871374e+00,1.452595539798294056e-03,-2.903611343547650350e-03,-1.164604009516935490e-02,0.000000000000000000e+00
3.181999999999871154e+00,1.446811440932086520e-03,-2.892049433103719390e-03,-1.159966670762395402e-02,0.000000000000000000e+00
3.183999999999870933e+00,1.441050373809789039e-03,-2.880533561148760496e-03,-1.155347797401139187e-02,0.000000000000000000e+00
3.185999999999870713e+00,1.435312246721066540e-03,-2.869063544361212612e-03,-1.150747315906325979e-02,0.000000000000000000e+00
3.187999999999870493e+00,1.429596968320767528e-03,-2.857639200149491090e-03,-1.146165153043884194e-02,0.000000000000000000e+00
3.189999999999870273e+00,1.423904447627469304e-03,-2.846260346649081164e-03,-1.141601235871347181e-02,0.000000000000000000e+00
3.191999999999870052e+00,1.418234594022030120e-03,-2.834926802719643993e-03,-1.137055491736690266e-02,0.000000000000000000e+00
3.193999999999869832e+00,1.412587317246145890e-03,-2.823638387942130519e-03,-1.132527848277174731e-02,0.000000000000000000e+00
3.195999999999869612e+00,1.406962527400914056e-03,-2.812394922615911799e-03,-1.128018233418197347e-02,0.000000000000000000e+00
3.197999999999869392e+00,1.401360134945402224e-03,-2.801196227755916712e-03,-1.123526575372141983e-02,0.000000000000000000e+00
3.199999999999869171e+00,1.395780050695222653e-03,-2.790042125089782672e-03,-1.119052802637238164e-02,0.000000000000000000e+00
3.201999999999868951e+00,1.390222185821112606e-03,-2.778932437055018061e-03,-1.114596843996421699e-02,0.000000000000000000e+00
3.203999999999868731e+00,1.384686451847520327e-03,-2.767866986796175491e-03,-1.110158628516200868e-02,0.000000000000000000e+00
3.205999999999868511e+00,1.379172760651196233e-03,-2.756845598162036351e-03,-1.105738085545526772e-02,0.000000000000000000e+00
3.207999999999868290e+00,1.373681024459790607e-03,-2.745868095702806190e-03,-1.101335144714672698e-02,0.000000000000000000e+00
3.209999999999868070e+00,1.368211155850456058e-03,-2.734934304667321816e-03,-1.096949735934109327e-02,0.000000000000000000e+00
3.211999999999867850e+00,1.362763067748455625e-03,-2.724044051000269230e-03,-1.092581789393391734e-02,0.000000000000000000e+00
3.213999999999867629e+00,1.357336673425776734e-03,-2.713197161339413275e-03,-1.088231235560045695e-02,0.000000000000000000e+00
3.215999999999867409e+00,1.351931886499751004e-03,-2.702393463012836821e-03,-1.083898005178465102e-02,0.000000000000000000e+00
3.217999999999867189e+00,1.346548620931678616e-03,-2.691632784036192966e-03,-1.079582029268805893e-02,0.000000000000000000e+00
3.219999999999866969e+00,1.341186791025458748e-03,-2.680914953109966338e-03,-1.075283239125889023e-02,0.000000000000000000e+00
3.221999999999866748e+00,1.335846311426225211e-03,-2.670239799616746547e-03,-1.071001566318106196e-02,0.000000000000000000e+00
3.223999999999866528e+00,1.330527097118988167e-03,-2.659607153618512038e-03,-1.066736942686333234e-02,0.000000000000000000e+00
3.225999999999866308e+00,1.325229063427280389e-03,-2.649016845853923927e-03,-1.062489300342843446e-02,0.000000000000000000e+00
3.227999999999866088e+00,1.319952126011809165e-03,-2.638468707735632402e-03,-1.058258571670225162e-02,0.000000000000000000e+00
3.229999999999865867e+00,1.314696200869114057e-03,-2.627962571347592681e-03,-1.054044689320307593e-02,0.000000000000000000e+00
3.231999999999865647e+00,1.309461204330229214e-03,-2.617498269442391362e-03,-1.049847586213090850e-02,0.000000000000000000e+00
3.233999999999865427e+00,1.304247053059351966e-03,-2.607075635438584928e-03,-1.045667195535671806e-02,0.000000000000000000e+00
3.235999999999865206e+00,1.299053664052515766e-03,-2.596694503418046484e-03,-1.041503450741188691e-02,0.000000000000000000e+00
3.237999999999864986e+00,1.293880954636269197e-03,-2.586354708123325945e-03,-1.037356285547755275e-02,0.000000000000000000e+00
3.239999999999864766e+00,1.288728842466359097e-03,-2.576056084955018026e-03,-1.033225633937407545e-02,0.000000000000000000e+00
3.241999999999864546e+00,1.283597245526420846e-03,-2.565798469969142372e-03,-1.029111430155055934e-02,0.000000000000000000e+00
3.243999999999864325e+00,1.278486082126671685e-03,-2.555581699874533239e-03,-1.025013608707433382e-02,0.000000000000000000e+00
3.245999999999864105e+00,1.273395270902611190e-03,-2.545405612030241307e-03,-1.020932104362058668e-02,0.000000000000000000e+00
3.247999999999863885e+00,1.268324730813725218e-03,-2.535270044442942440e-03,-1.016866852146192796e-02,0.000000000000000000e+00
3.249999999999863665e+00,1.263274381142196574e-03,-2.525174835764360751e-03,-1.012817787345809267e-02,0.000000000000000000e+00
3.251999999999863444e+00,1.258244141491619145e-03,-2.515119825288698614e-03,-1.008784845504558797e-02,0.000000000000000000e+00
3.253999999999863224e+00,1.253233931785718977e-03,-2.505104852950079675e-03,-1.004767962422748601e-02,0.000000000000000000e+00
3.255999999999863004e+00,1.248243672267079036e-03,-2.495129759319999248e-03,-1.000767074156317521e-02,0.000000000000000000e+00
3.257999999999862784e+00,1.243273283495869392e-03,-2.485194385604786848e-03,-9.967821170158187860e-03,0.000000000000000000e+00
3.259999999999862563e+00,1.238322686348583253e-03,-2.475298573643079127e-03,-9.928130275654062364e-03,0.000000000000000000e+00
3.261999999999862343e+00,1.233391802016776690e-03,-2.465442165903301060e-03,-9.888597426218247166e-03,0.000000000000000000e+00
3.263999999999862123e+00,1.228480552005814432e-03,-2.455625005481157971e-03,-9.849221992534053227e-03,0.000000000000000000e+00
3.265999999999861902e+00,1.223588858133620215e-03,-2.445846936097138390e-03,-9.810003347790592632e-03,0.000000000000000000e+00
3.267999999999861682e+00,1.218716642529432117e-03,-2.436107802094025603e-03,-9.770940867672876784e-03,0.000000000000000000e+00
3.269999999999861462e+00,1.213863827632563315e-03,-2.426407448434420890e-03,-9.732033930351796647e-03,0.000000000000000000e+00
3.271999999999861242e+00,1.209030336191166746e-03,-2.416745720698273286e-03,-9.693281916474297266e-03,0.000000000000000000e+00
3.273999999999861021e+00,1.204216091261005837e-03,-2.407122465080423213e-03,-9.654684209153462093e-03,0.000000000000000000e+00
3.275999999999860801e+00,1.199421016204229576e-03,-2.397537528388153042e-03,-9.616240193958736082e-03,0.000000000000000000e+00
3.277999999999860581e+00,1.194645034688152129e-03,-2.387990758038748516e-03,-9.577949258906107155e-03,0.000000000000000000e+00
3.279999999999860361e+00,1.189888070684037890e-03,-2.378482002057070131e-03,-9.539810794448391751e-03,0.000000000000000000e+00
3.281999999999860140e+00,1.185150048465891722e-03,-2.369011109073133198e-03,-9.501824193465541191e-03,0.000000000000000000e+00
3.283999999999859920e+00,1.180430892609252245e-03,-2.359577928319698311e-03,-9.463988851254913348e-03,0.000000000000000000e+00
3.285999999999859700e+00,1.175730527989992487e-03,-2.350182309629870927e-03,-9.426304165521766365e-03,0.000000000000000000e+00
3.287999999999859480e+00,1.171048879783123144e-03,-2.340824103434712214e-03,-9.388769536369530322e-03,0.000000000000000000e+00
3.289999999999859259e+00,1.166385873461601476e-03,-2.331503160760855543e-03,-9.351384366290370342e-03,0.000000000000000000e+00
3.291999999999859039e+00,1.161741434795145189e-03,-2.322219333228137724e-03,-9.314148060155603981e-03,0.000000000000000000e+00
3.293999999999858819e+00,1.157115489849050655e-03,-2.312972473047234141e-03,-9.277060025206278204e-03,0.000000000000000000e+00
3.295999999999858598e+00,1.152507964983016117e-03,-2.303762433017308205e-03,-9.240119671043711680e-03,0.000000000000000000e+00
3.297999999999858378e+00,1.147918786849968804e-03,-2.294589066523666440e-03,-9.203326409620085635e-03,0.000000000000000000e+00
3.299999999999858158e+00,1.143347882394897888e-03,-2.285452227535426147e-03,-9.166679655229097168e-03,0.000000000000000000e+00
3.301999999999857938e+00,1.138795178853691577e-03,-2.276351770603189141e-03,-9.130178824496640311e-03,0.000000000000000000e+00
3.303999999999857717e+00,1.134260603751978099e-03,-2.267287550856726761e-03,-9.093823336371494037e-03,0.000000000000000000e+00
3.305999999999857497e+00,1.129744084903972759e-03,-2.258259424002673557e-03,-9.057612612116135165e-03,0.000000000000000000e+00
3.307999999999857277e+00,1.125245550411328255e-03,-2.249267246322231382e-03,-9.021546075297426359e-03,0.000000000000000000e+00
3.309999999999857057e+00,1.120764928661990411e-03,-2.240310874668879123e-03,-8.985623151777553941e-03,0.000000000000000000e+00
3.311999999999856836e+00,1.116302148329058243e-03,-2.231390166466096312e-03,-8.949843269704792215e-03,0.000000000000000000e+00
3.313999999999856616e+00,1.111857138369648154e-03,-2.222504979705091938e-03,-8.914205859504455154e-03,0.000000000000000000e+00
3.315999999999856396e+00,1.107429828023763106e-03,-2.213655172942544536e-03,-8.878710353869813388e-03,0.000000000000000000e+00
3.317999999999856175e+00,1.103020146813166354e-03,-2.204840605298349215e-03,-8.843356187753066699e-03,0.000000000000000000e+00
3.319999999999855955e+00,1.098628024540259512e-03,-2.196061136453376830e-03,-8.808142798356351222e-03,0.000000000000000000e+00
3.321999999999855735e+00,1.094253391286964961e-03,-2.187316626647238787e-03,-8.773069625122774384e-03,0.000000000000000000e+00
3.323999999999855515e+00,1.089896177413612801e-03,-2.178606936676062700e-03,-8.738136109727512313e-03,0.000000000000000000e+00
3.325999999999855294e+00,1.085556313557832150e-03,-2.169931927890275843e-03,-8.703341696068872535e-03,0.000000000000000000e+00
3.327999999999855074e+00,1.081233730633447427e-03,-2.161291462192399017e-03,-8.668685830259509340e-03,0.000000000000000000e+00
3.329999999999854854e+00,1.076928359829377665e-03,-2.152685402034846922e-03,-8.634167960617555870e-03,0.000000000000000000e+00
3.331999999999854634e+00,1.072640132608542124e-03,-2.144113610417739367e-03,-8.599787537657853365e-03,0.000000000000000000e+00
3.333999999999854413e+00,1.068368980706768711e-03,-2.135575950886719424e-03,-8.565544014083235902e-03,0.000000000000000000e+00
3.335999999999854193e+00,1.064114836131707176e-03,-2.127072287530782421e-03,-8.531436844775766581e-03,0.000000000000000000e+00
3.337999999999853973e+00,1.059877631161746867e-03,-2.118602484980111004e-03,-8.497465486788098599e-03,0.000000000000000000e+00
3.339999999999853753e+00,1.055657298344939024e-03,-2.110166408403921050e-03,-8.463629399334822445e-03,0.000000000000000000e+00
3.341999999999853532e+00,1.051453770497922345e-03,-2.101763923508314941e-03,-8.429928043783854741e-03,0.000000000000000000e+00
3.343999999999853312e+00,1.047266980704853953e-03,-2.093394896534143523e-03,-8.396360883647861761e-03,0.000000000000000000e+00
3.345999999999853092e+00,1.043096862316344282e-03,-2.085059194254877159e-03,-8.362927384575738476e-03,0.000000000000000000e+00
3.347999999999852871e+00,1.038943348948395207e-03,-2.076756683974484603e-03,-8.329627014344052893e-03,0.000000000000000000e+00
3.349999999999852651e+00,1.034806374481344465e-03,-2.068487233525320105e-03,-8.296459242848656934e-03,0.000000000000000000e+00
3.351999999999852431e+00,1.030685873058812463e-03,-2.060250711266020923e-03,-8.263423542096165475e-03,0.000000000000000000e+00
3.353999999999852211e+00,1.026581779086653632e-03,-2.052046986079409611e-03,-8.230519386195588039e-03,0.000000000000000000e+00
3.355999999999851990e+00,1.022494027231912782e-03,-2.043875927370408449e-03,-8.197746251349974367e-03,0.000000000000000000e+00
3.357999999999851770e+00,1.018422552421784913e-03,-2.035737405063959508e-03,-8.165103615848046115e-03,0.000000000000000000e+00
3.359999999999851550e+00,1.014367289842578934e-03,-2.027631289602954256e-03,-8.132590960055890994e-03,0.000000000000000000e+00
3.361999999999851330e+00,1.010328174938686591e-03,-2.019557451946170975e-03,-8.100207766408726306e-03,0.000000000000000000e+00
3.363999999999851109e+00,1.006305143411554207e-03,-2.011515763566220413e-03,-8.067953519402641660e-03,0.000000000000000000e+00
3.365999999999850889e+00,1.002298131218659193e-03,-2.003506096447500110e-03,-8.035827705586369440e-03,0.000000000000000000e+00
3.367999999999850669e+00,9.983070745724909045e-04,-1.995528323084156536e-03,-8.003829813553131611e-03,0.000000000000000000e+00
3.369999999999850449e+00,9.943319099395347364e-04,-1.987582316478054591e-03,-7.971959333932514269e-03,0.000000000000000000e+00
3.371999999999850228e+00,9.903725740392612178e-04,-1.979667950136756657e-03,-7.940215759382342198e-03,0.000000000000000000e+00
3.373999999999850008e+00,9.864290038431181365e-04,-1.971785098071508150e-03,-7.908598584580595059e-03,0.000000000000000000e+00
3.375999999999849788e+00,9.825011365735276513e-04,-1.963933634795232610e-03,-7.877107306217386029e-03,0.000000000000000000e+00
3.377999999999849567e+00,9.785889097028866584e-04,-1.956113435320534170e-03,-7.845741422986919622e-03,0.000000000000000000e+00
3.379999999999849347e+00,9.746922609525712766e-04,-1.948324375157706526e-03,-7.814500435579546656e-03,0.000000000000000000e+00
3.381999999999849127e+00,9.708111282919457781e-04,-1.940566330312752533e-03,-7.783383846673787992e-03,0.000000000000000000e+00
3.383999999999848907e+00,9.669454499373749887e-04,-1.932839177285409658e-03,-7.752391160928445019e-03,0.000000000000000000e+00
3.385999999999848686e+00,9.630951643512405914e-04,-1.925142793067184102e-03,-7.721521884974675426e-03,0.000000000000000000e+00
3.387999999999848466e+00,9.592602102409617665e-04,-1.917477055139392948e-03,-7.690775527408183487e-03,0.000000000000000000e+00
3.389999999999848246e+00,9.554405265580193009e-04,-1.909841841471213034e-03,-7.660151598781365229e-03,0.000000000000000000e+00
3.391999999999848026e+00,9.516360524969838183e-04,-1.902237030517738708e-03,-7.629649611595533398e-03,0.000000000000000000e+00
3.393999999999847805e+00,9.478467274945476945e-04,-1.894662501218046967e-03,-7.599269080293156314e-03,0.000000000000000000e+00
3.395999999999847585e+00,9.440724912285612018e-04,-1.887118132993270388e-03,-7.569009521250124467e-03,0.000000000000000000e+00
3.397999999999847365e+00,9.403132836170717979e-04,-1.879603805744677015e-03,-7.538870452768037939e-03,0.000000000000000000e+00
3.399999999999847144e+00,9.365690448173682927e-04,-1.872119399851759122e-03,-7.508851395066587497e-03,0.000000000000000000e+00
3.401999999999846924e+00,9.328397152250276179e-04,-1.864664796170328702e-03,-7.478951870275848957e-03,0.000000000000000000e+00
3.403999999999846704e+00,9.291252354729663673e-04,-1.857239876030620553e-03,-7.449171402428726718e-03,0.000000000000000000e+00
3.405999999999846484e+00,9.254255464304955887e-04,-1.849844521235403591e-03,-7.419509517453362624e-03,0.000000000000000000e+00
3.407999999999846263e+00,9.217405892023793719e-04,-1.842478614058098898e-03,-7.389965743165589906e-03,0.000000000000000000e+00
3.409999999999846043e+00,9.180703051278975551e-04,-1.835142037240905782e-03,-7.360539609261411431e-03,0.000000000000000000e+00
3.411999999999845823e+00,9.144146357799116855e-04,-1.827834673992935000e-03,-7.331230647309509157e-03,0.000000000000000000e+00
3.413999999999845603e+00,9.107735229639349903e-04,-1.820556407988349569e-03,-7.302038390743805646e-03,0.000000000000000000e+00
3.415999999999845382e+00,9.071469087172059258e-04,-1.813307123364512946e-03,-7.272962374856032503e-03,0.000000000000000000e+00
3.417999999999845162e+00,9.035347353077656301e-04,-1.806086704720144803e-03,-7.244002136788309232e-03,0.000000000000000000e+00
3.419999999999844942e+00,8.999369452335386280e-04,-1.798895037113483301e-03,-7.215157215525812295e-03,0.000000000000000000e+00
3.421999999999844722e+00,8.963534812214177640e-04,-1.791732006060456264e-03,-7.186427151889412945e-03,0.000000000000000000e+00
3.423999999999844501e+00,8.927842862263520637e-04,-1.784597497532857974e-03,-7.157811488528356691e-03,0.000000000000000000e+00
3.425999999999844281e+00,8.892293034304390390e-04,-1.777491397956533796e-03,-7.129309769913019096e-03,0.000000000000000000e+00
3.427999999999844061e+00,8.856884762420199220e-04,-1.770413594209573017e-03,-7.100921542327626873e-03,0.000000000000000000e+00
3.429999999999843840e+00,8.821617482947789095e-04,-1.763363973620507130e-03,-7.072646353863044910e-03,0.000000000000000000e+00
3.431999999999843620e+00,8.786490634468458773e-04,-1.756342423966516554e-03,-7.044483754409566756e-03,0.000000000000000000e+00
3.433999999999843400e+00,8.751503657799025639e-04,-1.749348833471644311e-03,-7.016433295649795315e-03,0.000000000000000000e+00
3.435999999999843180e+00,8.716655995982925493e-04,-1.742383090805016410e-03,-6.988494531051436809e-03,0.000000000000000000e+00
3.437999999999842959e+00,8.681947094281343771e-04,-1.735445085079069397e-03,-6.960667015860264734e-03,0.000000000000000000e+00
3.439999999999842739e+00,8.647376400164387975e-04,-1.728534705847785706e-03,-6.932950307092979741e-03,0.000000000000000000e+00
3.441999999999842519e+00,8.612943363302289369e-04,-1.721651843104935083e-03,-6.905343963530194418e-03,0.000000000000000000e+00
3.443999999999842299e+00,8.578647435556642628e-04,-1.714796387282322733e-03,-6.877847545709407651e-03,0.000000000000000000e+00
3.445999999999842078e+00,8.544488070971681263e-04,-1.707968229248046574e-03,-6.850460615917979001e-03,0.000000000000000000e+00
3.447999999999841858e+00,8.510464725765585570e-04,-1.701167260304758391e-03,-6.823182738186207158e-03,0.000000000000000000e+00
3.449999999999841638e+00,8.476576858321826363e-04,-1.694393372187934319e-03,-6.796013478280356346e-03,0.000000000000000000e+00
3.451999999999841418e+00,8.442823929180543396e-04,-1.687646457064151395e-03,-6.768952403695752129e-03,0.000000000000000000e+00
3.453999999999841197e+00,8.409205401029956313e-04,-1.680926407529370614e-03,-6.741999083649898028e-03,0.000000000000000000e+00
3.455999999999840977e+00,8.375720738697811380e-04,-1.674233116607227144e-03,-6.715153089075609483e-03,0.000000000000000000e+00
3.457999999999840757e+00,8.342369409142865073e-04,-1.667566477747327476e-03,-6.688413992614217207e-03,0.000000000000000000e+00
3.459999999999840536e+00,8.309150881446393695e-04,-1.660926384823553517e-03,-6.661781368608715032e-03,0.000000000000000000e+00
3.461999999999840316e+00,8.276064626803746353e-04,-1.654312732132372319e-03,-6.635254793097025705e-03,0.000000000000000000e+00
3.463999999999840096e+00,8.243110118515922877e-04,-1.647725414391154478e-03,-6.608833843805218128e-03,0.000000000000000000e+00
3.465999999999839876e+00,8.210286831981192940e-04,-1.641164326736497094e-03,-6.582518100140818257e-03,0.000000000000000000e+00
3.467999999999839655e+00,8.177594244686742274e-04,-1.634629364722555182e-03,-6.556307143186088787e-03,0.000000000000000000e+00
3.469999999999839435e+00,8.145031836200354678e-04,-1.628120424319378506e-03,-6.530200555691360875e-03,0.000000000000000000e+00
3.471999999999839215e+00,8.112599088162129792e-04,-1.621637401911255570e-03,-6.504197922068431781e-03,0.000000000000000000e+00
3.473999999999838995e+00,8.080295484276227985e-04,-1.615180194295064327e-03,-6.478298828383882713e-03,0.000000000000000000e+00
3.475999999999838774e+00,8.048120510302655354e-04,-1.608748698678629180e-03,-6.452502862352552798e-03,0.000000000000000000e+00
3.477999999999838554e+00,8.016073654049073660e-04,-1.602342812679084924e-03,-6.426809613330936727e-03,0.000000000000000000e+00
3.479999999999838334e+00,7.984154405362648213e-04,-1.595962434321246100e-03,-6.401218672310655250e-03,0.000000000000000000e+00
3.481999999999838113e+00,7.952362256121928282e-04,-1.589607462035984384e-03,-6.375729631911963846e-03,0.000000000000000000e+00
3.483999999999837893e+00,7.920696700228755695e-04,-1.583277794658611388e-03,-6.350342086377237100e-03,0.000000000000000000e+00
3.485999999999837673e+00,7.889157233600210296e-04,-1.576973331427268402e-03,-6.325055631564543285e-03,0.000000000000000000e+00
3.487999999999837453e+00,7.857743354160583605e-04,-1.570693971981321777e-03,-6.299869864941184255e-03,0.000000000000000000e+00
3.489999999999837232e+00,7.826454561833388239e-04,-1.564439616359766328e-03,-6.274784385577294316e-03,0.000000000000000000e+00
3.491999999999837012e+00,7.795290358533395539e-04,-1.558210164999632857e-03,-6.249798794139456437e-03,0.000000000000000000e+00
3.493999999999836792e+00,7.764250248158707877e-04,-1.552005518734403920e-03,-6.224912692884367049e-03,0.000000000000000000e+00
3.495999999999836572e+00,7.733333736582859164e-04,-1.545825578792435224e-03,-6.200125685652473073e-03,0.000000000000000000e+00
3.497999999999836351e+00,7.702540331646951129e-04,-1.539670246795382452e-03,-6.175437377861685284e-03,0.000000000000000000e+00
3.499999999999836131e+00,7.671869543151818875e-04,-1.533539424756636326e-03,-6.150847376501095143e-03,0.000000000000000000e+00
3.501999999999835911e+00,7.641320882850223539e-04,-1.527433015079762008e-03,-6.126355290124702035e-03,0.000000000000000000e+00
3.503999999999835691e+00,7.610893864439085069e-04,-1.521350920556945431e-03,-6.101960728845213372e-03,0.000000000000000000e+00
3.505999999999835470e+00,7.580588003551736679e-04,-1.515293044367446154e-03,-6.077663304327806520e-03,0.000000000000000000e+00
3.507999999999835250e+00,7.550402817750215094e-04,-1.509259290076055832e-03,-6.053462629783967069e-03,0.000000000000000000e+00
3.509999999999835030e+00,7.520337826517583309e-04,-1.503249561631563426e-03,-6.029358319965320151e-03,0.000000000000000000e+00
3.511999999999834809e+00,7.490392551250278294e-04,-1.497263763365225394e-03,-6.005349991157506867e-03,0.000000000000000000e+00
3.513999999999834589e+00,7.460566515250493386e-04,-1.491301799989243251e-03,-5.981437261174081532e-03,0.000000000000000000e+00
3.515999999999834369e+00,7.430859243718588875e-04,-1.485363576595246987e-03,-5.957619749350401978e-03,0.000000000000000000e+00
3.517999999999834149e+00,7.401270263745532950e-04,-1.479448998652783476e-03,-5.933897076537596182e-03,0.000000000000000000e+00
3.519999999999833928e+00,7.371799104305376245e-04,-1.473557972007812251e-03,-5.910268865096508090e-03,0.000000000000000000e+00
3.521999999999833708e+00,7.342445296247752419e-04,-1.467690402881206054e-03,-5.886734738891712809e-03,0.000000000000000000e+00
3.523999999999833488e+00,7.313208372290406914e-04,-1.461846197867258538e-03,-5.863294323285490189e-03,0.000000000000000000e+00
3.525999999999833268e+00,7.284087867011762585e-04,-1.456025263932196959e-03,-5.839947245131899001e-03,0.000000000000000000e+00
3.527999999999833047e+00,7.255083316843508089e-04,-1.450227508412701375e-03,-5.816693132770809488e-03,0.000000000000000000e+00
3.529999999999832827e+00,7.226194260063219894e-04,-1.444452839014429262e-03,-5.793531616022012248e-03,0.000000000000000000e+00
3.531999999999832607e+00,7.197420236787009217e-04,-1.438701163810546637e-03,-5.770462326179292417e-03,0.000000000000000000e+00
3.533999999999832387e+00,7.168760788962203661e-04,-1.432972391240264166e-03,-5.747484896004587118e-03,0.000000000000000000e+00
3.535999999999832166e+00,7.140215460360055952e-04,-1.427266430107380002e-03,-5.724598959722142916e-03,0.000000000000000000e+00
3.537999999999831946e+00,7.111783796568479791e-04,-1.421583189578828248e-03,-5.701804153012666326e-03,0.000000000000000000e+00
3.539999999999831726e+00,7.083465344984814964e-04,-1.415922579183232204e-03,-5.679100113007543721e-03,0.000000000000000000e+00
3.541999999999831505e+00,7.055259654808626081e-04,-1.410284508809464543e-03,-5.656486478283071634e-03,0.000000000000000000e+00
3.543999999999831285e+00,7.027166277034521897e-04,-1.404668888705213345e-03,-5.633962888854673196e-03,0.000000000000000000e+00
3.545999999999831065e+00,6.999184764445010422e-04,-1.399075629475552253e-03,-5.611528986171204769e-03,0.000000000000000000e+00
3.547999999999830845e+00,6.971314671603380054e-04,-1.393504642081518216e-03,-5.589184413109227895e-03,0.000000000000000000e+00
3.549999999999830624e+00,6.943555554846606720e-04,-1.387955837838693784e-03,-5.566928813967326334e-03,0.000000000000000000e+00
3.551999999999830404e+00,6.915906972278290307e-04,-1.382429128415795265e-03,-5.544761834460436994e-03,0.000000000000000000e+00
3.553999999999830184e+00,6.888368483761624691e-04,-1.376924425833266725e-03,-5.522683121714232896e-03,0.000000000000000000e+00
3.555999999999829964e+00,6.860939650912387285e-04,-1.371441642461879639e-03,-5.500692324259474908e-03,0.000000000000000000e+00
3.557999999999829743e+00,6.833620037091960031e-04,-1.365980691021337085e-03,-5.478789092026446761e-03,0.000000000000000000e+00
3.559999999999829523e+00,6.806409207400381835e-04,-1.360541484578885098e-03,-5.456973076339365764e-03,0.000000000000000000e+00
3.561999999999829303e+00,6.779306728669423762e-04,-1.355123936547928797e-03,-5.435243929910835159e-03,0.000000000000000000e+00
3.563999999999829082e+00,6.752312169455690263e-04,-1.349727960686653494e-03,-5.413601306836306887e-03,0.000000000000000000e+00
3.565999999999828862e+00,6.725425100033757255e-04,-1.344353471096651877e-03,-5.392044862588599857e-03,0.000000000000000000e+00
3.567999999999828642e+00,6.698645092389326474e-04,-1.339000382221557268e-03,-5.370574254012390469e-03,0.000000000000000000e+00
3.569999999999828422e+00,6.671971720212412343e-04,-1.333668608845680779e-03,-5.349189139318758640e-03,0.000000000000000000e+00
3.571999999999828201e+00,6.645404558890559204e-04,-1.328358066092655190e-03,-5.327889178079754651e-03,0.000000000000000000e+00
3.573999999999827981e+00,6.618943185502078070e-04,-1.323068669424083601e-03,-5.306674031222972931e-03,0.000000000000000000e+00
3.575999999999827761e+00,6.592587178809313723e-04,-1.317800334638194156e-03,-5.285543361026146664e-03,0.000000000000000000e+00
3.577999999999827541e+00,6.566336119251943264e-04,-1.312552977868498881e-03,-5.264496831111790953e-03,0.000000000000000000e+00
3.579999999999827320e+00,6.540189588940294174e-04,-1.307326515582459036e-03,-5.243534106441832127e-03,0.000000000000000000e+00
3.581999999999827100e+00,6.514147171648690567e-04,-1.302120864580155442e-03,-5.222654853312275192e-03,0.000000000000000000e+00
3.583999999999826880e+00,6.488208452808830878e-04,-1.296935941992963595e-03,-5.201858739347905991e-03,0.000000000000000000e+00
3.585999999999826660e+00,6.462373019503186164e-04,-1.291771665282235053e-03,-5.181145433496982949e-03,0.000000000000000000e+00
3.587999999999826439e+00,6.436640460458426579e-04,-1.286627952237982949e-03,-5.160514606025980860e-03,0.000000000000000000e+00
3.589999999999826219e+00,6.411010366038874964e-04,-1.281504720977573366e-03,-5.139965928514324267e-03,0.000000000000000000e+00
3.591999999999825999e+00,6.385482328239986457e-04,-1.276401889944422550e-03,-5.119499073849186760e-03,0.000000000000000000e+00
3.593999999999825778e+00,6.360055940681853034e-04,-1.271319377906697393e-03,-5.099113716220255582e-03,0.000000000000000000e+00
3.595999999999825558e+00,6.334730798602732993e-04,-1.266257103956023493e-03,-5.078809531114555215e-03,0.000000000000000000e+00
3.597999999999825338e+00,6.309506498852608626e-04,-1.261214987506196041e-03,-5.058586195311298717e-03,0.000000000000000000e+00
3.599999999999825118e+00,6.284382639886770990e-04,-1.256192948291898074e-03,-5.038443386876714780e-03,0.000000000000000000e+00
3.601999999999824897e+00,6.259358821759422034e-04,-1.251190906367421769e-03,-5.018380785158940705e-03,0.000000000000000000e+00
3.603999999999824677e+00,6.234434646117313584e-04,-1.246208782105396456e-03,-4.998398070782911901e-03,0.000000000000000000e+00
3.605999999999824457e+00,6.209609716193403676e-04,-1.241246496195520539e-03,-4.978494925645286090e-03,0.000000000000000000e+00
3.607999999999824237e+00,6.184883636800537826e-04,-1.236303969643299475e-03,-4.958671032909360565e-03,0.000000000000000000e+00
3.609999999999824016e+00,6.160256014325161738e-04,-1.231381123768787679e-03,-4.938926077000044962e-03,0.000000000000000000e+00
3.611999999999823796e+00,6.135726456721054623e-04,-1.226477880205336475e-03,-4.919259743598834028e-03,0.000000000000000000e+00
3.613999999999823576e+00,6.111294573503087439e-04,-1.221594160898346187e-03,-4.899671719638811623e-03,0.000000000000000000e+00
3.615999999999823356e+00,6.086959975741007165e-04,-1.216729888104024077e-03,-4.880161693299644304e-03,0.000000000000000000e+00
3.617999999999823135e+00,6.062722276053243839e-04,-1.211884984388145962e-03,-4.860729354002640834e-03,0.000000000000000000e+00
3.619999999999822915e+00,6.038581088600746861e-04,-1.207059372624824352e-03,-4.841374392405797811e-03,0.000000000000000000e+00
3.621999999999822695e+00,6.014536029080840831e-04,-1.202252975995280479e-03,-4.822096500398876523e-03,0.000000000000000000e+00
3.623999999999822474e+00,5.990586714721108470e-04,-1.197465717986620666e-03,-4.802895371098504090e-03,0.000000000000000000e+00
3.625999999999822254e+00,5.966732764273296324e-04,-1.192697522390619418e-03,-4.783770698843274605e-03,0.000000000000000000e+00
3.627999999999822034e+00,5.942973798007246487e-04,-1.187948313302505552e-03,-4.764722179188895373e-03,0.000000000000000000e+00
3.629999999999821814e+00,5.919309437704851082e-04,-1.183218015119754177e-03,-4.745749508903336633e-03,0.000000000000000000e+00
3.631999999999821593e+00,5.895739306654033864e-04,-1.178506552540882794e-03,-4.726852385962012487e-03,0.000000000000000000e+00
3.633999999999821373e+00,5.872263029642749155e-04,-1.173813850564253258e-03,-4.708030509542944497e-03,0.000000000000000000e+00
3.635999999999821153e+00,5.848880232953011142e-04,-1.169139834486876981e-03,-4.689283580022012010e-03,0.000000000000000000e+00
3.637999999999820933e+00,5.825590544354947034e-04,-1.164484429903226217e-03,-4.670611298968167791e-03,0.000000000000000000e+00
3.639999999999820712e+00,5.802393593100866470e-04,-1.159847562704049680e-03,-4.652013369138671001e-03,0.000000000000000000e+00
3.641999999999820492e+00,5.779289009919362377e-04,-1.155229159075192493e-03,-4.633489494474368753e-03,0.000000000000000000e+00
3.643999999999820272e+00,5.756276427009433512e-04,-1.150629145496421353e-03,-4.615039380094991539e-03,0.000000000000000000e+00
3.645999999999820051e+00,5.733355478034628683e-04,-1.146047448740254021e-03,-4.596662732294448661e-03,0.000000000000000000e+00
3.647999999999819831e+00,5.710525798117212660e-04,-1.141483995870793593e-03,-4.578359258536151416e-03,0.000000000000000000e+00
3.649999999999819611e+00,5.687787023832361353e-04,-1.136938714242567532e-03,-4.560128667448364037e-03,0.000000000000000000e+00
3.651999999999819391e+00,5.665138793202374344e-04,-1.132411531499371475e-03,-4.541970668819554635e-03,0.000000000000000000e+00
3.653999999999819170e+00,5.642580745690912352e-04,-1.127902375573116515e-03,-4.523884973593784303e-03,0.000000000000000000e+00
3.655999999999818950e+00,5.620112522197258549e-04,-1.123411174682683190e-03,-4.505871293866103161e-03,0.000000000000000000e+00
3.657999999999818730e+00,5.597733765050602649e-04,-1.118937857332777657e-03,-4.487929342877967215e-03,0.000000000000000000e+00
3.659999999999818510e+00,5.575444118004346675e-04,-1.114482352312794146e-03,-4.470058835012679505e-03,0.000000000000000000e+00
3.661999999999818289e+00,5.553243226230433500e-04,-1.110044588695681530e-03,-4.452259485790827781e-03,0.000000000000000000e+00
3.663999999999818069e+00,5.531130736313697067e-04,-1.105624495836813378e-03,-4.434531011865774225e-03,0.000000000000000000e+00
3.665999999999817849e+00,5.509106296246239721e-04,-1.101222003372864496e-03,-4.416873131019127818e-03,0.000000000000000000e+00
3.667999999999817629e+00,5.487169555421825794e-04,-1.096837041220689868e-03,-4.399285562156265289e-03,0.000000000000000000e+00
3.669999999999817408e+00,5.465320164630301219e-04,-1.092469539576209443e-03,-4.381768025301855524e-03,0.000000000000000000e+00
3.671999999999817188e+00,5.443557776052034827e-04,-1.088119428913297045e-03,-4.364320241595387451e-03,0.000000000000000000e+00
3.673999999999816968e+00,5.421882043252381324e-04,-1.083786639982672970e-03,-4.346941933286756904e-03,0.000000000000000000e+00
3.675999999999816747e+00,5.400292621176164872e-04,-1.079471103810802435e-03,-4.329632823731822261e-03,0.000000000000000000e+00
3.677999999999816527e+00,5.378789166142188688e-04,-1.075172751698797065e-03,-4.312392637388001715e-03,0.000000000000000000e+00
3.679999999999816307e+00,5.357371335837761992e-04,-1.070891515221321149e-03,-4.295221099809908710e-03,0.000000000000000000e+00
3.681999999999816087e+00,5.336038789313251891e-04,-1.066627326225502888e-03,-4.278117937644959623e-03,0.000000000000000000e+00
3.683999999999815866e+00,5.314791186976654778e-04,-1.062380116829849102e-03,-4.261082878629033482e-03,0.000000000000000000e+00
3.685999999999815646e+00,5.293628190588191588e-04,-1.058149819423164504e-03,-4.244115651582135162e-03,0.000000000000000000e+00
3.687999999999815426e+00,5.272549463254922559e-04,-1.053936366663475732e-03,-4.227215986404079390e-03,0.000000000000000000e+00
3.689999999999815206e+00,5.251554669425383690e-04,-1.049739691476959079e-03,-4.210383614070188629e-03,0.000000000000000000e+00
3.691999999999814985e+00,5.230643474884245957e-04,-1.045559727056872982e-03,-4.193618266627015256e-03,0.000000000000000000e+00
3.693999999999814765e+00,5.209815546746996220e-04,-1.041396406862494422e-03,-4.176919677188074137e-03,0.000000000000000000e+00
3.695999999999814545e+00,5.189070553454635474e-04,-1.037249664618059442e-03,-4.160287579929589086e-03,0.000000000000000000e+00
3.697999999999814325e+00,5.168408164768400950e-04,-1.033119434311708220e-03,-4.143721710086274018e-03,0.000000000000000000e+00
3.699999999999814104e+00,5.147828051764512074e-04,-1.029005650194434471e-03,-4.127221803947096757e-03,0.000000000000000000e+00
3.701999999999813884e+00,5.127329886828931602e-04,-1.024908246779038549e-03,-4.110787598851108754e-03,0.000000000000000000e+00
3.703999999999813664e+00,5.106913343652149523e-04,-1.020827158839085090e-03,-4.094418833183236656e-03,0.000000000000000000e+00
3.705999999999813443e+00,5.086578097223991898e-04,-1.016762321407864347e-03,-4.078115246370139779e-03,0.000000000000000000e+00
3.707999999999813223e+00,5.066323823828444879e-04,-1.012713669777358296e-03,-4.061876578876046778e-03,0.000000000000000000e+00
3.709999999999813003e+00,5.046150201038500415e-04,-1.008681139497210645e-03,-4.045702572198630470e-03,0.000000000000000000e+00
3.711999999999812783e+00,5.026056907711026886e-04,-1.004664666373700525e-03,-4.029592968864900010e-03,0.000000000000000000e+00
3.713999999999812562e+00,5.006043623981652757e-04,-1.000664186468720523e-03,-4.013547512427082659e-03,0.000000000000000000e+00
3.715999999999812342e+00,4.986110031259677333e-04,-9.966796360987594840e-04,-3.997565947458557589e-03,0.000000000000000000e+00
3.717999999999812122e+00,4.966255812222999944e-04,-9.927109518338879130e-04,-3.981648019549793166e-03,0.000000000000000000e+00
3.719999999999811902e+00,4.946480650813065393e-04,-9.887580704967488011e-04,-3.965793475304280752e-03,0.000000000000000000e+00
3.721999999999811681e+00,4.926784232229834345e-04,-9.848209291615517020e-04,-3.950002062334510150e-03,0.000000000000000000e+00
3.723999999999811461e+00,4.907166242926773230e-04,-9.808994651530711460e-04,-3.934273529257955454e-03,0.000000000000000000e+00
3.725999999999811241e+00,4.887626370605860403e-04,-9.769936160456485236e-04,-3.918607625693064367e-03,0.000000000000000000e+00
3.727999999999811021e+00,4.868164304212616164e-04,-9.731033196621987399e-04,-3.903004102255285684e-03,0.000000000000000000e+00
3.729999999999810800e+00,4.848779733931151748e-04,-9.692285140732203371e-04,-3.887462710553082901e-03,0.000000000000000000e+00
3.731999999999810580e+00,4.829472351179235666e-04,-9.653691375958095219e-04,-3.871983203183989447e-03,0.000000000000000000e+00
3.733999999999810360e+00,4.810241848603382265e-04,-9.615251287926783116e-04,-3.856565333730674339e-03,0.000000000000000000e+00
3.735999999999810139e+00,4.791087920073958725e-04,-9.576964264711763670e-04,-3.841208856757014761e-03,0.000000000000000000e+00
3.737999999999809919e+00,4.772010260680312112e-04,-9.538829696823171618e-04,-3.825913527804175596e-03,0.000000000000000000e+00
3.739999999999809699e+00,4.753008566725915951e-04,-9.500846977198074052e-04,-3.810679103386744454e-03,0.000000000000000000e+00
3.741999999999809479e+00,4.734082535723534136e-04,-9.463015501190810176e-04,-3.795505340988838960e-03,0.000000000000000000e+00
3.743999999999809258e+00,4.715231866390407617e-04,-9.425334666563360336e-04,-3.780391999060253930e-03,0.000000000000000000e+00
3.745999999999809038e+00,4.696456258643456265e-04,-9.387803873475766012e-04,-3.765338837012599874e-03,0.000000000000000000e+00
3.747999999999808818e+00,4.677755413594502959e-04,-9.350422524476575828e-04,-3.750345615215490078e-03,0.000000000000000000e+00
3.749999999999808598e+00,4.659129033545516109e-04,-9.313190024493336015e-04,-3.735412094992725945e-03,0.000000000000000000e+00
3.751999999999808377e+00,4.640576821983870065e-04,-9.276105780823118820e-04,-3.720538038618491014e-03,0.000000000000000000e+00
3.753999999999808157e+00,4.622098483577623956e-04,-9.239169203123085610e-04,-3.705723209313558850e-03,0.000000000000000000e+00
3.755999999999807937e+00,4.603693724170821681e-04,-9.202379703401087924e-04,-3.690967371241544309e-03,0.000000000000000000e+00
3.757999999999807716e+00,4.585362250778809230e-04,-9.165736696006311895e-04,-3.676270289505137456e-03,0.000000000000000000e+00
3.759999999999807496e+00,4.567103771583569372e-04,-9.129239597619950852e-04,-3.661631730142354824e-03,0.000000000000000000e+00
3.761999999999807276e+00,4.548917995929077467e-04,-9.092887827245921305e-04,-3.647051460122835778e-03,0.000000000000000000e+00
3.763999999999807056e+00,4.530804634316674094e-04,-9.056680806201612526e-04,-3.632529247344116335e-03,0.000000000000000000e+00
3.765999999999806835e+00,4.512763398400456653e-04,-9.020617958108677337e-04,-3.618064860627941137e-03,0.000000000000000000e+00
3.767999999999806615e+00,4.494794000982688846e-04,-8.984698708883854341e-04,-3.603658069716587573e-03,0.000000000000000000e+00
3.769999999999806395e+00,4.476896156009229147e-04,-8.948922486729830265e-04,-3.589308645269188164e-03,0.000000000000000000e+00
3.771999999999806175e+00,4.459069578564977144e-04,-8.913288722126136996e-04,-3.575016358858087648e-03,0.000000000000000000e+00
3.773999999999805954e+00,4.441313984869337244e-04,-8.877796847820083317e-04,-3.560780982965217403e-03,0.000000000000000000e+00
3.775999999999805734e+00,4.423629092271701884e-04,-8.842446298817730008e-04,-3.546602290978438654e-03,0.000000000000000000e+00
3.777999999999805514e+00,4.406014619246952091e-04,-8.807236512374890967e-04,-3.532480057187982816e-03,0.000000000000000000e+00
3.779999999999805294e+00,4.388470285390975935e-04,-8.772166927988176615e-04,-3.518414056782820723e-03,0.000000000000000000e+00
3.781999999999805073e+00,4.370995811416203782e-04,-8.737236987386070913e-04,-3.504404065847102970e-03,0.000000000000000000e+00
3.783999999999804853e+00,4.353590919147163609e-04,-8.702446134520045243e-04,-3.490449861356582917e-03,0.000000000000000000e+00
3.785999999999804633e+00,4.336255331516052037e-04,-8.667793815555704809e-04,-3.476551221175081322e-03,0.000000000000000000e+00
3.787999999999804412e+00,4.318988772558324338e-04,-8.633279478863972994e-04,-3.462707924050938829e-03,0.000000000000000000e+00
3.789999999999804192e+00,4.301790967408299624e-04,-8.598902575012310400e-04,-3.448919749613503158e-03,0.000000000000000000e+00
3.791999999999803972e+00,4.284661642294787715e-04,-8.564662556755969682e-04,-3.435186478369600671e-03,0.000000000000000000e+00
3.793999999999803752e+00,4.267600524536729022e-04,-8.530558879029280723e-04,-3.421507891700066931e-03,0.000000000000000000e+00
3.795999999999803531e+00,4.250607342538855024e-04,-8.496590998936975935e-04,-3.407883771856258168e-03,0.000000000000000000e+00
3.797999999999803311e+00,4.233681825787363935e-04,-8.462758375745547002e-04,-3.394313901956581836e-03,0.000000000000000000e+00
3.799999999999803091e+00,4.216823704845614786e-04,-8.429060470874637397e-04,-3.380798065983039308e-03,0.000000000000000000e+00
3.801999999999802871e+00,4.200032711349837786e-04,-8.395496747888468508e-04,-3.367336048777801530e-03,0.000000000000000000e+00
3.803999999999802650e+00,4.183308578004863105e-04,-8.362066672487300468e-04,-3.353927636039770802e-03,0.000000000000000000e+00
3.805999999999802430e+00,4.166651038579865379e-04,-8.328769712498926584e-04,-3.340572614321178982e-03,0.000000000000000000e+00
3.807999999999802210e+00,4.150059827904125026e-04,-8.295605337870201384e-04,-3.327270771024177023e-03,0.000000000000000000e+00
3.809999999999801990e+00,4.133534681862807984e-04,-8.262573020658603353e-04,-3.314021894397466139e-03,0.000000000000000000e+00
3.811999999999801769e+00,4.117075337392760094e-04,-8.229672235023829116e-04,-3.300825773532913357e-03,0.000000000000000000e+00
3.813999999999801549e+00,4.100681532478320994e-04,-8.196902457219422313e-04,-3.287682198362208708e-03,0.000000000000000000e+00
3.815999999999801329e+00,4.084353006147152109e-04,-8.164263165584440419e-04,-3.274590959653503330e-03,0.000000000000000000e+00
3.817999999999801108e+00,4.068089498466081989e-04,-8.131753840535144336e-04,-3.261551849008097886e-03,0.000000000000000000e+00
3.819999999999800888e+00,4.051890750536968453e-04,-8.099373964556731351e-04,-3.248564658857103216e-03,0.000000000000000000e+00
3.821999999999800668e+00,4.035756504492578074e-04,-8.067123022195096284e-04,-3.235629182458156505e-03,0.000000000000000000e+00
3.823999999999800448e+00,4.019686503492480851e-04,-8.035000500048622993e-04,-3.222745213892127050e-03,0.000000000000000000e+00
3.825999999999800227e+00,4.003680491718960600e-04,-8.003005886760015996e-04,-3.209912548059816809e-03,0.000000000000000000e+00
3.827999999999800007e+00,3.987738214372944312e-04,-7.971138673008157025e-04,-3.197130980678725143e-03,0.000000000000000000e+00
3.829999999999799787e+00,3.971859417669944530e-04,-7.939398351499997366e-04,-3.184400308279784070e-03,0.000000000000000000e+00
3.831999999999799567e+00,3.956043848836019610e-04,-7.907784416962483805e-04,-3.171720328204105654e-03,0.000000000000000000e+00
3.833999999999799346e+00,3.940291256103750791e-04,-7.876296366134512760e-04,-3.159090838599781445e-03,0.000000000000000000e+00
3.835999999999799126e+00,3.924601388708232812e-04,-7.844933697758922370e-04,-3.146511638418655887e-03,0.000000000000000000e+00
3.837999999999798906e+00,3.908973996883084051e-04,-7.813695912574510592e-04,-3.133982527413120556e-03,0.000000000000000000e+00
3.839999999999798685e+00,3.893408831856468044e-04,-7.782582513308086919e-04,-3.121503306132932670e-03,0.000000000000000000e+00
3.841999999999798465e+00,3.877905645847135063e-04,-7.751593004666557703e-04,-3.109073775922047492e-03,0.000000000000000000e+00
3.843999999999798245e+00,3.862464192060477246e-04,-7.720726893329041838e-04,-3.096693738915442043e-03,0.000000000000000000e+00
3.845999999999798025e+00,3.847084224684599449e-04,-7.689983687939015711e-04,-3.084362998035973524e-03,0.000000000000000000e+00
3.847999999999797804e+00,3.831765498886406359e-04,-7.659362899096492858e-04,-3.072081356991235995e-03,0.000000000000000000e+00
3.849999999999797584e+00,3.816507770807705873e-04,-7.628864039350231798e-04,-3.059848620270453484e-03,0.000000000000000000e+00
3.851999999999797364e+00,3.801310797561326029e-04,-7.598486623189979654e-04,-3.047664593141336670e-03,0.000000000000000000e+00
3.853999999999797144e+00,3.786174337227248736e-04,-7.568230167038738536e-04,-3.035529081647012420e-03,0.000000000000000000e+00
3.855999999999796923e+00,3.771098148848758694e-04,-7.538094189245070961e-04,-3.023441892602920372e-03,0.000000000000000000e+00
3.857999999999796703e+00,3.756081992428608025e-04,-7.508078210075430203e-04,-3.011402833593744208e-03,0.000000000000000000e+00
3.859999999999796483e+00,3.741125628925195002e-04,-7.478181751706526430e-04,-2.999411712970337721e-03,0.000000000000000000e+00
3.861999999999796263e+00,3.726228820248759588e-04,-7.448404338217717770e-04,-2.987468339846689053e-03,0.000000000000000000e+00
3.863999999999796042e+00,3.711391329257592519e-04,-7.418745495583433909e-04,-2.975572524096876253e-03,0.000000000000000000e+00
3.865999999999795822e+00,3.696612919754261196e-04,-7.389204751665631125e-04,-2.963724076352034983e-03,0.000000000000000000e+00
3.867999999999795602e+00,3.681893356481848591e-04,-7.359781636206276598e-04,-2.951922807997352238e-03,0.000000000000000000e+00
3.869999999999795381e+00,3.667232405120208951e-04,-7.330475680819860916e-04,-2.940168531169058339e-03,0.000000000000000000e+00
3.871999999999795161e+00,3.652629832282237063e-04,-7.301286418985944177e-04,-2.928461058751438001e-03,0.000000000000000000e+00
3.873999999999794941e+00,3.638085405510153771e-04,-7.272213386041727042e-04,-2.916800204373851818e-03,0.000000000000000000e+00
3.875999999999794721e+00,3.623598893271804517e-04,-7.243256119174654303e-04,-2.905185782407771616e-03,0.000000000000000000e+00
3.877999999999794500e+00,3.609170064956974673e-04,-7.214414157415048818e-04,-2.893617607963821017e-03,0.000000000000000000e+00
3.879999999999794280e+00,3.594798690873717353e-04,-7.185687041628772542e-04,-2.882095496888833347e-03,0.000000000000000000e+00
3.881999999999794060e+00,3.580484542244697483e-04,-7.157074314509916839e-04,-2.870619265762923422e-03,0.000000000000000000e+00
3.883999999999793840e+00,3.566227391203550504e-04,-7.128575520573522065e-04,-2.859188731896566277e-03,0.000000000000000000e+00
3.885999999999793619e+00,3.552027010791254094e-04,-7.100190206148329674e-04,-2.847803713327689765e-03,0.000000000000000000e+00
3.887999999999793399e+00,3.537883174952515062e-04,-7.071917919369558178e-04,-2.836464028818767164e-03,0.000000000000000000e+00
3.889999999999793179e+00,3.523795658532171424e-04,-7.043758210171708386e-04,-2.825169497853951411e-03,0.000000000000000000e+00
3.891999999999792959e+00,3.509764237271608572e-04,-7.015710630281402245e-04,-2.813919940636190262e-03,0.000000000000000000e+00
3.893999999999792738e+00,3.495788687805187912e-04,-6.987774733210244454e-04,-2.802715178084360520e-03,0.000000000000000000e+00
3.895999999999792518e+00,3.481868787656692307e-04,-6.959950074247714434e-04,-2.791555031830426567e-03,0.000000000000000000e+00
3.897999999999792298e+00,3.468004315235783991e-04,-6.932236210454089742e-04,-2.780439324216591943e-03,0.000000000000000000e+00
3.899999999999792077e+00,3.454195049834477113e-04,-6.904632700653392250e-04,-2.769367878292480420e-03,0.000000000000000000e+00
3.901999999999791857e+00,3.440440771623624384e-04,-6.877139105426365766e-04,-2.758340517812311876e-03,0.000000000000000000e+00
3.903999999999791637e+00,3.426741261649417268e-04,-6.849754987103481851e-04,-2.747357067232097244e-03,0.000000000000000000e+00
3.905999999999791417e+00,3.413096301829901362e-04,-6.822479909757971648e-04,-2.736417351706850812e-03,0.000000000000000000e+00
3.907999999999791196e+00,3.399505674951503690e-04,-6.795313439198884817e-04,-2.725521197087799052e-03,0.000000000000000000e+00
3.909999999999790976e+00,3.385969164665575187e-04,-6.768255142964181006e-04,-2.714668429919612005e-03,0.000000000000000000e+00
3.911999999999790756e+00,3.372486555484947271e-04,-6.741304590313844077e-04,-2.703858877437638128e-03,0.000000000000000000e+00
3.913999999999790536e+00,3.359057632780501428e-04,-6.714461352223024529e-04,-2.693092367565166900e-03,0.000000000000000000e+00
3.915999999999790315e+00,3.345682182777751264e-04,-6.687725001375209024e-04,-2.682368728910670616e-03,0.000000000000000000e+00
3.917999999999790095e+00,3.332359992553440278e-04,-6.661095112155421358e-04,-2.671687790765087805e-03,0.000000000000000000e+00
3.919999999999789875e+00,3.319090850032153190e-04,-6.634571260643442941e-04,-2.661049383099104923e-03,0.000000000000000000e+00
3.921999999999789654e+00,3.305874543982939193e-04,-6.608153024607067976e-04,-2.650453336560448445e-03,0.000000000000000000e+00
3.923999999999789434e+00,3.292710864015948214e-04,-6.581839983495378155e-04,-2.639899482471187372e-03,0.000000000000000000e+00
3.925999999999789214e+00,3.279599600579083982e-04,-6.555631718432053130e-04,-2.629387652825051352e-03,0.000000000000000000e+00
3.927999999999788994e+00,3.266540544954666856e-04,-6.529527812208696163e-04,-2.618917680284753996e-03,0.000000000000000000e+00
3.929999999999788773e+00,3.253533489256110202e-04,-6.503527849278198814e-04,-2.608489398179323140e-03,0.000000000000000000e+00
3.931999999999788553e+00,3.240578226424614119e-04,-6.477631415748120796e-04,-2.598102640501464070e-03,0.000000000000000000e+00
3.933999999999788333e+00,3.227674550225865667e-04,-6.451838099374103451e-04,-2.587757241904896713e-03,0.000000000000000000e+00
3.935999999999788113e+00,3.214822255246759159e-04,-6.426147489553308157e-04,-2.577453037701743152e-03,0.000000000000000000e+00
3.937999999999787892e+00,3.202021136892123495e-04,-6.400559177317877504e-04,-2.567189863859890842e-03,0.000000000000000000e+00
3.939999999999787672e+00,3.189270991381466845e-04,-6.375072755328427916e-04,-2.556967557000381849e-03,0.000000000000000000e+00
3.941999999999787452e+00,3.176571615745731633e-04,-6.349687817867561779e-04,-2.546785954394828119e-03,0.000000000000000000e+00
3.943999999999787232e+00,3.163922807824064696e-04,-6.324403960833412108e-04,-2.536644893962798977e-03,0.000000000000000000e+00
3.945999999999787011e+00,3.151324366260598291e-04,-6.299220781733206719e-04,-2.526544214269262414e-03,0.000000000000000000e+00
3.947999999999786791e+00,3.138776090501244650e-04,-6.274137879676863847e-04,-2.516483754521996880e-03,0.000000000000000000e+00
3.949999999999786571e+00,3.126277780790503546e-04,-6.249154855370608365e-04,-2.506463354569041235e-03,0.000000000000000000e+00
3.951999999999786350e+00,3.113829238168282329e-04,-6.224271311110616189e-04,-2.496482854896142980e-03,0.000000000000000000e+00
3.953999999999786130e+00,3.101430264466728971e-04,-6.199486850776682540e-04,-2.486542096624223819e-03,0.000000000000000000e+00
3.955999999999785910e+00,3.089080662307077036e-04,-6.174801079825917305e-04,-2.476640921506840023e-03,0.000000000000000000e+00
3.957999999999785690e+00,3.076780235096504210e-04,-6.150213605286463173e-04,-2.466779171927675762e-03,0.000000000000000000e+00
3.959999999999785469e+00,3.064528787025001659e-04,-6.125724035751239785e-04,-2.456956690898022544e-03,0.000000000000000000e+00
3.961999999999785249e+00,3.052326123062258038e-04,-6.101331981371714997e-04,-2.447173322054288155e-03,0.000000000000000000e+00
3.963999999999785029e+00,3.040172048954554876e-04,-6.077037053851695649e-04,-2.437428909655505599e-03,0.000000000000000000e+00
3.965999999999784809e+00,3.028066371221672807e-04,-6.052838866441149785e-04,-2.427723298580850703e-03,0.000000000000000000e+00
3.967999999999784588e+00,3.016008897153812972e-04,-6.028737033930048382e-04,-2.418056334327173609e-03,0.000000000000000000e+00
3.969999999999784368e+00,3.003999434808528736e-04,-6.004731172642230937e-04,-2.408427863006545877e-03,0.000000000000000000e+00
3.971999999999784148e+00,2.992037793007670398e-04,-5.980820900429301406e-04,-2.398837731343798907e-03,0.000000000000000000e+00
3.973999999999783928e+00,2.980123781334341297e-04,-5.957005836664542578e-04,-2.389285786674097065e-03,0.000000000000000000e+00
3.975999999999783707e+00,2.968257210129867469e-04,-5.933285602236857553e-04,-2.379771876940498659e-03,0.000000000000000000e+00
3.977999999999783487e+00,2.956437890490778140e-04,-5.909659819544735076e-04,-2.370295850691536005e-03,0.000000000000000000e+00
3.979999999999783267e+00,2.944665634265797608e-04,-5.886128112490238715e-04,-2.360857557078809357e-03,0.000000000000000000e+00
3.981999999999783046e+00,2.932940254052851764e-04,-5.862690106473017731e-04,-2.351456845854579120e-03,0.000000000000000000e+00
3.983999999999782826e+00,2.921261563196083278e-04,-5.839345428384346134e-04,-2.342093567369378862e-03,0.000000000000000000e+00
3.985999999999782606e+00,2.909629375782880889e-04,-5.816093706601182340e-04,-2.332767572569631812e-03,0.000000000000000000e+00
3.987999999999782386e+00,2.898043506640920618e-04,-5.792934570980251595e-04,-2.323478712995279485e-03,0.000000000000000000e+00
3.989999999999782165e+00,2.886503771335216192e-04,-5.769867652852157672e-04,-2.314226840777412059e-03,0.000000000000000000e+00
3.991999999999781945e+00,2.875009986165185196e-04,-5.746892585015510833e-04,-2.305011808635923018e-03,0.000000000000000000e+00
3.993999999999781725e+00,2.863561968161722811e-04,-5.724009001731081812e-04,-2.295833469877160346e-03,0.000000000000000000e+00
3.995999999999781505e+00,2.852159535084290731e-04,-5.701216538715982900e-04,-2.286691678391589849e-03,0.000000000000000000e+00
3.997999999999781284e+00,2.840802505418014751e-04,-5.678514833137865295e-04,-2.277586288651474097e-03,0.000000000000000000e+00
3.999999999999781064e+00,2.829490698370796457e-04,-5.655903523609146812e-04,-2.268517155708551364e-03,0.000000000000000000e+00
4.001999999999781288e+00,2.818223933870434125e-04,-5.633382250181255850e-04,-2.259484135191726709e-03,0.000000000000000000e+00
4.003999999999781068e+00,2.807002032561756091e-04,-5.610950654338902471e-04,-2.250487083304780409e-03,0.000000000000000000e+00
4.005999999999780847e+00,2.795824815803767127e-04,-5.588608378994372244e-04,-2.241525856824072918e-03,0.000000000000000000e+00
4.007999999999780627e+00,2.784692105666803502e-04,-5.566355068481839601e-04,-2.232600313096270647e-03,0.000000000000000000e+00
4.009999999999780407e+00,2.773603724929699955e-04,-5.544190368551707221e-04,-2.223710310036068269e-03,0.000000000000000000e+00
4.011999999999780186e+00,2.762559497076970232e-04,-5.522113926364968176e-04,-2.214855706123931844e-03,0.000000000000000000e+00
4.013999999999779966e+00,2.751559246295995202e-04,-5.500125390487586516e-04,-2.206036360403841948e-03,0.000000000000000000e+00
4.015999999999779746e+00,2.740602797474225622e-04,-5.478224410884904947e-04,-2.197252132481054138e-03,0.000000000000000000e+00
4.017999999999779526e+00,2.729689976196393564e-04,-5.456410638916070954e-04,-2.188502882519861165e-03,0.000000000000000000e+00
4.019999999999779305e+00,2.718820608741736320e-04,-5.434683727328486766e-04,-2.179788471241365586e-03,0.000000000000000000e+00
4.021999999999779085e+00,2.707994522081231680e-04,-5.413043330252282096e-04,-2.171108759921274931e-03,0.000000000000000000e+00
4.023999999999778865e+00,2.697211543874841896e-04,-5.391489103194810730e-04,-2.162463610387670848e-03,0.000000000000000000e+00
4.025999999999778645e+00,2.686471502468771731e-04,-5.370020703035161208e-04,-2.153852885018828558e-03,0.000000000000000000e+00
4.027999999999778424e+00,2.675774226892734106e-04,-5.348637788018698958e-04,-2.145276446741018958e-03,0.000000000000000000e+00
4.029999999999778204e+00,2.665119546857230913e-04,-5.327340017751624676e-04,-2.136734159026324603e-03,0.000000000000000000e+00
4.031999999999777984e+00,2.654507292750839806e-04,-5.306127053195555492e-04,-2.128225885890469571e-03,0.000000000000000000e+00
4.033999999999777764e+00,2.643937295637515620e-04,-5.284998556662126720e-04,-2.119751491890659728e-03,0.000000000000000000e+00
4.035999999999777543e+00,2.633409387253900463e-04,-5.263954191807618558e-04,-2.111310842123412593e-03,0.000000000000000000e+00
4.037999999999777323e+00,2.622923400006645198e-04,-5.242993623627600127e-04,-2.102903802222420154e-03,0.000000000000000000e+00
4.039999999999777103e+00,2.612479166969741760e-04,-5.222116518451597363e-04,-2.094530238356411694e-03,0.000000000000000000e+00
4.041999999999776882e+00,2.602076521881866323e-04,-5.201322543937780428e-04,-2.086190017227016608e-03,0.000000000000000000e+00
4.043999999999776662e+00,2.591715299143731131e-04,-5.180611369067672804e-04,-2.077883006066648039e-03,0.000000000000000000e+00
4.045999999999776442e+00,2.581395333815449350e-04,-5.159982664140885323e-04,-2.069609072636381317e-03,0.000000000000000000e+00
4.047999999999776222e+00,2.571116461613909667e-04,-5.139436100769862121e-04,-2.061368085223858407e-03,0.000000000000000000e+00
4.049999999999776001e+00,2.560878518910160114e-04,-5.118971351874658038e-04,-2.053159912641187163e-03,0.000000000000000000e+00
4.051999999999775781e+00,2.550681342726804899e-04,-5.098588091677729028e-04,-2.044984424222852717e-03,0.000000000000000000e+00
4.053999999999775561e+00,2.540524770735407196e-04,-5.078285995698747501e-04,-2.036841489823632348e-03,0.000000000000000000e+00
4.055999999999775341e+00,2.530408641253908205e-04,-5.058064740749435018e-04,-2.028730979816536356e-03,0.000000000000000000e+00
4.057999999999775120e+00,2.520332793244051627e-04,-5.037924004928418832e-04,-2.020652765090736810e-03,0.000000000000000000e+00
4.059999999999774900e+00,2.510297066308819530e-04,-5.017863467616107956e-04,-2.012606717049504959e-03,0.000000000000000000e+00
4.061999999999774680e+00,2.500301300689880134e-04,-4.997882809469589814e-04,-2.004592707608176400e-03,0.000000000000000000e+00
4.063999999999774460e+00,2.490345337265044813e-04,-4.977981712417544257e-04,-1.996610609192107574e-03,0.000000000000000000e+00
4.065999999999774239e+00,2.480429017545734320e-04,-4.958159859655181419e-04,-1.988660294734646145e-03,0.000000000000000000e+00
4.067999999999774019e+00,2.470552183674455844e-04,-4.938416935639198006e-04,-1.980741637675106567e-03,0.000000000000000000e+00
4.069999999999773799e+00,2.460714678422290373e-04,-4.918752626082756362e-04,-1.972854511956750878e-03,0.000000000000000000e+00
4.071999999999773578e+00,2.450916345186389270e-04,-4.899166617950478702e-04,-1.964998792024790289e-03,0.000000000000000000e+00
4.073999999999773358e+00,2.441157027987482238e-04,-4.879658599453465750e-04,-1.957174352824384185e-03,0.000000000000000000e+00
4.075999999999773138e+00,2.431436571467393678e-04,-4.860228260044331086e-04,-1.949381069798645193e-03,0.000000000000000000e+00
4.077999999999772918e+00,2.421754820886569089e-04,-4.840875290412259904e-04,-1.941618818886660727e-03,0.000000000000000000e+00
4.079999999999772697e+00,2.412111622121612838e-04,-4.821599382478084016e-04,-1.933887476521516276e-03,0.000000000000000000e+00
4.081999999999772477e+00,2.402506821662834071e-04,-4.802400229389378007e-04,-1.926186919628331690e-03,0.000000000000000000e+00
4.083999999999772257e+00,2.392940266611802923e-04,-4.783277525515573282e-04,-1.918517025622294876e-03,0.000000000000000000e+00
4.085999999999772037e+00,2.383411804678916754e-04,-4.764230966443094872e-04,-1.910877672406714571e-03,0.000000000000000000e+00
4.087999999999771816e+00,2.373921284180975600e-04,-4.745260248970513428e-04,-1.903268738371081785e-03,0.000000000000000000e+00
4.089999999999771596e+00,2.364468554038768201e-04,-4.726365071103719433e-04,-1.895690102389121709e-03,0.000000000000000000e+00
4.091999999999771376e+00,2.355053463774665879e-04,-4.707545132051115856e-04,-1.888141643816878580e-03,0.000000000000000000e+00
4.093999999999771156e+00,2.345675863510228085e-04,-4.688800132218829764e-04,-1.880623242490784067e-03,0.000000000000000000e+00
4.095999999999770935e+00,2.336335603963816065e-04,-4.670129773205943468e-04,-1.873134778725755144e-03,0.000000000000000000e+00
4.097999999999770715e+00,2.327032536448216560e-04,-4.651533757799743000e-04,-1.865676133313278091e-03,0.000000000000000000e+00
4.099999999999770495e+00,2.317766512868274455e-04,-4.633011789970987743e-04,-1.858247187519517646e-03,0.000000000000000000e+00
4.101999999999770274e+00,2.308537385718535987e-04,-4.614563574869198488e-04,-1.850847823083426151e-03,0.000000000000000000e+00
4.103999999999770054e+00,2.299345008080900101e-04,-4.596188818817962293e-04,-1.843477922214860516e-03,0.000000000000000000e+00
4.105999999999769834e+00,2.290189233622279546e-04,-4.577887229310259034e-04,-1.836137367592704378e-03,0.000000000000000000e+00
4.107999999999769614e+00,2.281069916592272015e-04,-4.559658515003803671e-04,-1.828826042363001537e-03,0.000000000000000000e+00
4.109999999999769393e+00,2.271986911820839138e-04,-4.541502385716409112e-04,-1.821543830137101541e-03,0.000000000000000000e+00
4.111999999999769173e+00,2.262940074715996317e-04,-4.523418552421366434e-04,-1.814290614989798323e-03,0.000000000000000000e+00
4.113999999999768953e+00,2.253929261261510691e-04,-4.505406727242844606e-04,-1.807066281457491395e-03,0.000000000000000000e+00
4.115999999999768733e+00,2.244954328014608057e-04,-4.487466623451306490e-04,-1.799870714536341842e-03,0.000000000000000000e+00
4.117999999999768512e+00,2.236015132103690072e-04,-4.469597955458945427e-04,-1.792703799680447387e-03,0.000000000000000000e+00
4.119999999999768292e+00,2.227111531226059875e-04,-4.451800438815138638e-04,-1.785565422800018329e-03,0.000000000000000000e+00
4.121999999999768072e+00,2.218243383645656101e-04,-4.434073790201919596e-04,-1.778455470259552619e-03,0.000000000000000000e+00
4.123999999999767851e+00,2.209410548190797203e-04,-4.416417727429466662e-04,-1.771373828876042153e-03,0.000000000000000000e+00
4.125999999999767631e+00,2.200612884251933893e-04,-4.398831969431612316e-04,-1.764320385917156515e-03,0.000000000000000000e+00
4.127999999999767411e+00,2.191850251779411084e-04,-4.381316236261368117e-04,-1.757295029099455348e-03,0.000000000000000000e+00
4.129999999999767191e+00,2.183122511281238227e-04,-4.363870249086467543e-04,-1.750297646586605055e-03,0.000000000000000000e+00
4.131999999999766970e+00,2.174429523820868321e-04,-4.346493730184929440e-04,-1.743328126987586831e-03,0.000000000000000000e+00
4.133999999999766750e+00,2.165771151014986957e-04,-4.329186402940634476e-04,-1.736386359354932449e-03,0.000000000000000000e+00
4.135999999999766530e+00,2.157147255031309214e-04,-4.311947991838923277e-04,-1.729472233182960048e-03,0.000000000000000000e+00
4.137999999999766310e+00,2.148557698586384698e-04,-4.294778222462209750e-04,-1.722585638406002977e-03,0.000000000000000000e+00
4.139999999999766089e+00,2.140002344943413412e-04,-4.277676821485613371e-04,-1.715726465396672472e-03,0.000000000000000000e+00
4.141999999999765869e+00,2.131481057910068137e-04,-4.260643516672607740e-04,-1.708894604964099513e-03,0.000000000000000000e+00
4.143999999999765649e+00,2.122993701836326842e-04,-4.243678036870686485e-04,-1.702089948352209642e-03,0.000000000000000000e+00
4.145999999999765429e+00,2.114540141612312682e-04,-4.226780112007047052e-04,-1.695312387237976094e-03,0.000000000000000000e+00
4.147999999999765208e+00,2.106120242666144023e-04,-4.209949473084291841e-04,-1.688561813729709364e-03,0.000000000000000000e+00
4.149999999999764988e+00,2.097733870961791792e-04,-4.193185852176145611e-04,-1.681838120365334623e-03,0.000000000000000000e+00
4.151999999999764768e+00,2.089380892996945489e-04,-4.176488982423190227e-04,-1.675141200110677811e-03,0.000000000000000000e+00
4.153999999999764547e+00,2.081061175800888159e-04,-4.159858598028616755e-04,-1.668470946357765612e-03,0.000000000000000000e+00
4.155999999999764327e+00,2.072774586932380294e-04,-4.143294434253994366e-04,-1.661827252923129758e-03,0.000000000000000000e+00
4.157999999999764107e+00,2.064520994477550249e-04,-4.126796227415056579e-04,-1.655210014046109603e-03,0.000000000000000000e+00
4.159999999999763887e+00,2.056300267047795228e-04,-4.110363714877501612e-04,-1.648619124387178982e-03,0.000000000000000000e+00
4.161999999999763666e+00,2.048112273777689583e-04,-4.093996635052813858e-04,-1.642054479026256592e-03,0.000000000000000000e+00
4.163999999999763446e+00,2.039956884322901252e-04,-4.077694727394098385e-04,-1.635515973461047594e-03,0.000000000000000000e+00
4.165999999999763226e+00,2.031833968858117411e-04,-4.061457732391933863e-04,-1.629003503605374811e-03,0.000000000000000000e+00
4.167999999999763006e+00,2.023743398074976893e-04,-4.045285391570240668e-04,-1.622516965787522067e-03,0.000000000000000000e+00
4.169999999999762785e+00,2.015685043180012650e-04,-4.029177447482166878e-04,-1.616056256748583594e-03,0.000000000000000000e+00
4.171999999999762565e+00,2.007658775892600712e-04,-4.013133643705989986e-04,-1.609621273640819521e-03,0.000000000000000000e+00
4.173999999999762345e+00,1.999664468442918634e-04,-3.997153724841034342e-04,-1.603211914026019154e-03,0.000000000000000000e+00
4.175999999999762125e+00,1.991701993569911530e-04,-3.981237436503606473e-04,-1.596828075873875548e-03,0.000000000000000000e+00
4.177999999999761904e+00,1.983771224519265705e-04,-3.965384525322944507e-04,-1.590469657560351392e-03,0.000000000000000000e+00
4.179999999999761684e+00,1.975872035041391220e-04,-3.949594738937184943e-04,-1.584136557866069189e-03,0.000000000000000000e+00
4.181999999999761464e+00,1.968004299389412598e-04,-3.933867825989346219e-04,-1.577828675974697094e-03,0.000000000000000000e+00
4.183999999999761243e+00,1.960167892317166030e-04,-3.918203536123326383e-04,-1.571545911471341692e-03,0.000000000000000000e+00
4.185999999999761023e+00,1.952362689077206069e-04,-3.902601619979918107e-04,-1.565288164340955523e-03,0.000000000000000000e+00
4.187999999999760803e+00,1.944588565418820458e-04,-3.887061829192838339e-04,-1.559055334966740272e-03,0.000000000000000000e+00
4.189999999999760583e+00,1.936845397586050915e-04,-3.871583916384776385e-04,-1.552847324128561225e-03,0.000000000000000000e+00
4.191999999999760362e+00,1.929133062315723955e-04,-3.856167635163454464e-04,-1.546664033001368677e-03,0.000000000000000000e+00
4.193999999999760142e+00,1.921451436835488482e-04,-3.840812740117705059e-04,-1.540505363153626267e-03,0.000000000000000000e+00
4.195999999999759922e+00,1.913800398861861243e-04,-3.825518986813566166e-04,-1.534371216545739325e-03,0.000000000000000000e+00
4.197999999999759702e+00,1.906179826598280416e-04,-3.810286131790387382e-04,-1.528261495528501421e-03,0.000000000000000000e+00
4.199999999999759481e+00,1.898589598733166513e-04,-3.795113932556957136e-04,-1.522176102841534852e-03,0.000000000000000000e+00
4.201999999999759261e+00,1.891029594437991144e-04,-3.780002147587640214e-04,-1.516114941611740666e-03,0.000000000000000000e+00
4.203999999999759041e+00,1.883499693365354186e-04,-3.764950536318533727e-04,-1.510077915351762563e-03,0.000000000000000000e+00
4.205999999999758820e+00,1.875999775647066914e-04,-3.749958859143638786e-04,-1.504064927958445597e-03,0.000000000000000000e+00
4.207999999999758600e+00,1.868529721892244887e-04,-3.735026877411044117e-04,-1.498075883711308745e-03,0.000000000000000000e+00
4.209999999999758380e+00,1.861089413185406532e-04,-3.720154353419128095e-04,-1.492110687271020961e-03,0.000000000000000000e+00
4.211999999999758160e+00,1.853678731084580937e-04,-3.705341050412775425e-04,-1.486169243677883285e-03,0.000000000000000000e+00
4.213999999999757939e+00,1.846297557619421611e-04,-3.690586732579606284e-04,-1.480251458350316171e-03,0.000000000000000000e+00
4.215999999999757719e+00,1.838945775289329188e-04,-3.675891165046224441e-04,-1.474357237083357211e-03,0.000000000000000000e+00
4.217999999999757499e+00,1.831623267061580366e-04,-3.661254113874476759e-04,-1.468486486047158868e-03,0.000000000000000000e+00
4.219999999999757279e+00,1.824329916369464978e-04,-3.646675346057730587e-04,-1.462639111785491407e-03,0.000000000000000000e+00
4.221999999999757058e+00,1.817065607110430645e-04,-3.632154629517163618e-04,-1.456815021214260576e-03,0.000000000000000000e+00
4.223999999999756838e+00,1.809830223644234490e-04,-3.617691733098070015e-04,-1.451014121620026152e-03,0.000000000000000000e+00
4.225999999999756618e+00,1.802623650791102157e-04,-3.603286426566179004e-04,-1.445236320658522221e-03,0.000000000000000000e+00
4.227999999999756398e+00,1.795445773829894157e-04,-3.588938480603992435e-04,-1.439481526353188733e-03,0.000000000000000000e+00
4.229999999999756177e+00,1.788296478496279799e-04,-3.574647666807132104e-04,-1.433749647093708265e-03,0.000000000000000000e+00
4.231999999999755957e+00,1.781175650980918444e-04,-3.560413757680704972e-04,-1.428040591634545387e-03,0.000000000000000000e+00
4.233999999999755737e+00,1.774083177927646983e-04,-3.546236526635681381e-04,-1.422354269093498158e-03,0.000000000000000000e+00
4.235999999999755516e+00,1.767018946431676276e-04,-3.532115747985287374e-04,-1.416690588950245307e-03,0.000000000000000000e+00
4.237999999999755296e+00,1.759982844037793538e-04,-3.518051196941412734e-04,-1.411049461044913342e-03,0.000000000000000000e+00
4.239999999999755076e+00,1.752974758738571508e-04,-3.504042649611033115e-04,-1.405430795576633266e-03,0.000000000000000000e+00
4.241999999999754856e+00,1.745994578972586298e-04,-3.490089882992644102e-04,-1.399834503102114630e-03,0.000000000000000000e+00
4.243999999999754635e+00,1.739042193622640921e-04,-3.476192674972713157e-04,-1.394260494534223065e-03,0.000000000000000000e+00
4.245999999999754415e+00,1.732117492013996688e-04,-3.462350804322142416e-04,-1.388708681140558669e-03,0.000000000000000000e+00
4.247999999999754195e+00,1.725220363912611111e-04,-3.448564050692747734e-04,-1.383178974542048287e-03,0.000000000000000000e+00
4.249999999999753975e+00,1.718350699523383662e-04,-3.434832194613750755e-04,-1.377671286711533438e-03,0.000000000000000000e+00
4.251999999999753754e+00,1.711508389488407224e-04,-3.421155017488285068e-04,-1.372185529972373003e-03,0.000000000000000000e+00
4.253999999999753534e+00,1.704693324885227408e-04,-3.407532301589917003e-04,-1.366721616997042428e-03,0.000000000000000000e+00
4.255999999999753314e+00,1.697905397225109184e-04,-3.393963830059177809e-04,-1.361279460805752024e-03,0.000000000000000000e+00
4.257999999999753094e+00,1.691144498451308930e-04,-3.380449386900113724e-04,-1.355858974765053980e-03,0.000000000000000000e+00
4.259999999999752873e+00,1.684410520937355165e-04,-3.366988756976846344e-04,-1.350460072586466727e-03,0.000000000000000000e+00
4.261999999999752653e+00,1.677703357485334961e-04,-3.353581726010148169e-04,-1.345082668325102773e-03,0.000000000000000000e+00
4.263999999999752433e+00,1.671022901324186870e-04,-3.340228080574031704e-04,-1.339726676378296538e-03,0.000000000000000000e+00
4.265999999999752212e+00,1.664369046108002252e-04,-3.326927608092351027e-04,-1.334392011484246930e-03,0.000000000000000000e+00
4.267999999999751992e+00,1.657741685914331474e-04,-3.313680096835419078e-04,-1.329078588720655589e-03,0.000000000000000000e+00
4.269999999999751772e+00,1.651140715242498255e-04,-3.300485335916636333e-04,-1.323786323503374669e-03,0.000000000000000000e+00
4.271999999999751552e+00,1.644566029011919957e-04,-3.287343115289133571e-04,-1.318515131585065898e-03,0.000000000000000000e+00
4.273999999999751331e+00,1.638017522560435211e-04,-3.274253225742429279e-04,-1.313264929053854432e-03,0.000000000000000000e+00
4.275999999999751111e+00,1.631495091642636952e-04,-3.261215458899097358e-04,-1.308035632331992250e-03,0.000000000000000000e+00
4.277999999999750891e+00,1.624998632428214130e-04,-3.248229607211451631e-04,-1.302827158174533692e-03,0.000000000000000000e+00
4.279999999999750671e+00,1.618528041500297764e-04,-3.235295463958241195e-04,-1.297639423668004929e-03,0.000000000000000000e+00
4.281999999999750450e+00,1.612083215853815123e-04,-3.222412823241359325e-04,-1.292472346229085571e-03,0.000000000000000000e+00
4.283999999999750230e+00,1.605664052893849864e-04,-3.209581479982567018e-04,-1.287325843603292011e-03,0.000000000000000000e+00
4.285999999999750010e+00,1.599270450434009502e-04,-3.196801229920226829e-04,-1.282199833863674650e-03,0.000000000000000000e+00
4.287999999999749789e+00,1.592902306694797478e-04,-3.184071869606052980e-04,-1.277094235409504709e-03,0.000000000000000000e+00
4.289999999999749569e+00,1.586559520301993628e-04,-3.171393196401870135e-04,-1.272008966964982730e-03,0.000000000000000000e+00
4.291999999999749349e+00,1.580241990285040897e-04,-3.158765008476390065e-04,-1.266943947577939267e-03,0.000000000000000000e+00
4.293999999999749129e+00,1.573949616075436919e-04,-3.146187104801997534e-04,-1.261899096618552055e-03,0.000000000000000000e+00
4.295999999999748908e+00,1.567682297505133739e-04,-3.133659285151550820e-04,-1.256874333778053646e-03,0.000000000000000000e+00
4.297999999999748688e+00,1.561439934804943221e-04,-3.121181350095193069e-04,-1.251869579067464190e-03,0.000000000000000000e+00
4.299999999999748468e+00,1.555222428602948961e-04,-3.108753100997178843e-04,-1.246884752816309477e-03,0.000000000000000000e+00
4.301999999999748248e+00,1.549029679922923626e-04,-3.096374340012711499e-04,-1.241919775671356321e-03,0.000000000000000000e+00
4.303999999999748027e+00,1.542861590182754148e-04,-3.084044870084793580e-04,-1.236974568595347081e-03,0.000000000000000000e+00
4.305999999999747807e+00,1.536718061192872073e-04,-3.071764494941090222e-04,-1.232049052865743718e-03,0.000000000000000000e+00
4.307999999999747587e+00,1.530598995154690408e-04,-3.059533019090804481e-04,-1.227143150073474465e-03,0.000000000000000000e+00
4.309999999999747367e+00,1.524504294659047255e-04,-3.047350247821565129e-04,-1.222256782121684815e-03,0.000000000000000000e+00
4.311999999999747146e+00,1.518433862684654583e-04,-3.035215987196328009e-04,-1.217389871224493735e-03,0.000000000000000000e+00
4.313999999999746926e+00,1.512387602596554055e-04,-3.023130044050287681e-04,-1.212542339905755932e-03,0.000000000000000000e+00
4.315999999999746706e+00,1.506365418144578548e-04,-3.011092225987802083e-04,-1.207714110997831075e-03,0.000000000000000000e+00
4.317999999999746485e+00,1.500367213461819898e-04,-2.999102341379331288e-04,-1.202905107640349532e-03,0.000000000000000000e+00
4.319999999999746265e+00,1.494392893063103164e-04,-2.987160199358386559e-04,-1.198115253278994596e-03,0.000000000000000000e+00
4.321999999999746045e+00,1.488442361843466300e-04,-2.975265609818490242e-04,-1.193344471664280378e-03,0.000000000000000000e+00
4.323999999999745825e+00,1.482515525076646067e-04,-2.963418383410151933e-04,-1.188592686850340960e-03,0.000000000000000000e+00
4.325999999999745604e+00,1.476612288413570455e-04,-2.951618331537852222e-04,-1.183859823193717832e-03,0.000000000000000000e+00
4.327999999999745384e+00,1.470732557880856243e-04,-2.939865266357042164e-04,-1.179145805352157725e-03,0.000000000000000000e+00
4.329999999999745164e+00,1.464876239879313888e-04,-2.928159000771151971e-04,-1.174450558283412181e-03,0.000000000000000000e+00
4.331999999999744944e+00,1.459043241182456747e-04,-2.916499348428612157e-04,-1.169774007244047537e-03,0.000000000000000000e+00
4.333999999999744723e+00,1.453233468935017075e-04,-2.904886123719888254e-04,-1.165116077788247093e-03,0.000000000000000000e+00
4.335999999999744503e+00,1.447446830651467984e-04,-2.893319141774524728e-04,-1.160476695766632371e-03,0.000000000000000000e+00
4.337999999999744283e+00,1.441683234214551643e-04,-2.881798218458204086e-04,-1.155855787325080035e-03,0.000000000000000000e+00
4.339999999999744063e+00,1.435942587873812078e-04,-2.870323170369813021e-04,-1.151253278903547478e-03,0.000000000000000000e+00
4.341999999999743842e+00,1.430224800244135023e-04,-2.858893814838525367e-04,-1.146669097234899286e-03,0.000000000000000000e+00
4.343999999999743622e+00,1.424529780304293193e-04,-2.847509969920892104e-04,-1.142103169343745839e-03,0.000000000000000000e+00
4.345999999999743402e+00,1.418857437395497248e-04,-2.836171454397945989e-04,-1.137555422545275842e-03,0.000000000000000000e+00
4.347999999999743181e+00,1.413207681219952718e-04,-2.824878087772317043e-04,-1.133025784444103602e-03,0.000000000000000000e+00
4.349999999999742961e+00,1.407580421839422081e-04,-2.813629690265358869e-04,-1.128514182933114569e-03,0.000000000000000000e+00
4.351999999999742741e+00,1.401975569673793618e-04,-2.802426082814286359e-04,-1.124020546192316082e-03,0.000000000000000000e+00
4.353999999999742521e+00,1.396393035499654870e-04,-2.791267087069325870e-04,-1.119544802687698522e-03,0.000000000000000000e+00
4.355999999999742300e+00,1.390832730448873149e-04,-2.780152525390875155e-04,-1.115086881170092130e-03,0.000000000000000000e+00
4.357999999999742080e+00,1.385294566007179841e-04,-2.769082220846676851e-04,-1.110646710674036836e-03,0.000000000000000000e+00
4.359999999999741860e+00,1.379778454012761755e-04,-2.758055997209001172e-04,-1.106224220516645144e-03,0.000000000000000000e+00
4.361999999999741640e+00,1.374284306654858167e-04,-2.747073678951840003e-04,-1.101819340296488446e-03,0.000000000000000000e+00
4.363999999999741419e+00,1.368812036472361927e-04,-2.736135091248113448e-04,-1.097431999892465974e-03,0.000000000000000000e+00
4.365999999999741199e+00,1.363361556352428157e-04,-2.725240059966887226e-04,-1.093062129462692850e-03,0.000000000000000000e+00
4.367999999999740979e+00,1.357932779529087014e-04,-2.714388411670598739e-04,-1.088709659443389856e-03,0.000000000000000000e+00
4.369999999999740758e+00,1.352525619581862416e-04,-2.703579973612298864e-04,-1.084374520547771482e-03,0.000000000000000000e+00
4.371999999999740538e+00,1.347139990434396734e-04,-2.692814573732899702e-04,-1.080056643764946978e-03,0.000000000000000000e+00
4.373999999999740318e+00,1.341775806353079814e-04,-2.682092040658436431e-04,-1.075755960358820533e-03,0.000000000000000000e+00
4.375999999999740098e+00,1.336432981945685056e-04,-2.671412203697339448e-04,-1.071472401866997541e-03,0.000000000000000000e+00
4.377999999999739877e+00,1.331111432160009549e-04,-2.660774892837717361e-04,-1.067205900099689984e-03,0.000000000000000000e+00
4.379999999999739657e+00,1.325811072282520175e-04,-2.650179938744649192e-04,-1.062956387138641774e-03,0.000000000000000000e+00
4.381999999999739437e+00,1.320531817937005132e-04,-2.639627172757490138e-04,-1.058723795336036742e-03,0.000000000000000000e+00
4.383999999999739217e+00,1.315273585083230883e-04,-2.629116426887186542e-04,-1.054508057313424847e-03,0.000000000000000000e+00
4.385999999999738996e+00,1.310036290015603700e-04,-2.618647533813600625e-04,-1.050309105960653584e-03,0.000000000000000000e+00
4.387999999999738776e+00,1.304819849361838000e-04,-2.608220326882848225e-04,-1.046126874434795059e-03,0.000000000000000000e+00
4.389999999999738556e+00,1.299624180081628737e-04,-2.597834640104644674e-04,-1.041961296159083471e-03,0.000000000000000000e+00
4.391999999999738336e+00,1.294449199465329487e-04,-2.587490308149663137e-04,-1.037812304821856928e-03,0.000000000000000000e+00
4.393999999999738115e+00,1.289294825132635686e-04,-2.577187166346903255e-04,-1.033679834375497535e-03,0.000000000000000000e+00
4.395999999999737895e+00,1.284160975031273559e-04,-2.566925050681068458e-04,-1.029563819035384485e-03,0.000000000000000000e+00
4.397999999999737675e+00,1.279047567435693655e-04,-2.556703797789955748e-04,-1.025464193278845422e-03,0.000000000000000000e+00
4.399999999999737454e+00,1.273954520945770076e-04,-2.546523244961855243e-04,-1.021380891844112133e-03,0.000000000000000000e+00
4.401999999999737234e+00,1.268881754485504045e-04,-2.536383230132958932e-04,-1.017313849729281454e-03,0.000000000000000000e+00
4.403999999999737014e+00,1.263829187301734511e-04,-2.526283591884782983e-04,-1.013263002191285705e-03,0.000000000000000000e+00
4.405999999999736794e+00,1.258796738962851211e-04,-2.516224169441595476e-04,-1.009228284744851864e-03,0.000000000000000000e+00
4.407999999999736573e+00,1.253784329357515573e-04,-2.506204802667859311e-04,-1.005209633161487613e-03,0.000000000000000000e+00
4.409999999999736353e+00,1.248791878693384077e-04,-2.496225332065681079e-04,-1.001206983468446582e-03,0.000000000000000000e+00
4.411999999999736133e+00,1.243819307495839458e-04,-2.486285598772273488e-04,-9.972202719477204699e-04,0.000000000000000000e+00
4.413999999999735913e+00,1.238866536606724638e-04,-2.476385444557425920e-04,-9.932494351350172959e-04,0.000000000000000000e+00
4.415999999999735692e+00,1.233933487183082604e-04,-2.466524711820985830e-04,-9.892944098187526555e-04,0.000000000000000000e+00
4.417999999999735472e+00,1.229020080695901994e-04,-2.456703243590348815e-04,-9.853551330390496535e-04,0.000000000000000000e+00
4.419999999999735252e+00,1.224126238928866189e-04,-2.446920883517961155e-04,-9.814315420867266923e-04,0.000000000000000000e+00
4.421999999999735032e+00,1.219251883977108525e-04,-2.437177475878830218e-04,-9.775235745023056443e-04,0.000000000000000000e+00
4.423999999999734811e+00,1.214396938245972498e-04,-2.427472865568045695e-04,-9.736311680750165537e-04,0.000000000000000000e+00
4.425999999999734591e+00,1.209561324449775913e-04,-2.417806898098310067e-04,-9.697542608418075437e-04,0.000000000000000000e+00
4.427999999999734371e+00,1.204744965610580993e-04,-2.408179419597480172e-04,-9.658927910863560236e-04,0.000000000000000000e+00
4.429999999999734150e+00,1.199947785056968823e-04,-2.398590276806117176e-04,-9.620466973380881366e-04,0.000000000000000000e+00
4.431999999999733930e+00,1.195169706422818674e-04,-2.389039317075046585e-04,-9.582159183712003758e-04,0.000000000000000000e+00
4.433999999999733710e+00,1.190410653646092881e-04,-2.379526388362928539e-04,-9.544003932036855369e-04,0.000000000000000000e+00
4.435999999999733490e+00,1.185670550967625253e-04,-2.370051339233837607e-04,-9.506000610963608391e-04,0.000000000000000000e+00
4.437999999999733269e+00,1.180949322929915568e-04,-2.360614018854852061e-04,-9.468148615518990827e-04,0.000000000000000000e+00
4.439999999999733049e+00,1.176246894375928284e-04,-2.351214276993652370e-04,-9.430447343138693463e-04,0.000000000000000000e+00
4.441999999999732829e+00,1.171563190447895983e-04,-2.341851964016129989e-04,-9.392896193657759504e-04,0.000000000000000000e+00
4.443999999999732609e+00,1.166898136586127968e-04,-2.332526930884005372e-04,-9.355494569301034923e-04,0.000000000000000000e+00
4.445999999999732388e+00,1.162251658527823061e-04,-2.323239029152455461e-04,-9.318241874673631811e-04,0.000000000000000000e+00
4.447999999999732168e+00,1.157623682305887556e-04,-2.313988110967750401e-04,-9.281137516751495828e-04,0.000000000000000000e+00
4.449999999999731948e+00,1.153014134247757770e-04,-2.304774029064900003e-04,-9.244180904871912921e-04,0.000000000000000000e+00
4.451999999999731727e+00,1.148422940974227211e-04,-2.295596636765309163e-04,-9.207371450724141822e-04,0.000000000000000000e+00
4.453999999999731507e+00,1.143850029398278348e-04,-2.286455787974443299e-04,-9.170708568340042201e-04,0.000000000000000000e+00
4.455999999999731287e+00,1.139295326723919398e-04,-2.277351337179502467e-04,-9.134191674084737519e-04,0.000000000000000000e+00
4.457999999999731067e+00,1.134758760445025180e-04,-2.268283139447104966e-04,-9.097820186647325585e-04,0.000000000000000000e+00
4.459999999999730846e+00,1.130240258344183252e-04,-2.259251050420980152e-04,-9.061593527031649824e-04,0.000000000000000000e+00
4.461999999999730626e+00,1.125739748491543977e-04,-2.250254926319670201e-04,-9.025511118547040190e-04,0.000000000000000000e+00
4.463999999999730406e+00,1.121257159243675472e-04,-2.241294623934242175e-04,-8.989572386799140821e-04,0.000000000000000000e+00
4.465999999999730186e+00,1.116792419242423434e-04,-2.232370000626006856e-04,-8.953776759680828756e-04,0.000000000000000000e+00
4.467999999999729965e+00,1.112345457413774897e-04,-2.223480914324249243e-04,-8.918123667363006893e-04,0.000000000000000000e+00
4.469999999999729745e+00,1.107916202966726998e-04,-2.214627223523966363e-04,-8.882612542285618119e-04,0.000000000000000000e+00
4.471999999999729525e+00,1.103504585392159820e-04,-2.205808787283614839e-04,-8.847242819148555364e-04,0.000000000000000000e+00
4.473999999999729305e+00,1.099110534461714101e-04,-2.197025465222867411e-04,-8.812013934902688736e-04,0.000000000000000000e+00
4.475999999999729084e+00,1.094733980226673291e-04,-2.188277117520377843e-04,-8.776925328740888335e-04,0.000000000000000000e+00
4.477999999999728864e+00,1.090374853016850209e-04,-2.179563604911555609e-04,-8.741976442089116443e-04,0.000000000000000000e+00
4.479999999999728644e+00,1.086033083439477497e-04,-2.170884788686348150e-04,-8.707166718597528395e-04,0.000000000000000000e+00
4.481999999999728423e+00,1.081708602378103363e-04,-2.162240530687033712e-04,-8.672495604131595127e-04,0.000000000000000000e+00
4.483999999999728203e+00,1.077401340991491384e-04,-2.153630693306021228e-04,-8.637962546763312474e-04,0.000000000000000000e+00
4.485999999999727983e+00,1.073111230712524110e-04,-2.145055139483660232e-04,-8.603566996762397438e-04,0.000000000000000000e+00
4.487999999999727763e+00,1.068838203247111945e-04,-2.136513732706058898e-04,-8.569308406587536515e-04,0.000000000000000000e+00
4.489999999999727542e+00,1.064582190573106103e-04,-2.128006337002910761e-04,-8.535186230877668707e-04,0.000000000000000000e+00
4.491999999999727322e+00,1.060343124939215490e-04,-2.119532816945330375e-04,-8.501199926443333589e-04,0.000000000000000000e+00
4.493999999999727102e+00,1.056120938863928054e-04,-2.111093037643697380e-04,-8.467348952257962996e-04,0.000000000000000000e+00
4.495999999999726882e+00,1.051915565134437023e-04,-2.102686864745508964e-04,-8.433632769449341850e-04,0.000000000000000000e+00
4.497999999999726661e+00,1.047726936805570526e-04,-2.094314164433241552e-04,-8.400050841290956222e-04,0.000000000000000000e+00
4.499999999999726441e+00,1.043554987198726090e-04,-2.085974803422220071e-04,-8.366602633193523549e-04,0.000000000000000000e+00
4.501999999999726221e+00,1.039399649900809073e-04,-2.077668648958496712e-04,-8.333287612696414423e-04,0.000000000000000000e+00
4.503999999999726001e+00,1.035260858763175566e-04,-2.069395568816737008e-04,-8.300105249459234849e-04,0.000000000000000000e+00
4.505999999999725780e+00,1.031138547900579364e-04,-2.061155431298115936e-04,-8.267055015253317422e-04,0.000000000000000000e+00
4.507999999999725560e+00,1.027032651690122861e-04,-2.052948105228219987e-04,-8.234136383953394658e-04,0.000000000000000000e+00
4.509999999999725340e+00,1.022943104770212967e-04,-2.044773459954960350e-04,-8.201348831529155226e-04,0.000000000000000000e+00
4.511999999999725119e+00,1.018869842039519998e-04,-2.036631365346492327e-04,-8.168691836036925946e-04,0.000000000000000000e+00
4.513999999999724899e+00,1.014812798655941728e-04,-2.028521691789143691e-04,-8.136164877611366808e-04,0.000000000000000000e+00
4.515999999999724679e+00,1.010771910035571086e-04,-2.020444310185352268e-04,-8.103767438457209343e-04,0.000000000000000000e+00
4.517999999999724459e+00,1.006747111851667931e-04,-2.012399091951609740e-04,-8.071499002840964651e-04,0.000000000000000000e+00
4.519999999999724238e+00,1.002738340033635154e-04,-2.004385909016415221e-04,-8.039359057082761523e-04,0.000000000000000000e+00
4.521999999999724018e+00,9.987455307659987176e-05,-1.996404633818236411e-04,-8.007347089548167221e-04,0.000000000000000000e+00
4.523999999999723798e+00,9.947686204873917599e-05,-1.988455139303479155e-04,-7.975462590640003922e-04,0.000000000000000000e+00
4.525999999999723578e+00,9.908075458895428947e-05,-1.980537298924464596e-04,-7.943705052790286589e-04,0.000000000000000000e+00
4.527999999999723357e+00,9.868622439162680414e-05,-1.972650986637414997e-04,-7.912073970452082779e-04,0.000000000000000000e+00
4.529999999999723137e+00,9.829326517624671308e-05,-1.964796076900446884e-04,-7.880568840091532919e-04,0.000000000000000000e+00
4.531999999999722917e+00,9.790187068731239287e-05,-1.956972444671572586e-04,-7.849189160179796849e-04,0.000000000000000000e+00
4.533999999999722696e+00,9.751203469423104671e-05,-1.949179965406710189e-04,-7.817934431185056751e-04,0.000000000000000000e+00
4.535999999999722476e+00,9.712375099121949994e-05,-1.941418515057700522e-04,-7.786804155564589457e-04,0.000000000000000000e+00
4.537999999999722256e+00,9.673701339720542920e-05,-1.933687970070332020e-04,-7.755797837756860449e-04,0.000000000000000000e+00
4.539999999999722036e+00,9.635181575572895755e-05,-1.925988207382374787e-04,-7.724914984173587504e-04,0.000000000000000000e+00
4.541999999999721815e+00,9.596815193484462903e-05,-1.918319104421620908e-04,-7.694155103191917082e-04,0.000000000000000000e+00
4.543999999999721595e+00,9.558601582702384403e-05,-1.910680539103933419e-04,-7.663517705146605068e-04,0.000000000000000000e+00
4.545999999999721375e+00,9.520540134905757922e-05,-1.903072389831302882e-04,-7.633002302322184490e-04,0.000000000000000000e+00
4.547999999999721155e+00,9.482630244195959545e-05,-1.895494535489912079e-04,-7.602608408945246005e-04,0.000000000000000000e+00
4.549999999999720934e+00,9.444871307086995726e-05,-1.887946855448206947e-04,-7.572335541176670667e-04,0.000000000000000000e+00
4.551999999999720714e+00,9.407262722495895904e-05,-1.880429229554977000e-04,-7.542183217103953785e-04,0.000000000000000000e+00
4.553999999999720494e+00,9.369803891733147129e-05,-1.872941538137443064e-04,-7.512150956733498405e-04,0.000000000000000000e+00
4.555999999999720274e+00,9.332494218493159860e-05,-1.865483661999351253e-04,-7.482238281983021565e-04,0.000000000000000000e+00
4.557999999999720053e+00,9.295333108844778484e-05,-1.858055482419075882e-04,-7.452444716673899822e-04,0.000000000000000000e+00
4.559999999999719833e+00,9.258319971221824361e-05,-1.850656881147729708e-04,-7.422769786523623209e-04,0.000000000000000000e+00
4.561999999999719613e+00,9.221454216413678179e-05,-1.843287740407281207e-04,-7.393213019138214492e-04,0.000000000000000000e+00
4.563999999999719392e+00,9.184735257555904308e-05,-1.835947942888679994e-04,-7.363773944004739502e-04,0.000000000000000000e+00
4.565999999999719172e+00,9.148162510120904983e-05,-1.828637371749989552e-04,-7.334452092483787107e-04,0.000000000000000000e+00
4.567999999999718952e+00,9.111735391908613781e-05,-1.821355910614526471e-04,-7.305246997802031586e-04,0.000000000000000000e+00
4.569999999999718732e+00,9.075453323037233825e-05,-1.814103443569008633e-04,-7.276158195044799340e-04,0.000000000000000000e+00
4.571999999999718511e+00,9.039315725933999026e-05,-1.806879855161709354e-04,-7.247185221148648611e-04,0.000000000000000000e+00
4.573999999999718291e+00,9.003322025325986822e-05,-1.799685030400619934e-04,-7.218327614894027265e-04,0.000000000000000000e+00
4.575999999999718071e+00,8.967471648230953966e-05,-1.792518854751619253e-04,-7.189584916897908892e-04,0.000000000000000000e+00
4.577999999999717851e+00,8.931764023948221087e-05,-1.785381214136650145e-04,-7.160956669606480945e-04,0.000000000000000000e+00
4.579999999999717630e+00,8.896198584049583020e-05,-1.778271994931903083e-04,-7.132442417287884924e-04,0.000000000000000000e+00
4.581999999999717410e+00,8.860774762370262486e-05,-1.771191083966008547e-04,-7.104041706024913187e-04,0.000000000000000000e+00
4.583999999999717190e+00,8.825491994999897665e-05,-1.764138368518233997e-04,-7.075754083707844547e-04,0.000000000000000000e+00
4.585999999999716970e+00,8.790349720273563647e-05,-1.757113736316690596e-04,-7.047579100027206132e-04,0.000000000000000000e+00
4.587999999999716749e+00,8.755347378762833184e-05,-1.750117075536545912e-04,-7.019516306466600311e-04,0.000000000000000000e+00
4.589999999999716529e+00,8.720484413266868615e-05,-1.743148274798242566e-04,-6.991565256295592320e-04,0.000000000000000000e+00
4.591999999999716309e+00,8.685760268803554445e-05,-1.736207223165726920e-04,-6.963725504562584892e-04,0.000000000000000000e+00
4.593999999999716088e+00,8.651174392600661101e-05,-1.729293810144681828e-04,-6.935996608087736243e-04,0.000000000000000000e+00
4.595999999999715868e+00,8.616726234087045274e-05,-1.722407925680767787e-04,-6.908378125455895413e-04,0.000000000000000000e+00
4.597999999999715648e+00,8.582415244883888209e-05,-1.715549460157871954e-04,-6.880869617009602660e-04,0.000000000000000000e+00
4.599999999999715428e+00,8.548240878795961104e-05,-1.708718304396362033e-04,-6.853470644842050812e-04,0.000000000000000000e+00
4.601999999999715207e+00,8.514202591802933872e-05,-1.701914349651349116e-04,-6.826180772790150716e-04,0.000000000000000000e+00
4.603999999999714987e+00,8.480299842050715079e-05,-1.695137487610955671e-04,-6.798999566427570661e-04,0.000000000000000000e+00
4.605999999999714767e+00,8.446532089842823045e-05,-1.688387610394592199e-04,-6.771926593057814824e-04,0.000000000000000000e+00
4.607999999999714547e+00,8.412898797631797613e-05,-1.681664610551239047e-04,-6.744961421707366782e-04,0.000000000000000000e+00
4.609999999999714326e+00,8.379399430010643082e-05,-1.674968381057737163e-04,-6.718103623118776638e-04,0.000000000000000000e+00
4.611999999999714106e+00,8.346033453704300952e-05,-1.668298815317082915e-04,-6.691352769743878250e-04,0.000000000000000000e+00
4.613999999999713886e+00,8.312800337561166049e-05,-1.661655807156732403e-04,-6.664708435736945748e-04,0.000000000000000000e+00
4.615999999999713665e+00,8.279699552544628389e-05,-1.655039250826910370e-04,-6.638170196947945460e-04,0.000000000000000000e+00
4.617999999999713445e+00,8.246730571724650283e-05,-1.648449040998927525e-04,-6.611737630915761818e-04,0.000000000000000000e+00
4.619999999999713225e+00,8.213892870269380033e-05,-1.641885072763503005e-04,-6.585410316861470964e-04,0.000000000000000000e+00
4.621999999999713005e+00,8.181185925436798155e-05,-1.635347241629095253e-04,-6.559187835681666405e-04,0.000000000000000000e+00
4.623999999999712784e+00,8.148609216566393416e-05,-1.628835443520237761e-04,-6.533069769941771653e-04,0.000000000000000000e+00
4.625999999999712564e+00,8.116162225070875464e-05,-1.622349574775883228e-04,-6.507055703869370211e-04,0.000000000000000000e+00
4.627999999999712344e+00,8.083844434427919984e-05,-1.615889532147752315e-04,-6.481145223347643987e-04,0.000000000000000000e+00
4.629999999999712124e+00,8.051655330171946380e-05,-1.609455212798691082e-04,-6.455337915908729296e-04,0.000000000000000000e+00
4.631999999999711903e+00,8.019594399885925269e-05,-1.603046514301032757e-04,-6.429633370727176958e-04,0.000000000000000000e+00
4.633999999999711683e+00,7.987661133193225287e-05,-1.596663334634968725e-04,-6.404031178613399378e-04,0.000000000000000000e+00
4.635999999999711463e+00,7.955855021749486989e-05,-1.590305572186923033e-04,-6.378530932007178342e-04,0.000000000000000000e+00
4.637999999999711243e+00,7.924175559234527925e-05,-1.583973125747935307e-04,-6.353132224971146796e-04,0.000000000000000000e+00
4.639999999999711022e+00,7.892622241344287020e-05,-1.577665894512050165e-04,-6.327834653184344349e-04,0.000000000000000000e+00
4.641999999999710802e+00,7.861194565782793342e-05,-1.571383778074711792e-04,-6.302637813935785781e-04,0.000000000000000000e+00
4.643999999999710582e+00,7.829892032254170118e-05,-1.565126676431165818e-04,-6.277541306118025223e-04,0.000000000000000000e+00
4.645999999999710361e+00,7.798714142454672617e-05,-1.558894489974867170e-04,-6.252544730220815743e-04,0.000000000000000000e+00
4.647999999999710141e+00,7.767660400064754507e-05,-1.552687119495894973e-04,-6.227647688324699539e-04,0.000000000000000000e+00
4.649999999999709921e+00,7.736730310741166724e-05,-1.546504466179372589e-04,-6.202849784094706560e-04,0.000000000000000000e+00
4.651999999999709701e+00,7.705923382109088884e-05,-1.540346431603895256e-04,-6.178150622774031438e-04,0.000000000000000000e+00
4.653999999999709480e+00,7.675239123754289139e-05,-1.534212917739962605e-04,-6.153549811177753785e-04,0.000000000000000000e+00
4.655999999999709260e+00,7.644677047215320633e-05,-1.528103826948418761e-04,-6.129046957686580185e-04,0.000000000000000000e+00
4.657999999999709040e+00,7.614236665975742356e-05,-1.522019061978897598e-04,-6.104641672240607858e-04,0.000000000000000000e+00
4.659999999999708820e+00,7.583917495456376579e-05,-1.515958525968274769e-04,-6.080333566333110014e-04,0.000000000000000000e+00
4.661999999999708599e+00,7.553719053007593403e-05,-1.509922122439125429e-04,-6.056122253004368912e-04,0.000000000000000000e+00
4.663999999999708379e+00,7.523640857901629190e-05,-1.503909755298189278e-04,-6.032007346835487234e-04,0.000000000000000000e+00
4.665999999999708159e+00,7.493682431324932087e-05,-1.497921328834840202e-04,-6.007988463942286195e-04,0.000000000000000000e+00
4.667999999999707939e+00,7.463843296370541451e-05,-1.491956747719562439e-04,-5.984065221969164620e-04,0.000000000000000000e+00
4.669999999999707718e+00,7.434122978030493004e-05,-1.486015917002433495e-04,-5.960237240083036091e-04,0.000000000000000000e+00
4.671999999999707498e+00,7.404521003188260591e-05,-1.480098742111612780e-04,-5.936504138967240059e-04,0.000000000000000000e+00
4.673999999999707278e+00,7.375036900611223688e-05,-1.474205128851835639e-04,-5.912865540815526698e-04,0.000000000000000000e+00
4.675999999999707057e+00,7.345670200943166077e-05,-1.468334983402913910e-04,-5.889321069326041748e-04,0.000000000000000000e+00
4.677999999999706837e+00,7.316420436696801624e-05,-1.462488212318242429e-04,-5.865870349695328709e-04,0.000000000000000000e+00
4.679999999999706617e+00,7.287287142246335302e-05,-1.456664722523312323e-04,-5.842513008612344044e-04,0.000000000000000000e+00
4.681999999999706397e+00,7.258269853820051309e-05,-1.450864421314227814e-04,-5.819248674252559123e-04,0.000000000000000000e+00
4.683999999999706176e+00,7.229368109492926946e-05,-1.445087216356231714e-04,-5.796076976272001441e-04,0.000000000000000000e+00
4.685999999999705956e+00,7.200581449179281721e-05,-1.439333015682235238e-04,-5.772997545801360902e-04,0.000000000000000000e+00
4.687999999999705736e+00,7.171909414625454921e-05,-1.433601727691353252e-04,-5.750010015440165483e-04,0.000000000000000000e+00
4.689999999999705516e+00,7.143351549402506223e-05,-1.427893261147447374e-04,-5.727114019250865821e-04,0.000000000000000000e+00
4.691999999999705295e+00,7.114907398898952890e-05,-1.422207525177672603e-04,-5.704309192753049922e-04,0.000000000000000000e+00
4.693999999999705075e+00,7.086576510313532726e-05,-1.416544429271030989e-04,-5.681595172917636161e-04,0.000000000000000000e+00
4.695999999999704855e+00,7.058358432647994128e-05,-1.410903883276931007e-04,-5.658971598161079315e-04,0.000000000000000000e+00
4.697999999999704634e+00,7.030252716699918669e-05,-1.405285797403751794e-04,-5.636438108339645973e-04,0.000000000000000000e+00
4.699999999999704414e+00,7.002258915055570786e-05,-1.399690082217414989e-04,-5.613994344743642242e-04,0.000000000000000000e+00
4.701999999999704194e+00,6.974376582082771861e-05,-1.394116648639959818e-04,-5.591639950091728192e-04,0.000000000000000000e+00
4.703999999999703974e+00,6.946605273923809535e-05,-1.388565407948125501e-04,-5.569374568525232300e-04,0.000000000000000000e+00
4.705999999999703753e+00,6.918944548488371426e-05,-1.383036271771939077e-04,-5.547197845602461555e-04,0.000000000000000000e+00
4.707999999999703533e+00,6.891393965446504586e-05,-1.377529152093308383e-04,-5.525109428293085295e-04,0.000000000000000000e+00
4.709999999999703313e+00,6.863953086221611559e-05,-1.372043961244620992e-04,-5.503108964972510363e-04,0.000000000000000000e+00
4.711999999999703093e+00,6.836621473983464051e-05,-1.366580611907348844e-04,-5.481196105416273612e-04,0.000000000000000000e+00
4.713999999999702872e+00,6.809398693641250484e-05,-1.361139017110657488e-04,-5.459370500794482120e-04,0.000000000000000000e+00
4.715999999999702652e+00,6.782284311836650655e-05,-1.355719090230022639e-04,-5.437631803666240389e-04,0.000000000000000000e+00
4.717999999999702432e+00,6.755277896936933433e-05,-1.350320744985850530e-04,-5.415979667974125250e-04,0.000000000000000000e+00
4.719999999999702212e+00,6.728379019028091050e-05,-1.344943895442104499e-04,-5.394413749038691128e-04,0.000000000000000000e+00
4.721999999999701991e+00,6.701587249907992364e-05,-1.339588456004937270e-04,-5.372933703552975303e-04,0.000000000000000000e+00
4.723999999999701771e+00,6.674902163079565937e-05,-1.334254341421327837e-04,-5.351539189577016187e-04,0.000000000000000000e+00
4.725999999999701551e+00,6.648323333744011576e-05,-1.328941466777724858e-04,-5.330229866532449658e-04,0.000000000000000000e+00
4.727999999999701330e+00,6.621850338794037618e-05,-1.323649747498694925e-04,-5.309005395197031671e-04,0.000000000000000000e+00
4.729999999999701110e+00,6.595482756807126683e-05,-1.318379099345575714e-04,-5.287865437699295311e-04,0.000000000000000000e+00
4.731999999999700890e+00,6.569220168038824464e-05,-1.313129438415135369e-04,-5.266809657513129780e-04,0.000000000000000000e+00
4.733999999999700670e+00,6.543062154416059680e-05,-1.307900681138236766e-04,-5.245837719452450462e-04,0.000000000000000000e+00
4.735999999999700449e+00,6.517008299530489791e-05,-1.302692744278507466e-04,-5.224949289665838624e-04,0.000000000000000000e+00
4.737999999999700229e+00,6.491058188631869744e-05,-1.297505544931014008e-04,-5.204144035631254848e-04,0.000000000000000000e+00
4.739999999999700009e+00,6.465211408621450537e-05,-1.292339000520942706e-04,-5.183421626150717769e-04,0.000000000000000000e+00
4.741999999999699789e+00,6.439467548045404890e-05,-1.287193028802285054e-04,-5.162781731345060868e-04,0.000000000000000000e+00
4.743999999999699568e+00,6.413826197088274596e-05,-1.282067547856528551e-04,-5.142224022648641570e-04,0.000000000000000000e+00
4.745999999999699348e+00,6.388286947566447689e-05,-1.276962476091351864e-04,-5.121748172804158755e-04,0.000000000000000000e+00
4.747999999999699128e+00,6.362849392921661365e-05,-1.271877732239327311e-04,-5.101353855857409560e-04,0.000000000000000000e+00
4.749999999999698908e+00,6.337513128214529294e-05,-1.266813235356625779e-04,-5.081040747152102549e-04,0.000000000000000000e+00
4.751999999999698687e+00,6.312277750118094682e-05,-1.261768904821729232e-04,-5.060808523324709929e-04,0.000000000000000000e+00
4.753999999999698467e+00,6.287142856911411796e-05,-1.256744660334147023e-04,-5.040656862299293731e-04,0.000000000000000000e+00
4.755999999999698247e+00,6.262108048473149168e-05,-1.251740421913137070e-04,-5.020585443282405726e-04,0.000000000000000000e+00
4.757999999999698026e+00,6.237172926275219912e-05,-1.246756109896433277e-04,-5.000593946757948306e-04,0.000000000000000000e+00
4.759999999999697806e+00,6.212337093376440491e-05,-1.241791644938977017e-04,-4.980682054482130777e-04,0.000000000000000000e+00
4.761999999999697586e+00,6.187600154416207112e-05,-1.236846948011654308e-04,-4.960849449478360595e-04,0.000000000000000000e+00
4.763999999999697366e+00,6.162961715608205996e-05,-1.231921940400037868e-04,-4.941095816032217009e-04,0.000000000000000000e+00
4.765999999999697145e+00,6.138421384734143982e-05,-1.227016543703133504e-04,-4.921420839686442041e-04,0.000000000000000000e+00
4.767999999999696925e+00,6.113978771137500807e-05,-1.222130679832132466e-04,-4.901824207235883774e-04,0.000000000000000000e+00
4.769999999999696705e+00,6.089633485717317309e-05,-1.217264271009168007e-04,-4.882305606722580574e-04,0.000000000000000000e+00
4.771999999999696485e+00,6.065385140921995821e-05,-1.212417239766078034e-04,-4.862864727430734734e-04,0.000000000000000000e+00
4.773999999999696264e+00,6.041233350743132420e-05,-1.207589508943170879e-04,-4.843501259881796694e-04,0.000000000000000000e+00
4.775999999999696044e+00,6.017177730709372206e-05,-1.202781001687997848e-04,-4.824214895829523255e-04,0.000000000000000000e+00
4.777999999999695824e+00,5.993217897880289660e-05,-1.197991641454129155e-04,-4.805005328255089990e-04,0.000000000000000000e+00
4.779999999999695603e+00,5.969353470840290689e-05,-1.193221351999935824e-04,-4.785872251362190653e-04,0.000000000000000000e+00
4.781999999999695383e+00,5.945584069692543119e-05,-1.188470057387375786e-04,-4.766815360572160439e-04,0.000000000000000000e+00
4.783999999999695163e+00,5.921909316052927530e-05,-1.183737681980785131e-04,-4.747834352519146942e-04,0.000000000000000000e+00
4.785999999999694943e+00,5.898328833044013834e-05,-1.179024150445673829e-04,-4.728928925045274619e-04,0.000000000000000000e+00
4.787999999999694722e+00,5.874842245289063603e-05,-1.174329387747527010e-04,-4.710098777195824427e-04,0.000000000000000000e+00
4.789999999999694502e+00,5.851449178906051372e-05,-1.169653319150609766e-04,-4.691343609214448148e-04,0.000000000000000000e+00
4.791999999999694282e+00,5.828149261501715760e-05,-1.164995870216778054e-04,-4.672663122538415256e-04,0.000000000000000000e+00
4.793999999999694062e+00,5.804942122165629556e-05,-1.160356966804293525e-04,-4.654057019793822903e-04,0.000000000000000000e+00
4.795999999999693841e+00,5.781827391464296922e-05,-1.155736535066643236e-04,-4.635525004790896995e-04,0.000000000000000000e+00
4.797999999999693621e+00,5.758804701435269558e-05,-1.151134501451363831e-04,-4.617066782519256389e-04,0.000000000000000000e+00
4.799999999999693401e+00,5.735873685581292016e-05,-1.146550792698871148e-04,-4.598682059143229146e-04,0.000000000000000000e+00
4.801999999999693181e+00,5.713033978864465976e-05,-1.141985335841293750e-04,-4.580370541997162270e-04,0.000000000000000000e+00
4.803999999999692960e+00,5.690285217700439603e-05,-1.137438058201311204e-04,-4.562131939580776983e-04,0.000000000000000000e+00
4.805999999999692740e+00,5.667627039952619940e-05,-1.132908887390997506e-04,-4.543965961554519671e-04,0.000000000000000000e+00
4.807999999999692520e+00,5.645059084926406308e-05,-1.128397751310668441e-04,-4.525872318734928002e-04,0.000000000000000000e+00
4.809999999999692299e+00,5.622580993363451488e-05,-1.123904578147733822e-04,-4.507850723090066434e-04,0.000000000000000000e+00
4.811999999999692079e+00,5.600192407435940521e-05,-1.119429296375554732e-04,-4.489900887734885829e-04,0.000000000000000000e+00
4.813999999999691859e+00,5.577892970740894581e-05,-1.114971834752304173e-04,-4.472022526926711008e-04,0.000000000000000000e+00
4.815999999999691639e+00,5.555682328294497889e-05,-1.110532122319833663e-04,-4.454215356060654569e-04,0.000000000000000000e+00
4.817999999999691418e+00,5.533560126526446983e-05,-1.106110088402543226e-04,-4.436479091665097938e-04,0.000000000000000000e+00
4.819999999999691198e+00,5.511526013274321682e-05,-1.101705662606256399e-04,-4.418813451397183255e-04,0.000000000000000000e+00
4.821999999999690978e+00,5.489579637777979753e-05,-1.097318774817099843e-04,-4.401218154038322606e-04,0.000000000000000000e+00
4.823999999999690758e+00,5.467720650673971920e-05,-1.092949355200387022e-04,-4.383692919489694251e-04,0.000000000000000000e+00
4.825999999999690537e+00,5.445948703989981940e-05,-1.088597334199506352e-04,-4.366237468767827749e-04,0.000000000000000000e+00
4.827999999999690317e+00,5.424263451139285647e-05,-1.084262642534814235e-04,-4.348851524000115366e-04,0.000000000000000000e+00
4.829999999999690097e+00,5.402664546915235080e-05,-1.079945211202532014e-04,-4.331534808420429723e-04,0.000000000000000000e+00
4.831999999999689877e+00,5.381151647485762251e-05,-1.075644971473647678e-04,-4.314287046364687246e-04,0.000000000000000000e+00
4.833999999999689656e+00,5.359724410387905959e-05,-1.071361854892821495e-04,-4.297107963266478831e-04,0.000000000000000000e+00
4.835999999999689436e+00,5.338382494522360286e-05,-1.067095793277296392e-04,-4.279997285652698338e-04,0.000000000000000000e+00
4.837999999999689216e+00,5.317125560148044098e-05,-1.062846718715812797e-04,-4.262954741139173259e-04,0.000000000000000000e+00
4.839999999999688995e+00,5.295953268876693587e-05,-1.058614563567527293e-04,-4.245980058426338747e-04,0.000000000000000000e+00
4.841999999999688775e+00,5.274865283667475144e-05,-1.054399260460935723e-04,-4.229072967294926835e-04,0.000000000000000000e+00
4.843999999999688555e+00,5.253861268821619231e-05,-1.050200742292801059e-04,-4.212233198601662149e-04,0.000000000000000000e+00
4.845999999999688335e+00,5.232940889977077302e-05,-1.046018942227085186e-04,-4.195460484274946781e-04,0.000000000000000000e+00
4.847999999999688114e+00,5.212103814103199724e-05,-1.041853793693884353e-04,-4.178754557310651423e-04,0.000000000000000000e+00
4.849999999999687894e+00,5.191349709495431992e-05,-1.037705230388370178e-04,-4.162115151767804572e-04,0.000000000000000000e+00
4.851999999999687674e+00,5.170678245770037382e-05,-1.033573186269733910e-04,-4.145542002764407517e-04,0.000000000000000000e+00
4.853999999999687454e+00,5.150089093858834497e-05,-1.029457595560134744e-04,-4.129034846473179921e-04,0.000000000000000000e+00
4.855999999999687233e+00,5.129581926003961255e-05,-1.025358392743653304e-04,-4.112593420117392155e-04,0.000000000000000000e+00
4.857999999999687013e+00,5.109156415752656483e-05,-1.021275512565248230e-04,-4.096217461966652085e-04,0.000000000000000000e+00
4.859999999999686793e+00,5.088812237952061848e-05,-1.017208890029717782e-04,-4.079906711332763423e-04,0.000000000000000000e+00
4.861999999999686572e+00,5.068549068744048858e-05,-1.013158460400664701e-04,-4.063660908565562384e-04,0.000000000000000000e+00
4.863999999999686352e+00,5.048366585560059411e-05,-1.009124159199466215e-04,-4.047479795048780377e-04,0.000000000000000000e+00
4.865999999999686132e+00,5.028264467115974137e-05,-1.005105922204247164e-04,-4.031363113195943551e-04,0.000000000000000000e+00
4.867999999999685912e+00,5.008242393406996991e-05,-1.001103685448857870e-04,-4.015310606446261497e-04,0.000000000000000000e+00
4.869999999999685691e+00,4.988300045702560181e-05,-9.971173852218556634e-05,-3.999322019260548484e-04,0.000000000000000000e+00
4.871999999999685471e+00,4.968437106541250106e-05,-9.931469580654911529e-05,-3.983397097117142519e-04,0.000000000000000000e+00
4.873999999999685251e+00,4.948653259725756324e-05,-9.891923407746974805e-05,-3.967535586507867779e-04,0.000000000000000000e+00
4.875999999999685031e+00,4.928948190317834760e-05,-9.852534703960844509e-05,-3.951737234933988367e-04,0.000000000000000000e+00
4.877999999999684810e+00,4.909321584633295977e-05,-9.813302842269363234e-05,-3.936001790902203274e-04,0.000000000000000000e+00
4.879999999999684590e+00,4.889773130237011749e-05,-9.774227198142135318e-05,-3.920329003920630488e-04,0.000000000000000000e+00
4.881999999999684370e+00,4.870302515937940610e-05,-9.735307149535587427e-05,-3.904718624494821471e-04,0.000000000000000000e+00
4.883999999999684150e+00,4.850909431784174397e-05,-9.696542076883065721e-05,-3.889170404123792977e-04,0.000000000000000000e+00
4.885999999999683929e+00,4.831593569058004461e-05,-9.657931363084969612e-05,-3.873684095296065378e-04,0.000000000000000000e+00
4.887999999999683709e+00,4.812354620271006836e-05,-9.619474393498932965e-05,-3.858259451485735684e-04,0.000000000000000000e+00
4.889999999999683489e+00,4.793192279159147072e-05,-9.581170555930037809e-05,-3.842896227148528878e-04,0.000000000000000000e+00
4.891999999999683268e+00,4.774106240677904709e-05,-9.543019240621066011e-05,-3.827594177717912136e-04,0.000000000000000000e+00
4.893999999999683048e+00,4.755096200997419443e-05,-9.505019840242798375e-05,-3.812353059601200373e-04,0.000000000000000000e+00
4.895999999999682828e+00,4.736161857497650838e-05,-9.467171749884339493e-05,-3.797172630175659619e-04,0.000000000000000000e+00
4.897999999999682608e+00,4.717302908763563790e-05,-9.429474367043495450e-05,-3.782052647784662439e-04,0.000000000000000000e+00
4.899999999999682387e+00,4.698519054580329582e-05,-9.391927091617175924e-05,-3.766992871733836849e-04,0.000000000000000000e+00
4.901999999999682167e+00,4.679809995928545902e-05,-9.354529325891847787e-05,-3.751993062287226066e-04,0.000000000000000000e+00
4.903999999999681947e+00,4.661175434979477879e-05,-9.317280474534014455e-05,-3.737052980663487303e-04,0.000000000000000000e+00
4.905999999999681727e+00,4.642615075090316724e-05,-9.280179944580741315e-05,-3.722172389032079708e-04,0.000000000000000000e+00
4.907999999999681506e+00,4.624128620799456004e-05,-9.243227145430216391e-05,-3.707351050509478333e-04,0.000000000000000000e+00
4.909999999999681286e+00,4.605715777821791621e-05,-9.206421488832347599e-05,-3.692588729155409782e-04,0.000000000000000000e+00
4.911999999999681066e+00,4.587376253044032638e-05,-9.169762388879402018e-05,-3.677885189969087865e-04,0.000000000000000000e+00
4.913999999999680846e+00,4.569109754520039212e-05,-9.133249261996672264e-05,-3.663240198885481767e-04,0.000000000000000000e+00
4.915999999999680625e+00,4.550915991466172720e-05,-9.096881526933191654e-05,-3.648653522771584234e-04,0.000000000000000000e+00
4.917999999999680405e+00,4.532794674256667572e-05,-9.060658604752480541e-05,-3.634124929422701423e-04,0.000000000000000000e+00
4.919999999999680185e+00,4.514745514419020640e-05,-9.024579918823329237e-05,-3.619654187558755780e-04,0.000000000000000000e+00
4.921999999999679964e+00,4.496768224629399662e-05,-8.988644894810618891e-05,-3.605241066820608423e-04,0.000000000000000000e+00
4.923999999999679744e+00,4.478862518708067234e-05,-8.952852960666178952e-05,-3.590885337766383696e-04,0.000000000000000000e+00
4.925999999999679524e+00,4.461028111614827833e-05,-8.917203546619681225e-05,-3.576586771867821916e-04,0.000000000000000000e+00
4.927999999999679304e+00,4.443264719444488405e-05,-8.881696085169567810e-05,-3.562345141506645125e-04,0.000000000000000000e+00
4.929999999999679083e+00,4.425572059422340623e-05,-8.846330011074018344e-05,-3.548160219970933685e-04,0.000000000000000000e+00
4.931999999999678863e+00,4.407949849899656710e-05,-8.811104761341953832e-05,-3.534031781451500709e-04,0.000000000000000000e+00
4.933999999999678643e+00,4.390397810349208293e-05,-8.776019775224070296e-05,-3.519959601038320698e-04,0.000000000000000000e+00
4.935999999999678423e+00,4.372915661360800169e-05,-8.741074494203917146e-05,-3.505943454716932157e-04,0.000000000000000000e+00
4.937999999999678202e+00,4.355503124636822364e-05,-8.706268361989001300e-05,-3.491983119364887918e-04,0.000000000000000000e+00
4.939999999999677982e+00,4.338159922987818459e-05,-8.671600824501933319e-05,-3.478078372748179443e-04,0.000000000000000000e+00
4.941999999999677762e+00,4.320885780328074919e-05,-8.637071329871610133e-05,-3.464228993517724006e-04,0.000000000000000000e+00
4.943999999999677541e+00,4.303680421671226007e-05,-8.602679328424424874e-05,-3.450434761205823687e-04,0.000000000000000000e+00
4.945999999999677321e+00,4.286543573125874964e-05,-8.568424272675520070e-05,-3.436695456222667745e-04,0.000000000000000000e+00
4.947999999999677101e+00,4.269474961891234839e-05,-8.534305617320072019e-05,-3.423010859852824127e-04,0.000000000000000000e+00
4.949999999999676881e+00,4.252474316252785581e-05,-8.500322819224607682e-05,-3.409380754251770031e-04,0.000000000000000000e+00
4.951999999999676660e+00,4.235541365577948748e-05,-8.466475337418362238e-05,-3.395804922442415951e-04,0.000000000000000000e+00
4.953999999999676440e+00,4.218675840311779163e-05,-8.432762633084662390e-05,-3.382283148311657911e-04,0.000000000000000000e+00
4.955999999999676220e+00,4.201877471972674180e-05,-8.399184169552354384e-05,-3.368815216606929706e-04,0.000000000000000000e+00
4.957999999999676000e+00,4.185145993148099898e-05,-8.365739412287256439e-05,-3.355400912932789831e-04,0.000000000000000000e+00
4.959999999999675779e+00,4.168481137490332274e-05,-8.332427828883653173e-05,-3.342040023747484562e-04,0.000000000000000000e+00
4.961999999999675559e+00,4.151882639712220610e-05,-8.299248889055817148e-05,-3.328732336359576088e-04,0.000000000000000000e+00
4.963999999999675339e+00,4.135350235582961191e-05,-8.266202064629568354e-05,-3.315477638924535942e-04,0.000000000000000000e+00
4.965999999999675119e+00,4.118883661923893296e-05,-8.233286829533867574e-05,-3.302275720441386151e-04,0.000000000000000000e+00
4.967999999999674898e+00,4.102482656604308753e-05,-8.200502659792440927e-05,-3.289126370749329530e-04,0.000000000000000000e+00
4.969999999999674678e+00,4.086146958537277763e-05,-8.167849033515438284e-05,-3.276029380524410339e-04,0.000000000000000000e+00
4.971999999999674458e+00,4.069876307675495726e-05,-8.135325430891124214e-05,-3.262984541276183620e-04,0.000000000000000000e+00
4.973999999999674237e+00,4.053670445007140236e-05,-8.102931334177605521e-05,-3.249991645344391025e-04,0.000000000000000000e+00
4.975999999999674017e+00,4.037529112551751110e-05,-8.070666227694588601e-05,-3.237050485895662678e-04,0.000000000000000000e+00
4.977999999999673797e+00,4.021452053356120587e-05,-8.038529597815169316e-05,-3.224160856920210358e-04,0.000000000000000000e+00
4.979999999999673577e+00,4.005439011490205206e-05,-8.006520932957658112e-05,-3.211322553228568386e-04,0.000000000000000000e+00
4.981999999999673356e+00,3.989489732043050561e-05,-7.974639723577434949e-05,-3.198535370448306325e-04,0.000000000000000000e+00
4.983999999999673136e+00,3.973603961118732998e-05,-7.942885462158838115e-05,-3.185799105020791552e-04,0.000000000000000000e+00
4.985999999999672916e+00,3.957781445832318930e-05,-7.911257643207084210e-05,-3.173113554197940986e-04,0.000000000000000000e+00
4.987999999999672696e+00,3.942021934305838378e-05,-7.879755763240226072e-05,-3.160478516038992339e-04,0.000000000000000000e+00
4.989999999999672475e+00,3.926325175664276135e-05,-7.848379320781129686e-05,-3.147893789407297041e-04,0.000000000000000000e+00
4.991999999999672255e+00,3.910690920031577159e-05,-7.817127816349497165e-05,-3.135359173967113174e-04,0.000000000000000000e+00
4.993999999999672035e+00,3.895118918526669586e-05,-7.786000752453915480e-05,-3.122874470180413576e-04,0.000000000000000000e+00
4.995999999999671815e+00,3.879608923259501965e-05,-7.754997633583933655e-05,-3.110439479303713471e-04,0.000000000000000000e+00
4.997999999999671594e+00,3.864160687327097447e-05,-7.724117966202176551e-05,-3.098054003384906763e-04,0.000000000000000000e+00
