time,q,dq,tau,qd
0.000000000000000000e+00,8.000000000000000444e-01,0.000000000000000000e+00,-6.400000000000000000e+01,0.000000000000000000e+00
2.000000000000000042e-03,7.994485720927176908e-01,-2.757139536411933878e-01,-6.175017413828786772e+01,0.000000000000000000e+00
4.000000000000000083e-03,7.983674200937731502e-01,-5.405759994722795225e-01,-5.954478561172361140e+01,0.000000000000000000e+00
6.000000000000000125e-03,7.967777838924400280e-01,-7.948181006665688830e-01,-5.738367790606265118e+01,0.000000000000000000e+00
8.000000000000000167e-03,7.947004422357202280e-01,-1.038670828359875786e+00,-5.526666875197861373e+01,0.000000000000000000e+00
1.000000000000000021e-02,7.921557156871636973e-01,-1.272363274278267120e+00,-5.319355106074696238e+01,0.000000000000000000e+00
1.200000000000000025e-02,7.891634697586077385e-01,-1.496122964277977196e+00,-5.116409386646480328e+01,0.000000000000000000e+00
1.400000000000000029e-02,7.857431182125035329e-01,-1.710175773052078130e+00,-4.917804327258365760e+01,0.000000000000000000e+00
1.600000000000000033e-02,7.819136265320077994e-01,-1.914745840247849218e+00,-4.723512340057783376e+01,0.000000000000000000e+00
1.800000000000000211e-02,7.776935155555547707e-01,-2.110055488226540987e+00,-4.533503733863205554e+01,0.000000000000000000e+00
2.000000000000000389e-02,7.731008652721873542e-01,-2.296325141683735360e+00,-4.347746808830510901e+01,0.000000000000000000e+00
2.200000000000000566e-02,7.681533187735192225e-01,-2.473773249334072055e+00,-4.166207950720896491e+01,0.000000000000000000e+00
2.400000000000000744e-02,7.628680863578212179e-01,-2.642616207849003196e+00,-3.988851724583367542e+01,0.000000000000000000e+00
2.600000000000000921e-02,7.572619497813798395e-01,-2.803068288220680326e+00,-3.815640967674494277e+01,0.000000000000000000e+00
2.800000000000001099e-02,7.513512666519612804e-01,-2.955341564709253799e+00,-3.646536881448287204e+01,0.000000000000000000e+00
3.000000000000001277e-02,7.451519749589313735e-01,-3.099645846514974767e+00,-3.481499122459470641e+01,0.000000000000000000e+00
3.200000000000001454e-02,7.386795977343301178e-01,-3.236188612300641143e+00,-3.320485892034128028e+01,0.000000000000000000e+00
3.400000000000001632e-02,7.319492478389816315e-01,-3.365174947674260952e+00,-3.163454024572444112e+01,0.000000000000000000e+00
3.600000000000001810e-02,7.249756328675287520e-01,-3.486807485726434397e+00,-3.010359074359082499e+01,0.000000000000000000e+00
3.800000000000001987e-02,7.177730601661248544e-01,-3.601286350701945693e+00,-2.861155400767442103e+01,0.000000000000000000e+00
4.000000000000002165e-02,7.103554419563838929e-01,-3.708809104870492313e+00,-2.715796251754677115e+01,0.000000000000000000e+00
4.200000000000002343e-02,7.027363005590889777e-01,-3.809570698647433584e+00,-2.574233845554764954e+01,0.000000000000000000e+00
4.400000000000002520e-02,6.949287737110850793e-01,-3.903763424001932769e+00,-2.436419450487134242e+01,0.000000000000000000e+00
4.600000000000002698e-02,6.869456199687311582e-01,-3.991576871176979235e+00,-2.302303462808265877e+01,0.000000000000000000e+00
4.800000000000002875e-02,6.787992241912641500e-01,-4.073197888733502303e+00,-2.171835482543311713e+01,0.000000000000000000e+00
5.000000000000003053e-02,6.705016030974257912e-01,-4.148810546919174946e+00,-2.044964387244066728e+01,0.000000000000000000e+00
5.200000000000003231e-02,6.620644108887226986e-01,-4.218596104351558296e+00,-1.921638403628534775e+01,0.000000000000000000e+00
5.400000000000003408e-02,6.534989449327327504e-01,-4.282732977994981205e+00,-1.801805177065877217e+01,0.000000000000000000e+00
5.600000000000003586e-02,6.448161514999307675e-01,-4.341396716400972799e+00,-1.685411838878668078e+01,0.000000000000000000e+00
5.800000000000003764e-02,6.360266315475844312e-01,-4.394759976173174820e+00,-1.572405071442135238e+01,0.000000000000000000e+00
6.000000000000003941e-02,6.271406465443655209e-01,-4.442992501609481337e+00,-1.462731171067338920e+01,0.000000000000000000e+00
6.200000000000004119e-02,6.181681243294322448e-01,-4.486261107466612330e+00,-1.356336108662168272e+01,0.000000000000000000e+00
6.400000000000004297e-02,6.091186649998612257e-01,-4.524729664785499317e+00,-1.253165588170489997e+01,0.000000000000000000e+00
6.600000000000004474e-02,6.000015468204419333e-01,-4.558559089709658174e+00,-1.153165102795809105e+01,0.000000000000000000e+00
6.800000000000004652e-02,5.908257321499955639e-01,-4.587907335223185612e+00,-1.056279989021415844e+01,0.000000000000000000e+00
7.000000000000004829e-02,5.815998733785354702e-01,-4.612929385730072163e+00,-9.624554784442260313e+00,0.000000000000000000e+00
7.200000000000005007e-02,5.723323188697510000e-01,-4.633777254392214218e+00,-8.716367474442364482e+00,0.000000000000000000e+00
7.400000000000005185e-02,5.630311189034714614e-01,-4.650599983139763971e+00,-7.837689647159606920e+00,0.000000000000000000e+00
7.600000000000005362e-02,5.537040316129429041e-01,-4.663543645264263127e+00,-6.987973366921330864e+00,0.000000000000000000e+00
7.800000000000005540e-02,5.443585289119381443e-01,-4.672751350502355905e+00,-6.166671508936204305e+00,0.000000000000000000e+00
8.000000000000005718e-02,5.350018024069066458e-01,-4.678363252515753246e+00,-5.373238172426503922e+00,0.000000000000000000e+00
8.200000000000005895e-02,5.256407692895638251e-01,-4.680516558671426353e+00,-4.607129073793693408e+00,0.000000000000000000e+00
8.400000000000006073e-02,5.162820782055141944e-01,-4.679345542024837989e+00,-3.867801920242435187e+00,0.000000000000000000e+00
8.600000000000006251e-02,5.069321150946977106e-01,-4.674981555408217027e+00,-3.154716764310080634e+00,0.000000000000000000e+00
8.800000000000006428e-02,4.975970089996466506e-01,-4.667553047525524690e+00,-2.467336339767534525e+00,0.000000000000000000e+00
9.000000000000006606e-02,4.882826378377351229e-01,-4.657185580955751192e+00,-1.805126379372801182e+00,0.000000000000000000e+00
9.200000000000006783e-02,4.789946341338020552e-01,-4.644001851966536698e+00,-1.167555914971870834e+00,0.000000000000000000e+00
9.400000000000006961e-02,4.697383907097205102e-01,-4.628121712040768720e+00,-5.540975604514883912e-01,0.000000000000000000e+00
9.600000000000007139e-02,4.605190663276809704e-01,-4.609662191019775257e+00,3.577222194372353670e-02,0.000000000000000000e+00
9.800000000000007316e-02,4.513415912841450273e-01,-4.588737521767963123e+00,6.025728714121001417e-01,0.000000000000000000e+00
1.000000000000000749e-01,4.422106729516145918e-01,-4.565459166265219970e+00,1.146819493992595085e+00,0.000000000000000000e+00
1.020000000000000767e-01,4.331308012655443740e-01,-4.539935843035095786e+00,1.669022643037216369e+00,0.000000000000000000e+00
1.040000000000000785e-01,4.241062541539070696e-01,-4.512273555818651083e+00,2.169688114236642207e+00,0.000000000000000000e+00
1.060000000000000803e-01,4.151411029070951608e-01,-4.482575623405940846e+00,2.649316754679915675e+00,0.000000000000000000e+00
1.080000000000000820e-01,4.062392174860166016e-01,-4.450942710539280256e+00,3.108404285432911252e+00,0.000000000000000000e+00
1.100000000000000838e-01,3.974042717664069690e-01,-4.417472859804806085e+00,3.547441137125890265e+00,0.000000000000000000e+00
1.120000000000000856e-01,3.886397487175444199e-01,-4.382261524431267929e+00,3.966912298046590735e+00,0.000000000000000000e+00
1.140000000000000874e-01,3.799489455137093352e-01,-4.345401601917535217e+00,4.367297174243535807e+00,0.000000000000000000e+00
1.160000000000000892e-01,3.713349785768835232e-01,-4.306983468412916238e+00,4.749069461152647165e+00,0.000000000000000000e+00
1.180000000000000909e-01,3.628007885493294560e-01,-4.267095013777034929e+00,5.112697026269923839e+00,0.000000000000000000e+00
1.200000000000000927e-01,3.543491451948319604e-01,-4.225821677248740471e+00,5.458641802403366938e+00,0.000000000000000000e+00
1.220000000000000945e-01,3.459826522275195049e-01,-4.183246483656239079e+00,5.787359691048351351e+00,0.000000000000000000e+00
1.240000000000000963e-01,3.377037520673127347e-01,-4.139450080103395102e+00,6.099300475442142044e+00,0.000000000000000000e+00
1.260000000000000842e-01,3.295147305211729716e-01,-4.094510773069886866e+00,6.394907742865257205e+00,0.000000000000000000e+00
1.280000000000000859e-01,3.214177213894416907e-01,-4.048504565865644445e+00,6.674618815769818525e+00,0.000000000000000000e+00
1.300000000000000877e-01,3.134147109966762823e-01,-4.001505196382707297e+00,6.938864691327555789e+00,0.000000000000000000e+00
1.320000000000000895e-01,3.055075426464956001e-01,-3.953584175090332664e+00,7.188069989003011528e+00,0.000000000000000000e+00
1.340000000000000913e-01,2.976979210000519349e-01,-3.904810823221823934e+00,7.422652905770437570e+00,0.000000000000000000e+00
1.360000000000000930e-01,2.899874163778436431e-01,-3.855252311104153229e+00,7.643025178605732606e+00,0.000000000000000000e+00
1.380000000000000948e-01,2.823774689846756392e-01,-3.804973696584006859e+00,7.849592053898003741e+00,0.000000000000000000e+00
1.400000000000000966e-01,2.748693930576628919e-01,-3.754037963506367870e+00,8.042752263437911608e+00,0.000000000000000000e+00
1.420000000000000984e-01,2.674643809372545533e-01,-3.702506060204181715e+00,8.222898006653089453e+00,0.000000000000000000e+00
1.440000000000001001e-01,2.601635070613345091e-01,-3.650436937960016337e+00,8.390414938773368192e+00,0.000000000000000000e+00
1.460000000000001019e-01,2.529677318825286902e-01,-3.597887589402915864e+00,8.545682164621030807e+00,0.000000000000000000e+00
1.480000000000001037e-01,2.458779057089169329e-01,-3.544913086805874691e+00,8.689072237733643789e+00,0.000000000000000000e+00
1.500000000000001055e-01,2.388947724684139517e-01,-3.491566620251493891e+00,8.820951164538836764e+00,0.000000000000000000e+00
1.520000000000001072e-01,2.320189733971430301e-01,-3.437899535635461135e+00,8.941678413312246221e+00,0.000000000000000000e+00
1.540000000000001090e-01,2.252510506521840927e-01,-3.383961372479475482e+00,9.051606927661076440e+00,0.000000000000000000e+00
1.560000000000001108e-01,2.185914508491297592e-01,-3.329799901527161321e+00,9.151083144286911164e+00,0.000000000000000000e+00
1.580000000000001126e-01,2.120405285249330751e-01,-3.275461162098341372e+00,9.240447014792085412e+00,0.000000000000000000e+00
1.600000000000001144e-01,2.055985495265754692e-01,-3.220989499178799953e+00,9.320032031304361197e+00,0.000000000000000000e+00
1.620000000000001161e-01,1.992656943261267855e-01,-3.166427600224343664e+00,9.390165255704605585e+00,0.000000000000000000e+00
1.640000000000001179e-01,1.930420612628076515e-01,-3.111816531659567620e+00,9.451167352251928833e+00,0.000000000000000000e+00
1.660000000000001197e-01,1.869276697127011111e-01,-3.057195775053263453e+00,9.503352623410018296e+00,0.000000000000000000e+00
1.680000000000001215e-01,1.809224631867933919e-01,-3.002603262953856156e+00,9.547029048687377895e+00,0.000000000000000000e+00
1.700000000000001232e-01,1.750263123580541313e-01,-2.948075414369632163e+00,9.582498326312727244e+00,0.000000000000000000e+00
1.720000000000001250e-01,1.692390180182944681e-01,-2.893647169879836056e+00,9.610055917575131446e+00,0.000000000000000000e+00
1.740000000000001268e-01,1.635603139655665839e-01,-2.839352026363946457e+00,9.629991093666244950e+00,0.000000000000000000e+00
1.760000000000001286e-01,1.579898698228913434e-01,-2.785222071337617233e+00,9.642586984869630840e+00,0.000000000000000000e+00
1.780000000000001303e-01,1.525272937891215819e-01,-2.731288016884879433e+00,9.648120631949309356e+00,0.000000000000000000e+00
1.800000000000001321e-01,1.471721353227671003e-01,-2.677579233177238116e+00,9.646863039596537348e+00,0.000000000000000000e+00
1.820000000000001339e-01,1.419238877596245008e-01,-2.624123781571294334e+00,9.639079231800394609e+00,0.000000000000000000e+00
1.840000000000001357e-01,1.367819908650696192e-01,-2.570948447277441318e+00,9.625028309013961447e+00,0.000000000000000000e+00
1.860000000000001374e-01,1.317458333218834987e-01,-2.518078771593057930e+00,9.604963506993783540e+00,0.000000000000000000e+00
1.880000000000001392e-01,1.268147551544945850e-01,-2.465539083694450184e+00,9.579132257196034672e+00,0.000000000000000000e+00
1.900000000000001410e-01,1.219880500905294873e-01,-2.413352531982547511e+00,9.547776248618021100e+00,0.000000000000000000e+00
1.920000000000001428e-01,1.172649678605733048e-01,-2.361541114978093159e+00,9.511131490978881331e+00,0.000000000000000000e+00
1.940000000000001446e-01,1.126447164370478343e-01,-2.310125711762736955e+00,9.469428379138069118e+00,0.000000000000000000e+00
1.960000000000001463e-01,1.081264642131216924e-01,-2.259126111963071004e+00,9.422891758654833083e+00,0.000000000000000000e+00
1.980000000000001481e-01,1.037093421225711992e-01,-2.208561045275244883e+00,9.371740992396263792e+00,0.000000000000000000e+00
2.000000000000001499e-01,9.939244570151452296e-02,-2.158448210528336020e+00,9.316190028105527432e+00,0.000000000000000000e+00
2.020000000000001517e-01,9.517483709294416450e-02,-2.108804304285182507e+00,9.256447466845926897e+00,0.000000000000000000e+00
2.040000000000001534e-01,9.105554699498447091e-02,-2.059645048979847015e+00,9.192716632240017560e+00,0.000000000000000000e+00
2.060000000000001552e-01,8.703357655380178359e-02,-2.010985220591345435e+00,9.125195640426621679e+00,0.000000000000000000e+00
2.080000000000001570e-01,8.310789920209443737e-02,-1.962838675853672443e+00,9.054077470661823668e+00,0.000000000000000000e+00
2.100000000000001588e-01,7.927746244408932774e-02,-1.915218379002556981e+00,8.979550036493309406e+00,0.000000000000000000e+00
2.120000000000001605e-01,7.554118958796986194e-02,-1.868136428059732124e+00,8.901796257440267368e+00,0.000000000000000000e+00
2.140000000000001623e-01,7.189798142665818070e-02,-1.821604080655842450e+00,8.820994131114085590e+00,0.000000000000000000e+00
2.160000000000001641e-01,6.834671786787134551e-02,-1.775631779393417986e+00,8.737316805717636470e+00,0.000000000000000000e+00
2.180000000000001659e-01,6.488625951436807759e-02,-1.730229176751635567e+00,8.650932652863637884e+00,0.000000000000000000e+00
2.200000000000001676e-01,6.151544919529837452e-02,-1.685405159534852704e+00,8.562005340654952334e+00,0.000000000000000000e+00
2.220000000000001694e-01,5.823311344956407648e-02,-1.641167872867148603e+00,8.470693906972062592e+00,0.000000000000000000e+00
2.240000000000001712e-01,5.503806396209341006e-02,-1.597524743735331931e+00,8.377152832915182756e+00,0.000000000000000000e+00
2.260000000000001730e-01,5.192909895392722186e-02,-1.554482504083093186e+00,8.281532116350568629e+00,0.000000000000000000e+00
2.280000000000001747e-01,4.890500452700888290e-02,-1.512047213459169814e+00,8.183977345512648327e+00,0.000000000000000000e+00
2.300000000000001765e-01,4.596455596456373166e-02,-1.470224281222576757e+00,8.084629772615516075e+00,0.000000000000000000e+00
2.320000000000001783e-01,4.310651898794748416e-02,-1.429018488308124057e+00,7.983626387429193727e+00,0.000000000000000000e+00
2.340000000000001801e-01,4.032965097083629491e-02,-1.388434008555594623e+00,7.881099990777853392e+00,0.000000000000000000e+00
2.360000000000001819e-01,3.763270211162408896e-02,-1.348474429606102198e+00,7.777179267918890915e+00,0.000000000000000000e+00
2.380000000000001836e-01,3.501441656488553378e-02,-1.309142773369279089e+00,7.671988861763390233e+00,0.000000000000000000e+00
2.400000000000001854e-01,3.247353353275540117e-02,-1.270441516065067722e+00,7.565649445900110237e+00,0.000000000000000000e+00
2.420000000000001872e-01,3.000878831706740163e-02,-1.232372607843999823e+00,7.458277797386606345e+00,0.000000000000000000e+00
2.440000000000001890e-01,2.761891333308749349e-02,-1.194937491989953360e+00,7.349986869272627565e+00,0.000000000000000000e+00
2.460000000000001907e-01,2.530263908566855041e-02,-1.158137123709471750e+00,7.240885862822290520e+00,0.000000000000000000e+00
2.480000000000001925e-01,2.305869510864491656e-02,-1.121971988511817120e+00,7.131080299402944078e+00,0.000000000000000000e+00
2.500000000000001665e-01,2.088581086827689254e-02,-1.086442120184011761e+00,7.020672092009942133e+00,0.000000000000000000e+00
2.520000000000001683e-01,1.878271663154650398e-02,-1.051547118365193878e+00,6.909759616397830762e+00,0.000000000000000000e+00
2.540000000000001701e-01,1.674814430009713417e-02,-1.017286165724684777e+00,6.798437781789707479e+00,0.000000000000000000e+00
2.560000000000001719e-01,1.478082821060068726e-02,-9.836580447482234923e-01,6.686798101137732431e+00,0.000000000000000000e+00
2.580000000000001736e-01,1.287950590232691747e-02,-9.506611541368849005e-01,6.574928760908925973e+00,0.000000000000000000e+00
2.600000000000001754e-01,1.104291885268042506e-02,-9.182935248232464431e-01,6.462914690371537318e+00,0.000000000000000000e+00
2.620000000000001772e-01,9.269813181461588822e-03,-8.865528356094183327e-01,6.350837630358419972e+00,0.000000000000000000e+00
2.640000000000001790e-01,7.558940324598403815e-03,-8.554364284315925104e-01,6.238776201484867556e+00,0.000000000000000000e+00
2.660000000000001807e-01,5.909057678086792123e-03,-8.249413232558057141e-01,6.126805971799502260e+00,0.000000000000000000e+00
2.680000000000001825e-01,4.318929212867498799e-03,-7.950642326096466483e-01,6.014999523847773588e+00,0.000000000000000000e+00
2.700000000000001843e-01,2.787326061358164769e-03,-7.658015757546668967e-01,5.903426521128682047e+00,0.000000000000000000e+00
2.720000000000001861e-01,1.313027076349595514e-03,-7.371494925042846313e-01,5.792153773926309590e+00,0.000000000000000000e+00
2.740000000000001878e-01,-1.051806370343884214e-04,-7.091038566919919406e-01,5.681245304498686366e+00,0.000000000000000000e+00
2.760000000000001896e-01,-1.468501215623788884e-03,-6.816602892947002390e-01,5.570762411607504738e+00,0.000000000000000000e+00
2.780000000000001914e-01,-2.778129558055936373e-03,-6.548141712160736594e-01,5.460763734373063727e+00,0.000000000000000000e+00
2.800000000000001932e-01,-4.035250869525371618e-03,-6.285606557347175327e-01,5.351305315439770283e+00,0.000000000000000000e+00
2.820000000000001950e-01,-5.241040230769570749e-03,-6.028946806220996102e-01,5.242440663438362236e+00,0.000000000000000000e+00
2.840000000000001967e-01,-6.396662190639756593e-03,-5.778109799350928943e-01,5.134220814731923710e+00,0.000000000000000000e+00
2.860000000000001985e-01,-7.503270381615825997e-03,-5.533040954880348306e-01,5.026694394433544488e+00,0.000000000000000000e+00
2.880000000000002003e-01,-8.562007157634232007e-03,-5.293683880092031613e-01,4.919907676684363906e+00,0.000000000000000000e+00
2.900000000000002021e-01,-9.574003253607453814e-03,-5.059980479866110770e-01,4.813904644181485004e+00,0.000000000000000000e+00
2.920000000000002038e-01,-1.054037746602350112e-02,-4.831871062080236312e-01,4.708727046946068917e+00,0.000000000000000000e+00
2.940000000000002056e-01,-1.146223635402369295e-02,-4.609294440000958892e-01,4.604414460322662883e+00,0.000000000000000000e+00
2.960000000000002074e-01,-1.234067396036675132e-02,-4.392188031715291707e-01,4.501004342201573749e+00,0.000000000000000000e+00
2.980000000000002092e-01,-1.317677155169701998e-02,-4.180487956651344761e-01,4.398532089456837824e+00,0.000000000000000000e+00
3.000000000000002109e-01,-1.397159737754439038e-02,-3.974129129236848024e-01,4.297031093593029816e+00,0.000000000000000000e+00
3.020000000000002127e-01,-1.472620644749324421e-02,-3.773045349744268973e-01,4.196532795594874798e+00,0.000000000000000000e+00
3.040000000000002145e-01,-1.544164032596746783e-02,-3.577169392371113421e-01,4.097066739974287941e+00,0.000000000000000000e+00
3.060000000000002163e-01,-1.611892694408823684e-02,-3.386433090603850338e-01,3.998660628010139106e+00,0.000000000000000000e+00
3.080000000000002180e-01,-1.675908042807098750e-02,-3.200767419913752576e-01,3.901340370176681116e+00,0.000000000000000000e+00
3.100000000000002198e-01,-1.736310094363753900e-02,-3.020102577832751711e-01,3.805130137757204434e+00,0.000000000000000000e+00
3.120000000000002216e-01,-1.793197455592898323e-02,-2.844368061457225316e-01,3.710052413640099189e+00,0.000000000000000000e+00
3.140000000000002234e-01,-1.846667310441446608e-02,-2.673492742427418523e-01,3.616128042295092104e+00,0.000000000000000000e+00
3.160000000000002252e-01,-1.896815409230045990e-02,-2.507404939429970225e-01,3.523376278928012972e+00,0.000000000000000000e+00
3.180000000000002269e-01,-1.943736058995461369e-02,-2.346032488270772542e-01,3.431814837812987129e+00,0.000000000000000000e+00
3.200000000000002287e-01,-1.987522115186764193e-02,-2.189302809565135954e-01,3.341459939801520118e+00,0.000000000000000000e+00
3.220000000000002305e-01,-2.028264974668603227e-02,-2.037142974091952496e-01,3.252326359008444356e+00,0.000000000000000000e+00
3.240000000000002323e-01,-2.066054569985768460e-02,-1.889479765858261273e-01,3.164427468675223842e+00,0.000000000000000000e+00
3.260000000000002340e-01,-2.100979364844174704e-02,-1.746239742920320248e-01,3.077775286211595684e+00,0.000000000000000000e+00
3.280000000000002358e-01,-2.133126350764313894e-02,-1.607349296006964634e-01,2.992380517417022823e+00,0.000000000000000000e+00
3.300000000000002376e-01,-2.162581044864127916e-02,-1.472734704990705246e-01,2.908252599883866640e+00,0.000000000000000000e+00
3.320000000000002394e-01,-2.189427488729161347e-02,-1.342322193251673790e-01,2.825399745584668221e+00,0.000000000000000000e+00
3.340000000000002411e-01,-2.213748248328744825e-02,-1.216037979979165268e-01,2.743828982646328019e+00,0.000000000000000000e+00
3.360000000000002429e-01,-2.235624414937847915e-02,-1.093808330455158934e-01,2.663546196314405368e+00,0.000000000000000000e+00
3.380000000000002447e-01,-2.255135607025124389e-02,-9.755596043638170567e-02,2.584556169111153157e+00,0.000000000000000000e+00
3.400000000000002465e-01,-2.272359973068535655e-02,-8.612183021705691055e-02,2.506862620191284030e+00,0.000000000000000000e+00
3.420000000000002482e-01,-2.287374195260815507e-02,-7.507111096139849893e-02,2.430468243899840619e+00,0.000000000000000000e+00
3.440000000000002500e-01,-2.300253494067880031e-02,-6.439649403532274330e-02,2.355374747536886026e+00,0.000000000000000000e+00
3.460000000000002518e-01,-2.311071633604148967e-02,-5.409069768134498052e-02,2.281582888334078962e+00,0.000000000000000000e+00
3.480000000000002536e-01,-2.319900927789570258e-02,-4.414647092710703019e-02,2.209092509648512337e+00,0.000000000000000000e+00
3.500000000000002554e-01,-2.326812247253978380e-02,-3.455659732204141577e-02,2.137902576379514308e+00,0.000000000000000000e+00
3.520000000000002571e-01,-2.331875026955233451e-02,-2.531389850627597388e-02,2.068011209614394552e+00,0.000000000000000000e+00
3.540000000000002589e-01,-2.335157274478400977e-02,-1.641123761583688362e-02,1.999415720509415850e+00,0.000000000000000000e+00
3.560000000000002607e-01,-2.336725578984033200e-02,-7.841522528160968161e-03,1.932112643412514430e+00,0.000000000000000000e+00
3.580000000000002625e-01,-2.336645120774409265e-02,4.022910481189401893e-04,1.866097768234575849e+00,0.000000000000000000e+00
3.600000000000002642e-01,-2.334979681447369240e-02,8.327196635200399474e-03,1.801366172076292127e+00,0.000000000000000000e+00
3.620000000000002660e-01,-2.331791654608152825e-02,1.594013419608285298e-02,1.737912250117859436e+00,0.000000000000000000e+00
3.640000000000002678e-01,-2.327142057110419271e-02,2.324798748866721901e-02,1.675729745778997692e+00,0.000000000000000000e+00
3.660000000000002696e-01,-2.321090540798375831e-02,3.025758156021650380e-02,1.614811780156968801e+00,0.000000000000000000e+00
3.680000000000002713e-01,-2.313695404722683480e-02,3.697568037846092615e-02,1.555150880750459486e+00,0.000000000000000000e+00
3.700000000000002731e-01,-2.305013607803546929e-02,4.340898459568198753e-02,1.496739009477381588e+00,0.000000000000000000e+00
3.720000000000002749e-01,-2.295100781915114518e-02,4.956412944216151417e-02,1.439567589994799501e+00,0.000000000000000000e+00
3.740000000000002767e-01,-2.284011245366027870e-02,5.544768274543343534e-02,1.383627534329354702e+00,0.000000000000000000e+00
3.760000000000002784e-01,-2.271798016751662083e-02,6.106614307182821333e-02,1.328909268826703904e+00,0.000000000000000000e+00
3.780000000000002802e-01,-2.258512829154291426e-02,6.642593798685250683e-02,1.275402759428613031e+00,0.000000000000000000e+00
3.800000000000002820e-01,-2.244206144668091721e-02,7.153342243099927722e-02,1.223097536286479103e+00,0.000000000000000000e+00
3.820000000000002838e-01,-2.228927169226564350e-02,7.639487720763663003e-02,1.171982717720158496e+00,0.000000000000000000e+00
3.840000000000002855e-01,-2.212723867710628817e-02,8.101650757967691907e-02,1.122047033531087479e+00,0.000000000000000000e+00
3.860000000000002873e-01,-2.195642979316272600e-02,8.540444197178090335e-02,1.073278847678770909e+00,0.000000000000000000e+00
3.880000000000002891e-01,-2.177730033161291365e-02,8.956473077490532952e-02,1.025666180329790400e+00,0.000000000000000000e+00
3.900000000000002909e-01,-2.159029364111280172e-02,9.350334525005583874e-02,9.791967292885773722e-01,0.000000000000000000e+00
3.920000000000002927e-01,-2.139584128805648022e-02,9.722617652816067935e-02,9.338578908192329830e-01,0.000000000000000000e+00
3.940000000000002944e-01,-2.119436321865041106e-02,1.007390347030344413e-01,8.896367798677573546e-01,0.000000000000000000e+00
3.960000000000002962e-01,-2.098626792262150292e-02,1.040476480144544580e-01,8.465202496940846810e-01,0.000000000000000000e+00
3.980000000000002980e-01,-2.077195259838465063e-02,1.071576621184262695e-01,8.044949109233620055e-01,0.000000000000000000e+00
4.000000000000002998e-01,-2.055180331950111350e-02,1.100746394417679019e-01,7.635471500259458644e-01,0.000000000000000000e+00
4.020000000000003015e-01,-2.032619520226472062e-02,1.128040586181960764e-01,7.236631472356090944e-01,0.000000000000000000e+00
4.040000000000003033e-01,-2.009549257425841812e-02,1.153513140031506984e-01,6.848288939154677513e-01,0.000000000000000000e+00
4.060000000000003051e-01,-1.986004914372912350e-02,1.177217152646470311e-01,6.470302093811537425e-01,0.000000000000000000e+00
4.080000000000003069e-01,-1.962020816963412628e-02,1.199204870474977341e-01,6.102527571907482296e-01,0.000000000000000000e+00
4.100000000000003086e-01,-1.937630263221752636e-02,1.219527687082996859e-01,5.744820609110046217e-01,0.000000000000000000e+00
4.120000000000003104e-01,-1.912865540398026032e-02,1.238236141186326855e-01,5.397035193693593413e-01,0.000000000000000000e+00
4.140000000000003122e-01,-1.887757942091232086e-02,1.255379915339693009e-01,5.059024214012313170e-01,0.000000000000000000e+00
4.160000000000003140e-01,-1.862337785386062802e-02,1.271007835258469998e-01,4.730639601020742990e-01,0.000000000000000000e+00
4.180000000000003157e-01,-1.836634427991081647e-02,1.285167869749049285e-01,4.411732465936260006e-01,0.000000000000000000e+00
4.200000000000003175e-01,-1.810676285366593849e-02,1.297907131224389499e-01,4.102153233137635358e-01,0.000000000000000000e+00
4.220000000000003193e-01,-1.784490847830957905e-02,1.309271876781793187e-01,3.801751768393317743e-01,0.000000000000000000e+00
4.240000000000003211e-01,-1.758104697634548658e-02,1.319307509820456248e-01,3.510377502512740389e-01,0.000000000000000000e+00
4.260000000000003229e-01,-1.731543525991011828e-02,1.328058582176834812e-01,3.227879550513415019e-01,0.000000000000000000e+00
4.280000000000003246e-01,-1.704832150055884260e-02,1.335568796756372301e-01,2.954106826396096785e-01,0.000000000000000000e+00
4.300000000000003264e-01,-1.677994529843071861e-02,1.341881010640617600e-01,2.688908153619633534e-01,0.000000000000000000e+00
4.320000000000003282e-01,-1.651053785070086960e-02,1.347037238649250457e-01,2.432132371366690915e-01,0.000000000000000000e+00
4.340000000000003300e-01,-1.624032211923346486e-02,1.351078657337015654e-01,2.183628436690645547e-01,0.000000000000000000e+00
4.360000000000003317e-01,-1.596951299735225802e-02,1.354045609406039352e-01,1.943245522633492151e-01,0.000000000000000000e+00
4.380000000000003335e-01,-1.569831747564936347e-02,1.355977608514475075e-01,1.710833112403691292e-01,0.000000000000000000e+00
4.400000000000003353e-01,-1.542693480675678616e-02,1.356913344462890858e-01,1.486241089702302620e-01,0.000000000000000000e+00
4.420000000000003371e-01,-1.515555666900873094e-02,1.356890688740273188e-01,1.269319825284798142e-01,0.000000000000000000e+00
4.440000000000003388e-01,-1.488436732892633660e-02,1.355946700411974626e-01,1.059920259845272827e-01,0.000000000000000000e+00
4.460000000000003406e-01,-1.461354380245985865e-02,1.354117632332386412e-01,8.578939833087950717e-02,0.000000000000000000e+00
4.480000000000003424e-01,-1.434325601492674775e-02,1.351438937665556950e-01,6.630933106169423219e-02,0.000000000000000000e+00
4.500000000000003442e-01,-1.407366695958726412e-02,1.347945276697420369e-01,4.753713540904480617e-02,0.000000000000000000e+00
4.520000000000003459e-01,-1.380493285480251762e-02,1.343670523923729265e-01,2.945820924521802553e-02,0.000000000000000000e+00
4.540000000000003477e-01,-1.353720329972287438e-02,1.338647775398212614e-01,1.205804365925988719e-02,0.000000000000000000e+00
4.560000000000003495e-01,-1.327062142845769448e-02,1.332909356325903405e-01,-4.677770784107249114e-03,0.000000000000000000e+00
4.580000000000003513e-01,-1.300532406268029538e-02,1.326486828886993541e-01,-2.076353809517117455e-02,0.000000000000000000e+00
4.600000000000003531e-01,-1.274144186262489951e-02,1.319411000276982660e-01,-3.621345121159413871e-02,0.000000000000000000e+00
4.620000000000003548e-01,-1.247909947643504117e-02,1.311711930949290839e-01,-5.104158664462943307e-02,0.000000000000000000e+00
4.640000000000003566e-01,-1.221841568782566084e-02,1.303418943046904255e-01,-6.526189941147053641e-02,0.000000000000000000e+00
4.660000000000003584e-01,-1.195950356202365832e-02,1.294560629010008956e-01,-7.888821824611447209e-02,0.000000000000000000e+00
4.680000000000003602e-01,-1.170247058995426727e-02,1.285164860346956206e-01,-9.193424108122361105e-02,0.000000000000000000e+00
4.700000000000003619e-01,-1.144741883064301184e-02,1.275258796556278940e-01,-1.044135307935821766e-01,0.000000000000000000e+00
4.720000000000003637e-01,-1.119444505180544093e-02,1.264868894187853587e-01,-1.163395112058476233e-01,0.000000000000000000e+00
4.740000000000003655e-01,-1.094364086859910858e-02,1.254020916031662880e-01,-1.277254633374016457e-01,0.000000000000000000e+00
4.760000000000003673e-01,-1.069509288051451353e-02,1.242739940422979417e-01,-1.385845218972224790e-01,0.000000000000000000e+00
4.780000000000003690e-01,-1.044888280638388636e-02,1.231050370653139769e-01,-1.489296720118009620e-01,0.000000000000000000e+00
4.800000000000003708e-01,-1.020508761748880125e-02,1.218975944475426537e-01,-1.587737461812371853e-01,0.000000000000000000e+00
4.820000000000003726e-01,-9.963779668749617180e-03,1.206539743695918543e-01,-1.681294214567654599e-01,0.000000000000000000e+00
4.840000000000003744e-01,-9.725026827981717373e-03,1.193764203839499521e-01,-1.770092168330622551e-01,0.000000000000000000e+00
4.860000000000003761e-01,-9.488892603205408005e-03,1.180671123881548573e-01,-1.854254908488062181e-01,0.000000000000000000e+00
4.880000000000003779e-01,-9.255436267998178035e-03,1.167281676036154014e-01,-1.933904393890689688e-01,0.000000000000000000e+00
4.900000000000003797e-01,-9.024712984879775662e-03,1.153616415592009226e-01,-2.009160936832252720e-01,0.000000000000000000e+00
4.920000000000003815e-01,-8.796773926722283032e-03,1.139695290787459542e-01,-2.080143184921849908e-01,0.000000000000000000e+00
4.940000000000003832e-01,-8.571666396178989275e-03,1.125537652716470383e-01,-2.146968104788571363e-01,0.000000000000000000e+00
4.960000000000003850e-01,-8.349433943127471808e-03,1.111162265257586296e-01,-2.209750967558713475e-01,0.000000000000000000e+00
4.980000000000003868e-01,-8.130116480123824110e-03,1.096587315018240916e-01,-2.268605336046868315e-01,0.000000000000000000e+00
5.000000000000003331e-01,-7.913750395866411477e-03,1.081830421287061361e-01,-2.323643053603361430e-01,0.000000000000000000e+00
5.020000000000003348e-01,-7.700368666668993417e-03,1.066908645987092452e-01,-2.374974234561544328e-01,0.000000000000000000e+00
5.040000000000003366e-01,-7.490000965944366290e-03,1.051838503623137439e-01,-2.422707256229607031e-01,0.000000000000000000e+00
5.060000000000003384e-01,-7.282673771701030259e-03,1.036635971216678803e-01,-2.466948752372606357e-01,0.000000000000000000e+00
5.080000000000003402e-01,-7.078410472056609337e-03,1.021316498222104574e-01,-2.507803608131549122e-01,0.000000000000000000e+00
5.100000000000003419e-01,-6.877231468772965033e-03,1.005895016418222460e-01,-2.545374956327407512e-01,0.000000000000000000e+00
5.120000000000003437e-01,-6.679154278819107206e-03,9.903859497692896197e-02,-2.579764175099030776e-01,0.000000000000000000e+00
5.140000000000003455e-01,-6.484193633969100382e-03,9.748032242500347111e-02,-2.611070886824997661e-01,0.000000000000000000e+00
5.160000000000003473e-01,-6.292361578443223663e-03,9.591602776293833843e-02,-2.639392958280488699e-01,0.000000000000000000e+00
5.180000000000003491e-01,-6.103667564601657214e-03,9.434700692078332174e-02,-2.664826501981339968e-01,0.000000000000000000e+00
5.200000000000003508e-01,-5.918118546700927574e-03,9.277450895036493117e-02,-2.687465878668452435e-01,0.000000000000000000e+00
5.220000000000003526e-01,-5.735719072724273018e-03,9.119973698832745113e-02,-2.707403700886777953e-01,0.000000000000000000e+00
5.240000000000003544e-01,-5.556471374297960140e-03,8.962384921315648401e-02,-2.724730837614150469e-01,0.000000000000000000e+00
5.260000000000003562e-01,-5.380375454706425899e-03,8.804795979576696130e-02,-2.739536419896216324e-01,0.000000000000000000e+00
5.280000000000003579e-01,-5.207429175019909554e-03,8.647313984325821767e-02,-2.751907847444730049e-01,0.000000000000000000e+00
5.300000000000003597e-01,-5.037628338348991777e-03,8.490041833545883265e-02,-2.761930796157513468e-01,0.000000000000000000e+00
5.320000000000003615e-01,-4.870966772241185072e-03,8.333078305390316520e-02,-2.769689226519305159e-01,0.000000000000000000e+00
5.340000000000003633e-01,-4.707436409235383167e-03,8.176518150290087994e-02,-2.775265392843763723e-01,0.000000000000000000e+00
5.360000000000003650e-01,-4.547027365590625841e-03,8.020452182237887417e-02,-2.778739853317809261e-01,0.000000000000000000e+00
5.380000000000003668e-01,-4.389728018206239327e-03,7.864967369219322268e-02,-2.780191480810466631e-01,0.000000000000000000e+00
5.400000000000003686e-01,-4.235525079750986598e-03,7.710146922762620147e-02,-2.779697474409306701e-01,0.000000000000000000e+00
5.420000000000003704e-01,-4.084403672019385791e-03,7.556070386580045206e-02,-2.777333371648527671e-01,0.000000000000000000e+00
5.440000000000003721e-01,-3.936347397533868434e-03,7.402813724275887630e-02,-2.773173061393615635e-01,0.000000000000000000e+00
5.460000000000003739e-01,-3.791338409411918429e-03,7.250449406097496385e-02,-2.767288797348462226e-01,0.000000000000000000e+00
5.480000000000003757e-01,-3.649357479517770751e-03,7.099046494707372812e-02,-2.759751212151681510e-01,0.000000000000000000e+00
5.500000000000003775e-01,-3.510384064918652992e-03,6.948670729955881697e-02,-2.750629332029783103e-01,0.000000000000000000e+00
5.520000000000003793e-01,-3.374396372665941068e-03,6.799384612635586689e-02,-2.739990591975716705e-01,0.000000000000000000e+00
5.540000000000003810e-01,-3.241371422921948166e-03,6.651247487199643538e-02,-2.727900851422156436e-01,0.000000000000000000e+00
5.560000000000003828e-01,-3.111285110453386547e-03,6.504315623428079396e-02,-2.714424410379754349e-01,0.000000000000000000e+00
5.580000000000003846e-01,-2.984112264512844056e-03,6.358642297027129742e-02,-2.699624026011428479e-01,0.000000000000000000e+00
5.600000000000003864e-01,-2.859826707129882635e-03,6.214277869148077116e-02,-2.683560929614555723e-01,0.000000000000000000e+00
5.620000000000003881e-01,-2.738401309833616345e-03,6.071269864813324396e-02,-2.666294843983766372e-01,0.000000000000000000e+00
5.640000000000003899e-01,-2.619808048828843692e-03,5.929663050238641320e-02,-2.647884001127838172e-01,0.000000000000000000e+00
5.660000000000003917e-01,-2.504018058648009842e-03,5.789499509041691472e-02,-2.628385160314945512e-01,0.000000000000000000e+00
5.680000000000003935e-01,-2.391001684301447775e-03,5.650818717328100205e-02,-2.607853626421322013e-01,0.000000000000000000e+00
5.700000000000003952e-01,-2.280728531948499234e-03,5.513657617647420989e-02,-2.586343268559137543e-01,0.000000000000000000e+00
5.720000000000003970e-01,-2.173167518112250739e-03,5.378050691812414491e-02,-2.563906538960131209e-01,0.000000000000000000e+00
5.740000000000003988e-01,-2.068286917460728826e-03,5.244030032576089961e-02,-2.540594492092289047e-01,0.000000000000000000e+00
5.760000000000004006e-01,-1.966054409177489699e-03,5.111625414161947295e-02,-2.516456803987566215e-01,0.000000000000000000e+00
5.780000000000004023e-01,-1.866437121944613566e-03,4.980864361643811550e-02,-2.491541791759358526e-01,0.000000000000000000e+00
5.800000000000004041e-01,-1.769401677561161998e-03,4.851772219172573175e-02,-2.465896433289128942e-01,0.000000000000000000e+00
5.820000000000004059e-01,-1.674914233220201184e-03,4.724372217048040251e-02,-2.439566387062271358e-01,0.000000000000000000e+00
5.840000000000004077e-01,-1.582940522467502116e-03,4.598685537634954884e-02,-2.412596012133962353e-01,0.000000000000000000e+00
5.860000000000004095e-01,-1.493445894865040938e-03,4.474731380123056490e-02,-2.385028388206412442e-01,0.000000000000000000e+00
5.880000000000004112e-01,-1.406395354382403802e-03,4.352527024131856714e-02,-2.356905335799562295e-01,0.000000000000000000e+00
5.900000000000004130e-01,-1.321753596539172607e-03,4.232087892161557480e-02,-2.328267436497907794e-01,0.000000000000000000e+00
5.920000000000004148e-01,-1.239485044321327230e-03,4.113427610892267383e-02,-2.299154053256752261e-01,0.000000000000000000e+00
5.940000000000004166e-01,-1.159553882894639792e-03,3.996558071334372492e-02,-2.269603350751785986e-01,0.000000000000000000e+00
5.960000000000004183e-01,-1.081924093137967991e-03,3.881489487833589963e-02,-2.239652315756497647e-01,0.000000000000000000e+00
5.980000000000004201e-01,-1.006559484019270596e-03,3.768230455934874074e-02,-2.209336777532482921e-01,0.000000000000000000e+00
6.000000000000004219e-01,-9.334237238370715097e-04,3.656788009109953469e-02,-2.178691428218305637e-01,0.000000000000000000e+00
6.020000000000004237e-01,-8.624803703499940490e-04,3.547167674353873812e-02,-2.147749843203103914e-01,0.000000000000000000e+00
6.040000000000004254e-01,-7.936928998168644956e-04,3.439373526656477192e-02,-2.116544501471690209e-01,0.000000000000000000e+00
6.060000000000004272e-01,-7.270247349697588242e-04,3.333408242355283269e-02,-2.085106805908419625e-01,0.000000000000000000e+00
6.080000000000004290e-01,-6.624392719422237492e-04,3.229273151376751971e-02,-2.053467103547622630e-01,0.000000000000000000e+00
6.100000000000004308e-01,-5.998999061747560925e-04,3.126968288373385002e-02,-2.021654705758903214e-01,0.000000000000000000e+00
6.120000000000004325e-01,-5.393700573194641244e-04,3.026492442764598667e-02,-1.989697908356107547e-01,0.000000000000000000e+00
6.140000000000004343e-01,-4.808131931656696228e-04,2.927843207689725946e-02,-1.957624011619245041e-01,0.000000000000000000e+00
6.160000000000004361e-01,-4.241928526080310994e-04,2.831017027881926537e-02,-1.925459340219116411e-01,0.000000000000000000e+00
6.180000000000004379e-01,-3.694726676785874695e-04,2.736009246472181564e-02,-1.893229263034875154e-01,0.000000000000000000e+00
6.200000000000004396e-01,-3.166163846639291602e-04,2.642814150732916353e-02,-1.860958212855189642e-01,0.000000000000000000e+00
6.220000000000004414e-01,-2.655878843285061652e-04,2.551425016771150661e-02,-1.828669705954115710e-01,0.000000000000000000e+00
6.240000000000004432e-01,-2.163512012648781250e-04,2.461834153181402182e-02,-1.796386361533219289e-01,0.000000000000000000e+00
6.260000000000004450e-01,-1.688705423915003937e-04,2.374032943668886314e-02,-1.764129921021908853e-01,0.000000000000000000e+00
6.280000000000004468e-01,-1.231103046184235357e-04,2.288011888653843084e-02,-1.731921267228335726e-01,0.000000000000000000e+00
6.300000000000004485e-01,-7.903509170106157102e-05,2.203760645868098333e-02,-1.699780443333629432e-01,0.000000000000000000e+00
6.320000000000004503e-01,-3.660973030195714727e-05,2.121268069955221242e-02,-1.667726671722611353e-01,0.000000000000000000e+00
6.340000000000004521e-01,4.200714719760399263e-06,2.040522251085877259e-02,-1.635778372644510203e-01,0.000000000000000000e+00
6.360000000000004539e-01,4.343092577176433874e-05,1.961510552600196841e-02,-1.603953182697568924e-01,0.000000000000000000e+00
6.380000000000004556e-01,8.111531872554808196e-05,1.884219647689187177e-02,-1.572267973131788177e-01,0.000000000000000000e+00
6.400000000000004574e-01,1.172880298280960267e-04,1.808635555127397279e-02,-1.540738867964394632e-01,0.000000000000000000e+00
6.420000000000004592e-01,1.519829033094805156e-04,1.734743674069224445e-02,-1.509381261902963955e-01,0.000000000000000000e+00
6.440000000000004610e-01,1.852334796679086168e-04,1.662528817921404833e-02,-1.478209838071450899e-01,0.000000000000000000e+00
6.460000000000004627e-01,2.170729846139961142e-04,1.591975247304374882e-02,-1.447238585534696698e-01,0.000000000000000000e+00
6.480000000000004645e-01,2.475343186563025086e-04,1.523066702115319013e-02,-1.416480816617297078e-01,0.000000000000000000e+00
6.500000000000004663e-01,2.766500473104191752e-04,1.455786432705833550e-02,-1.385949184013002267e-01,0.000000000000000000e+00
6.520000000000004681e-01,3.044523919141639686e-04,1.390117230187239844e-02,-1.355655697681122929e-01,0.000000000000000000e+00
6.540000000000004698e-01,3.309732210316973164e-04,1.326041455876668385e-02,-1.325611741526692700e-01,0.000000000000000000e+00
6.560000000000004716e-01,3.562440424296395270e-04,1.263541069897111159e-02,-1.295828089861400523e-01,0.000000000000000000e+00
6.580000000000004734e-01,3.802959956085336622e-04,1.202597658944705786e-02,-1.266314923642591628e-01,0.000000000000000000e+00
6.600000000000004752e-01,4.031598448732650383e-04,1.143192463236568715e-02,-1.237081846487867037e-01,0.000000000000000000e+00
6.620000000000004770e-01,4.248659729263157031e-04,1.085306402652534176e-02,-1.208137900463079895e-01,0.000000000000000000e+00
6.640000000000004787e-01,4.454443749679995478e-04,1.028920102084191109e-02,-1.179491581641752551e-01,0.000000000000000000e+00
6.660000000000004805e-01,4.649246532880921029e-04,9.740139160046276667e-03,-1.151150855434175807e-01,0.000000000000000000e+00
6.680000000000004823e-01,4.833360123335382250e-04,9.205679522723067554e-03,-1.123123171684675958e-01,0.000000000000000000e+00
6.700000000000004841e-01,5.007072542371881346e-04,8.685620951824957192e-03,-1.095415479535747083e-01,0.000000000000000000e+00
6.720000000000004858e-01,5.170667747927815269e-04,8.179760277796680953e-03,-1.068034242057959715e-01,0.000000000000000000e+00
6.740000000000004876e-01,5.324425598616670590e-04,7.687892534442773880e-03,-1.040985450644755506e-01,0.000000000000000000e+00
6.760000000000004894e-01,5.468621821970126411e-04,7.209811167672776702e-03,-1.014274639171432180e-01,0.000000000000000000e+00
6.780000000000004912e-01,5.603527986715273147e-04,6.745308237257344186e-03,-9.879068979178093346e-02,0.000000000000000000e+00
6.800000000000004929e-01,5.729411478949838999e-04,6.294174611728271806e-03,-9.618868872542488124e-02,0.000000000000000000e+00
6.820000000000004947e-01,5.846535482080939114e-04,5.856200156554981426e-03,-9.362188510908736605e-02,0.000000000000000000e+00
6.840000000000004965e-01,5.955158960395527971e-04,5.431173915729439403e-03,-9.109066300899973379e-02,0.000000000000000000e+00
6.860000000000004983e-01,6.055536646133345214e-04,5.018884286890883811e-03,-8.859536746419383046e-02,0.000000000000000000e+00
6.880000000000005000e-01,6.147919029935765625e-04,4.619119190121022747e-03,-8.613630576045430698e-02,0.000000000000000000e+00
6.900000000000005018e-01,6.232552354546558489e-04,4.231666230539634505e-03,-8.371374868068953701e-02,0.000000000000000000e+00
6.920000000000005036e-01,6.309678611643152780e-04,3.856312854829694638e-03,-8.132793173178277935e-02,0.000000000000000000e+00
6.940000000000005054e-01,6.379535541679557959e-04,3.492846501820266302e-03,-7.897905634799859409e-02,0.000000000000000000e+00
6.960000000000005071e-01,6.442356636624647741e-04,3.141054747254503829e-03,-7.666729107103320562e-02,0.000000000000000000e+00
6.980000000000005089e-01,6.498371145482030684e-04,2.800725442869123755e-03,-7.439277270680923204e-02,0.000000000000000000e+00
7.000000000000005107e-01,6.547804082480244590e-04,2.471646849910693992e-03,-7.215560745912751039e-02,0.000000000000000000e+00
7.020000000000005125e-01,6.590876237824505384e-04,2.153607767213020635e-03,-6.995587204030020989e-02,0.000000000000000000e+00
7.040000000000005143e-01,6.627804190903681695e-04,1.846397653958810336e-03,-6.779361475889994493e-02,0.000000000000000000e+00
7.060000000000005160e-01,6.658800325848633975e-04,1.549806747247632187e-03,-6.566885658477013277e-02,0.000000000000000000e+00
7.080000000000005178e-01,6.684072849340454191e-04,1.263626174591019492e-03,-6.358159219145179120e-02,0.000000000000000000e+00
7.100000000000005196e-01,6.703825810569540369e-04,9.876480614543318992e-04,-6.153179097619097815e-02,0.000000000000000000e+00
7.120000000000005214e-01,6.718259123248814663e-04,7.216656339637326622e-04,-5.951939805770038033e-02,0.000000000000000000e+00
7.140000000000005231e-01,6.727568589586721418e-04,4.654733168953564663e-04,-5.754433525185662091e-02,0.000000000000000000e+00
7.160000000000005249e-01,6.731945926127969482e-04,2.188668270624187832e-04,-5.560650202552309962e-02,0.000000000000000000e+00
7.180000000000005267e-01,6.731578791372263074e-04,-1.835673778532683539e-05,-5.370577642869549251e-02,0.000000000000000000e+00
7.200000000000005285e-01,6.726650815083528266e-04,-2.463988144367493184e-04,-5.184201600517423375e-02,0.000000000000000000e+00
7.220000000000005302e-01,6.717341629204378857e-04,-4.654592939574783575e-04,-5.001505868197519966e-02,0.000000000000000000e+00
7.240000000000005320e-01,6.703826900292763052e-04,-6.757364455808028553e-04,-4.822472363769568504e-02,0.000000000000000000e+00
7.260000000000005338e-01,6.686278363399912735e-04,-8.774268446425427005e-04,-4.647081215005896548e-02,0.000000000000000000e+00
7.280000000000005356e-01,6.664863857310861662e-04,-1.070725304452569294e-03,-4.475310842286633894e-02,0.000000000000000000e+00
7.300000000000005373e-01,6.639747361070919571e-04,-1.255824811997121454e-03,-4.307138039259038320e-02,0.000000000000000000e+00
7.320000000000005391e-01,6.611089031723568765e-04,-1.432916467367547448e-03,-4.142538051484816880e-02,0.000000000000000000e+00
7.340000000000005409e-01,6.579045243187316150e-04,-1.602189426812612554e-03,-3.981484653099762877e-02,0.000000000000000000e+00
7.360000000000005427e-01,6.543768626201055790e-04,-1.763830849313016485e-03,-3.823950221510431097e-02,0.000000000000000000e+00
7.380000000000005445e-01,6.505408109269489791e-04,-1.918025846578295165e-03,-3.669905810152955528e-02,0.000000000000000000e+00
7.400000000000005462e-01,6.464108960542133990e-04,-2.064957436367809152e-03,-3.519321219339460044e-02,0.000000000000000000e+00
7.420000000000005480e-01,6.420012830561352881e-04,-2.204806499039066708e-03,-3.372165065217828939e-02,0.000000000000000000e+00
7.440000000000005498e-01,6.373257795816789431e-04,-2.337751737228166860e-03,-3.228404846870898404e-02,0.000000000000000000e+00
7.460000000000005516e-01,6.323978403045414816e-04,-2.463969638568708643e-03,-3.088007011581364938e-02,0.000000000000000000e+00
7.480000000000005533e-01,6.272305714218273870e-04,-2.583634441357063327e-03,-2.950937018288968261e-02,0.000000000000000000e+00
7.500000000000005551e-01,6.218367352156805054e-04,-2.696918103073462497e-03,-2.817159399266674219e-02,0.000000000000000000e+00
7.520000000000005569e-01,6.162287546723407014e-04,-2.803990271669913690e-03,-2.686637820042794486e-02,0.000000000000000000e+00
7.540000000000005587e-01,6.104187181532656379e-04,-2.905018259537520478e-03,-2.559335137596108894e-02,0.000000000000000000e+00
7.560000000000005604e-01,6.044183841131309633e-04,-3.000167020067333410e-03,-2.435213456851180805e-02,0.000000000000000000e+00
7.580000000000005622e-01,5.982391858596901356e-04,-3.089599126720419479e-03,-2.314234185501185329e-02,0.000000000000000000e+00
7.600000000000005640e-01,5.918922363506413193e-04,-3.173474754524390797e-03,-2.196358087185618091e-02,0.000000000000000000e+00
7.620000000000005658e-01,5.853883330228109878e-04,-3.251951663915183133e-03,-2.081545333050341048e-02,0.000000000000000000e+00
7.640000000000005675e-01,5.787379626491221578e-04,-3.325185186844415407e-03,-1.969755551717444764e-02,0.000000000000000000e+00
7.660000000000005693e-01,5.719513062189736938e-04,-3.393328215074209453e-03,-1.860947877692421815e-02,0.000000000000000000e+00
7.680000000000005711e-01,5.650382438378079297e-04,-3.456531190582873368e-03,-1.755080998236164744e-02,0.000000000000000000e+00
7.700000000000005729e-01,5.580083596417952140e-04,-3.514942098006381722e-03,-1.652113198729256160e-02,0.000000000000000000e+00
7.720000000000005747e-01,5.508709467237109985e-04,-3.568706459042106458e-03,-1.552002406556002648e-02,0.000000000000000000e+00
7.740000000000005764e-01,5.436350120662255094e-04,-3.617967328742754084e-03,-1.454706233535600635e-02,0.000000000000000000e+00
7.760000000000005782e-01,5.363092814789655743e-04,-3.662865293629972725e-03,-1.360182016927746415e-02,0.000000000000000000e+00
7.780000000000005800e-01,5.289022045358484757e-04,-3.703538471558575317e-03,-1.268386859039927900e-02,0.000000000000000000e+00
7.800000000000005818e-01,5.214219595093208407e-04,-3.740122513263808863e-03,-1.179277665463519462e-02,0.000000000000000000e+00
7.820000000000005835e-01,5.138764582982696932e-04,-3.772750605525568551e-03,-1.092811181965703052e-02,0.000000000000000000e+00
7.840000000000005853e-01,5.062733513464998635e-04,-3.801553475884903582e-03,-1.008944030064076042e-02,0.000000000000000000e+00
7.860000000000005871e-01,4.986200325488006433e-04,-3.826659398849617446e-03,-9.276327413107108427e-03,0.000000000000000000e+00
7.880000000000005889e-01,4.909236441417462243e-04,-3.848194203527183482e-03,-8.488337903122231826e-03,0.000000000000000000e+00
7.900000000000005906e-01,4.831910815764969705e-04,-3.866281282624626017e-03,-7.725036265122747769e-03,0.000000000000000000e+00
7.920000000000005924e-01,4.754289983709841533e-04,-3.881041602756411628e-03,-6.985987047627435775e-03,0.000000000000000000e+00
7.940000000000005942e-01,4.676438109389785742e-04,-3.892593716002789358e-03,-6.270755147095973675e-03,0.000000000000000000e+00
7.960000000000005960e-01,4.598417033936537651e-04,-3.901053772662393514e-03,-5.578906090193156558e-03,0.000000000000000000e+00
7.980000000000005977e-01,4.520286323233652071e-04,-3.906535535144282228e-03,-4.910006304714956138e-03,0.000000000000000000e+00
8.000000000000005995e-01,4.442103315374733687e-04,-3.909150392945928525e-03,-4.263623379430439564e-03,0.000000000000000000e+00
8.020000000000006013e-01,4.363923167801433685e-04,-3.909007378665011606e-03,-3.639326313091377496e-03,0.000000000000000000e+00
8.040000000000006031e-01,4.285798904101550087e-04,-3.906213184994166213e-03,-3.036685752859070997e-03,0.000000000000000000e+00
8.060000000000006048e-01,4.207781460448567251e-04,-3.900872182649151119e-03,-2.455274222395328193e-03,0.000000000000000000e+00
8.080000000000006066e-01,4.129919731664923543e-04,-3.893086439182172429e-03,-1.894666339862006305e-03,0.000000000000000000e+00
8.100000000000006084e-01,4.052260616892256265e-04,-3.882955738633358904e-03,-1.354439026071178886e-03,0.000000000000000000e+00
8.120000000000006102e-01,3.974849064852763593e-04,-3.870577601974645524e-03,-8.341717030249454212e-04,0.000000000000000000e+00
8.140000000000006120e-01,3.897728118686732903e-04,-3.856047308301535810e-03,-3.334464830815758729e-04,0.000000000000000000e+00
8.160000000000006137e-01,3.820938960352144123e-04,-3.839457916729439434e-03,1.481516510183633617e-04,0.000000000000000000e+00
8.180000000000006155e-01,3.744520954573094819e-04,-3.820900288952466459e-03,6.110346750349722467e-04,0.000000000000000000e+00
8.200000000000006173e-01,3.668511692324619893e-04,-3.800463112423743510e-03,1.055611360792990672e-03,0.000000000000000000e+00
8.220000000000006191e-01,3.592947033842270222e-04,-3.778232924117475109e-03,1.482287122201639967e-03,0.000000000000000000e+00
8.240000000000006208e-01,3.517861151145588181e-04,-3.754294134834115261e-03,1.891463869508218376e-03,0.000000000000000000e+00
8.260000000000006226e-01,3.443286570065365510e-04,-3.728729054011137647e-03,2.283539871566177965e-03,0.000000000000000000e+00
8.280000000000006244e-01,3.369254211765305724e-04,-3.701617915003001247e-03,2.658909625901564183e-03,0.000000000000000000e+00
8.300000000000006262e-01,3.295793433749406062e-04,-3.673038900794994583e-03,3.017963736364707300e-03,0.000000000000000000e+00
8.320000000000006279e-01,3.222932070347071668e-04,-3.643068170116711690e-03,3.361088798157121915e-03,0.000000000000000000e+00
8.340000000000006297e-01,3.150696472668632238e-04,-3.611779883921967596e-03,3.688667290026682866e-03,0.000000000000000000e+00
8.360000000000006315e-01,3.079111548024572164e-04,-3.579246232202992848e-03,4.001077473427365472e-03,0.000000000000000000e+00
8.380000000000006333e-01,3.008200798802416727e-04,-3.545537461107759261e-03,4.298693298442742006e-03,0.000000000000000000e+00
8.400000000000006350e-01,2.937986360795810507e-04,-3.510721900330297796e-03,4.581884316275899177e-03,0.000000000000000000e+00
8.420000000000006368e-01,2.868489040980913975e-04,-3.474865990744832253e-03,4.851015598111345362e-03,0.000000000000000000e+00
8.440000000000006386e-01,2.799728354735803149e-04,-3.438034312255533465e-03,5.106447660157841656e-03,0.000000000000000000e+00
8.460000000000006404e-01,2.731722562499110671e-04,-3.400289611834622812e-03,5.348536394684098860e-03,0.000000000000000000e+00
8.480000000000006422e-01,2.664488705864660571e-04,-3.361692831722498491e-03,5.577633006862703358e-03,0.000000000000000000e+00
8.500000000000006439e-01,2.598042643109371589e-04,-3.322303137764448262e-03,5.794083957240615118e-03,0.000000000000000000e+00
8.520000000000006457e-01,2.532399084152183117e-04,-3.282177947859416228e-03,5.998230909657866622e-03,0.000000000000000000e+00
8.540000000000006475e-01,2.467571624942239777e-04,-3.241372960497154211e-03,6.190410684439314609e-03,0.000000000000000000e+00
8.560000000000006493e-01,2.403572781275020839e-04,-3.199942183360950012e-03,6.370955216687432948e-03,0.000000000000000000e+00
8.580000000000006510e-01,2.340414022035541711e-04,-3.157937961973955338e-03,6.540191519507309453e-03,0.000000000000000000e+00
8.600000000000006528e-01,2.278105801868182418e-04,-3.115411008367960193e-03,6.698441651998222196e-03,0.000000000000000000e+00
8.620000000000006546e-01,2.216657593273097286e-04,-3.072410429754262803e-03,6.846022691849324576e-03,0.000000000000000000e+00
8.640000000000006564e-01,2.156077918129556002e-04,-3.028983757177066988e-03,6.983246712380087456e-03,0.000000000000000000e+00
8.660000000000006581e-01,2.096374378646943847e-04,-2.985176974130608184e-03,7.110420763869314265e-03,0.000000000000000000e+00
8.680000000000006599e-01,2.037553687744504466e-04,-2.941034545121962683e-03,7.227846859019664005e-03,0.000000000000000000e+00
8.700000000000006617e-01,1.979621698861259863e-04,-2.896599444162224497e-03,7.335821962407718805e-03,0.000000000000000000e+00
8.720000000000006635e-01,1.922583435197870803e-04,-2.851913183169457657e-03,7.434637983772694400e-03,0.000000000000000000e+00
8.740000000000006652e-01,1.866443118392520362e-04,-2.807015840267526943e-03,7.524581775000052652e-03,0.000000000000000000e+00
8.760000000000006670e-01,1.811204196633208320e-04,-2.761946087965603050e-03,7.605935130659158272e-03,0.000000000000000000e+00
8.780000000000006688e-01,1.756869372209132480e-04,-2.716741221203796547e-03,7.678974791957312099e-03,0.000000000000000000e+00
8.800000000000006706e-01,1.703440628504111624e-04,-2.671437185251040666e-03,7.743972453975431908e-03,0.000000000000000000e+00
8.820000000000006724e-01,1.650919256435272363e-04,-2.626068603441967034e-03,7.801194776053557364e-03,0.000000000000000000e+00
8.840000000000006741e-01,1.599305880340469335e-04,-2.580668804740152058e-03,7.850903395197460916e-03,0.000000000000000000e+00
8.860000000000006759e-01,1.548600483318155103e-04,-2.535269851115705842e-03,7.893354942380406344e-03,0.000000000000000000e+00
8.880000000000006777e-01,1.498802432023639498e-04,-2.489902564725780462e-03,7.928801061617127277e-03,0.000000000000000000e+00
8.900000000000006795e-01,1.449910500925896846e-04,-2.444596554887133906e-03,7.957488431689896044e-03,0.000000000000000000e+00
8.920000000000006812e-01,1.401922896029287712e-04,-2.399380244830461462e-03,7.979658790409389565e-03,0.000000000000000000e+00
8.940000000000006830e-01,1.354837278064752876e-04,-2.354280898226743680e-03,7.995548961295926432e-03,0.000000000000000000e+00
8.960000000000006848e-01,1.308650785155225085e-04,-2.309324645476395176e-03,8.005390882569360725e-03,0.000000000000000000e+00
8.980000000000006866e-01,1.263360054960174913e-04,-2.264536509752514658e-03,8.009411638338717956e-03,0.000000000000000000e+00
9.000000000000006883e-01,1.218961246304374127e-04,-2.219940432790041759e-03,8.007833491885340410e-03,0.000000000000000000e+00
9.020000000000006901e-01,1.175450060296111911e-04,-2.175559300413112442e-03,8.000873920936004899e-03,0.000000000000000000e+00
9.040000000000006919e-01,1.132821760940244167e-04,-2.131414967793384806e-03,7.988745654825124901e-03,0.000000000000000000e+00
9.060000000000006937e-01,1.091071195251592851e-04,-2.087528284432565995e-03,7.971656713447785800e-03,0.000000000000000000e+00
9.080000000000006954e-01,1.050192812874336449e-04,-2.043919118862821006e-03,7.949810447907875582e-03,0.000000000000000000e+00
9.100000000000006972e-01,1.010180685213152773e-04,-2.000606383059180555e-03,7.923405582768222252e-03,0.000000000000000000e+00
9.120000000000006990e-01,9.710285240819829984e-05,-1.957608056558489667e-03,7.892636259812053565e-03,0.000000000000000000e+00
9.140000000000007008e-01,9.327296998763861548e-05,-1.914941210279843100e-03,7.857692083227655125e-03,0.000000000000000000e+00
9.160000000000007025e-01,8.952772592755489612e-05,-1.872622030041861362e-03,7.818758166130500287e-03,0.000000000000000000e+00
9.180000000000007043e-01,8.586639424800981578e-05,-1.830665839772538817e-03,7.776015178339525276e-03,0.000000000000000000e+00
9.200000000000007061e-01,8.228821999919427247e-05,-1.789087124407772247e-03,7.729639395326635964e-03,0.000000000000000000e+00
9.220000000000007079e-01,7.879242089424419481e-05,-1.747899552475041217e-03,7.679802748260793933e-03,0.000000000000000000e+00
9.240000000000007097e-01,7.537818889752607532e-05,-1.707115998359059420e-03,7.626672875070389553e-03,0.000000000000000000e+00
9.260000000000007114e-01,7.204469176903295635e-05,-1.666748564246557478e-03,7.570413172449823314e-03,0.000000000000000000e+00
9.280000000000007132e-01,6.879107456553758152e-05,-1.626808601747685304e-03,7.511182848738476130e-03,0.000000000000000000e+00
9.300000000000007150e-01,6.561646109915391159e-05,-1.587306733191837455e-03,7.449136977602386495e-03,0.000000000000000000e+00
9.320000000000007168e-01,6.251995535396189017e-05,-1.548252872596011685e-03,7.384426552451142482e-03,0.000000000000000000e+00
9.340000000000007185e-01,5.950064286135367135e-05,-1.509656246304108248e-03,7.317198541524572164e-03,0.000000000000000000e+00
9.360000000000007203e-01,5.655759203476194773e-05,-1.471525413295860646e-03,7.247595943585928915e-03,0.000000000000000000e+00
9.380000000000007221e-01,5.368985546443321935e-05,-1.433868285164363512e-03,7.175757844160250871e-03,0.000000000000000000e+00
9.400000000000007239e-01,5.089647117291036190e-05,-1.396692145761430212e-03,7.101819472258612959e-03,0.000000000000000000e+00
9.420000000000007256e-01,4.817646383188982850e-05,-1.360003670510267788e-03,7.025912257530956238e-03,0.000000000000000000e+00
9.440000000000007274e-01,4.552884594111942899e-05,-1.323808945385200782e-03,6.948163887792051935e-03,0.000000000000000000e+00
9.460000000000007292e-01,4.295261897000259721e-05,-1.288113485558414891e-03,6.868698366867110813e-03,0.000000000000000000e+00
9.480000000000007310e-01,4.044677446257476469e-05,-1.252922253713916693e-03,6.787636072705351825e-03,0.000000000000000000e+00
9.500000000000007327e-01,3.801029510651651131e-05,-1.218239678029125767e-03,6.705093815711685341e-03,0.000000000000000000e+00
9.520000000000007345e-01,3.564215576686706498e-05,-1.184069669824724599e-03,6.621184897248431379e-03,0.000000000000000000e+00
9.540000000000007363e-01,3.334132448509987979e-05,-1.150415640883593058e-03,6.536019168260753971e-03,0.000000000000000000e+00
9.560000000000007381e-01,3.110676344422018538e-05,-1.117280520439846393e-03,6.449703087981156421e-03,0.000000000000000000e+00
9.580000000000007399e-01,2.893742990054181877e-05,-1.084666771839182600e-03,6.362339782670115192e-03,0.000000000000000000e+00
9.600000000000007416e-01,2.683227708279797982e-05,-1.052576408871919991e-03,6.274029104351521759e-03,0.000000000000000000e+00
9.620000000000007434e-01,2.479025505923743115e-05,-1.021011011780274726e-03,6.184867689503202939e-03,0.000000000000000000e+00
9.640000000000007452e-01,2.281031157335424814e-05,-9.899717429415915738e-04,6.094949017664393065e-03,0.000000000000000000e+00
9.660000000000007470e-01,2.089139284889546364e-05,-9.594593622293920605e-04,6.004363469923499827e-03,0.000000000000000000e+00
9.680000000000007487e-01,1.903244436478695426e-05,-9.294742420542549070e-04,5.913198387251083349e-03,0.000000000000000000e+00
9.700000000000007505e-01,1.723241160061359501e-05,-9.000163820866797972e-04,5.821538128644350614e-03,0.000000000000000000e+00
9.720000000000007523e-01,1.549024075328515562e-05,-8.710854236642204176e-04,5.729464129050950566e-03,0.000000000000000000e+00
9.740000000000007541e-01,1.380487942551455808e-05,-8.426806638852991135e-04,5.637054957041228234e-03,0.000000000000000000e+00
9.760000000000007558e-01,1.217527728673009084e-05,-8.148010693922336928e-04,5.544386372199462329e-03,0.000000000000000000e+00
9.780000000000007576e-01,1.060038670703784663e-05,-7.874452898461223706e-04,5.451531382205951695e-03,0.000000000000000000e+00
9.800000000000007594e-01,9.079163364845169388e-06,-7.606116710963382356e-04,5.358560299583092768e-03,0.000000000000000000e+00
9.820000000000007612e-01,7.610566828750196729e-06,-7.342982680474863157e-04,5.265540798079874733e-03,0.000000000000000000e+00
9.840000000000007629e-01,6.193561114296650901e-06,-7.085028572267728156e-04,5.172537968670450764e-03,0.000000000000000000e+00
9.860000000000007647e-01,4.827115216187003751e-06,-6.832229490548235923e-04,5.079614375143628492e-03,0.000000000000000000e+00
9.880000000000007665e-01,3.510203616540853685e-06,-6.584557998230751311e-04,4.986830109261332876e-03,0.000000000000000000e+00
9.900000000000007683e-01,2.241806769778976140e-06,-6.341984233809389113e-04,4.894242845465193552e-03,0.000000000000000000e+00
9.920000000000007701e-01,1.020911564706949854e-06,-6.104476025360131269e-04,4.801907895111549342e-03,0.000000000000000000e+00
9.940000000000007718e-01,-1.534882356344216257e-07,-5.871999001706857671e-04,4.709878260216239856e-03,0.000000000000000000e+00
9.960000000000007736e-01,-1.282391575791492818e-06,-5.644516700785356207e-04,4.618204686691604506e-03,0.000000000000000000e+00
9.980000000000007754e-01,-2.366789710839483435e-06,-5.421990675239954458e-04,4.526935717059122309e-03,0.000000000000000000e+00
1.000000000000000666e+00,-3.407665829897079919e-06,-5.204380595287981439e-04,4.436117742622151111e-03,0.000000000000000000e+00
1.002000000000000668e+00,-4.405994699674628895e-06,-4.991644348887746977e-04,4.345795055084167649e-03,0.000000000000000000e+00
1.004000000000000670e+00,-5.362742327523864719e-06,-4.783738139246178985e-04,4.256009897598852718e-03,0.000000000000000000e+00
1.006000000000000671e+00,-6.278865643464401191e-06,-4.580616579702681177e-04,4.166802515239297240e-03,0.000000000000000000e+00
1.008000000000000673e+00,-7.155312200669627951e-06,-4.382232786026132648e-04,4.078211204874476747e-03,0.000000000000000000e+00
1.010000000000000675e+00,-7.993019893902085447e-06,-4.188538466162288463e-04,3.990272364441997850e-03,0.000000000000000000e+00
1.012000000000000677e+00,-8.792916695395911901e-06,-3.999484007469130439e-04,3.903020541606977249e-03,0.000000000000000000e+00
1.014000000000000679e+00,-9.555920407691506979e-06,-3.815018561477974239e-04,3.816488481797700085e-03,0.000000000000000000e+00
1.016000000000000680e+00,-1.028293843293517850e-05,-3.635090126218359008e-04,3.730707175609501540e-03,0.000000000000000000e+00
1.018000000000000682e+00,-1.097486755816416515e-05,-3.459645626144930083e-04,3.645705905569077143e-03,0.000000000000000000e+00
1.020000000000000684e+00,-1.163259375610510242e-05,-3.288630989704683619e-04,3.561512292252154953e-03,0.000000000000000000e+00
1.022000000000000686e+00,-1.225699200102171265e-05,-3.121991224583051442e-04,3.478152339748178355e-03,0.000000000000000000e+00
1.024000000000000687e+00,-1.284892609915519405e-05,-2.959670490667410747e-04,3.395650480466343851e-03,0.000000000000000000e+00
1.026000000000000689e+00,-1.340924853330852334e-05,-2.801612170766648200e-04,3.314029619278000428e-03,0.000000000000000000e+00
1.028000000000000691e+00,-1.393880032113361358e-05,-2.647758939125449229e-04,3.233311176991048551e-03,0.000000000000000000e+00
1.030000000000000693e+00,-1.443841088668801056e-05,-2.498052827771984376e-04,3.153515133152628644e-03,0.000000000000000000e+00
1.032000000000000695e+00,-1.490889794483553940e-05,-2.352435290737640448e-04,3.074660068176955294e-03,0.000000000000000000e+00
1.034000000000000696e+00,-1.535106739807301930e-05,-2.210847266187401382e-04,2.996763204795762758e-03,0.000000000000000000e+00
1.036000000000000698e+00,-1.576571324537290135e-05,-2.073229236499407298e-04,2.919840448829358164e-03,0.000000000000000000e+00
1.038000000000000700e+00,-1.615361750263932605e-05,-1.939521286332126723e-04,2.843906429276847787e-03,0.000000000000000000e+00
1.040000000000000702e+00,-1.651555013438281872e-05,-1.809663158717459569e-04,2.768974537724593152e-03,0.000000000000000000e+00
1.042000000000000703e+00,-1.685226899622640701e-05,-1.683594309217947263e-04,2.695056967072470208e-03,0.000000000000000000e+00
1.044000000000000705e+00,-1.716451978786363017e-05,-1.561253958186108388e-04,2.622164749577977124e-03,0.000000000000000000e+00
1.046000000000000707e+00,-1.745303601609637606e-05,-1.442581141163737672e-04,2.550307794218700276e-03,0.000000000000000000e+00
1.048000000000000709e+00,-1.771853896758813845e-05,-1.327514757458808311e-04,2.479494923374097725e-03,0.000000000000000000e+00
1.050000000000000711e+00,-1.796173769097561979e-05,-1.215993616937400076e-04,2.409733908827969753e-03,0.000000000000000000e+00
1.052000000000000712e+00,-1.818332898798918990e-05,-1.107956485067844590e-04,2.341031507093411027e-03,0.000000000000000000e+00
1.054000000000000714e+00,-1.838399741323999611e-05,-1.003342126254027635e-04,2.273393494062421472e-03,0.000000000000000000e+00
1.056000000000000716e+00,-1.856441528233889940e-05,-9.020893454945237938e-05,2.206824698982730662e-03,0.000000000000000000e+00
1.058000000000000718e+00,-1.872524268801969239e-05,-8.041370284039598098e-05,2.141329037764743565e-03,0.000000000000000000e+00
1.060000000000000719e+00,-1.886712752394623422e-05,-7.094241796327079084e-05,2.076909545621865010e-03,0.000000000000000000e+00
1.062000000000000721e+00,-1.899070551589037469e-05,-6.178899597207050806e-05,2.013568409047794203e-03,0.000000000000000000e+00
1.064000000000000723e+00,-1.909660025997454998e-05,-5.294737204208736363e-05,1.951306997134662907e-03,0.000000000000000000e+00
1.066000000000000725e+00,-1.918542326768000648e-05,-4.441150385272887939e-05,1.890125892236231607e-03,0.000000000000000000e+00
1.068000000000000727e+00,-1.925777401732858585e-05,-3.617537482428947717e-05,1.830024919980602740e-03,0.000000000000000000e+00
1.070000000000000728e+00,-1.931424001175283109e-05,-2.823299721212205171e-05,1.771003178637202847e-03,0.000000000000000000e+00
1.072000000000000730e+00,-1.935539684187606848e-05,-2.057841506161820836e-05,1.713059067843031172e-03,0.000000000000000000e+00
1.074000000000000732e+00,-1.938180825593080499e-05,-1.320570702736886487e-05,1.656190316693415291e-03,0.000000000000000000e+00
1.076000000000000734e+00,-1.939402623405048255e-05,-6.108989059838704595e-06,1.600394011202748139e-03,0.000000000000000000e+00
1.078000000000000735e+00,-1.939259106797618296e-05,7.175830371505777908e-07,1.545666621140890035e-03,0.000000000000000000e+00
1.080000000000000737e+00,-1.937803144562643703e-05,7.279811174873091320e-06,1.492004026251130076e-03,0.000000000000000000e+00
1.082000000000000739e+00,-1.935086454028469137e-05,1.358345267087254398e-05,1.439401541855794917e-03,0.000000000000000000e+00
1.084000000000000741e+00,-1.931159610416532574e-05,1.963421805968284785e-05,1.387853943855763385e-03,0.000000000000000000e+00
1.086000000000000743e+00,-1.926072056612539851e-05,2.543776901996283268e-05,1.337355493130329247e-03,0.000000000000000000e+00
1.088000000000000744e+00,-1.919872113329548828e-05,3.099971641495427610e-05,1.287899959344004962e-03,0.000000000000000000e+00
1.090000000000000746e+00,-1.912606989640905741e-05,3.632561844321492874e-05,1.239480644167005163e-03,0.000000000000000000e+00
1.092000000000000748e+00,-1.904322793861581452e-05,4.142097889662113775e-05,1.192090403916296060e-03,0.000000000000000000e+00
1.094000000000000750e+00,-1.895064544757045857e-05,4.629124552267777169e-05,1.145721671624214512e-03,0.000000000000000000e+00
1.096000000000000751e+00,-1.884876183059402472e-05,5.094180848821698631e-05,1.100366478541786033e-03,0.000000000000000000e+00
1.098000000000000753e+00,-1.873800583271080207e-05,5.537799894161103871e-05,1.056016475083975965e-03,0.000000000000000000e+00
1.100000000000000755e+00,-1.861879565736946493e-05,5.960508767066870792e-05,1.012662951224207585e-03,0.000000000000000000e+00
1.102000000000000757e+00,-1.849153908966260563e-05,6.362828385342911882e-05,9.702968563455755544e-04,0.000000000000000000e+00
1.104000000000000759e+00,-1.835663362186438317e-05,6.745273389911132713e-05,9.289088185562599824e-04,0.000000000000000000e+00
1.106000000000000760e+00,-1.821446658111133788e-05,7.108352037652288858e-05,8.884891634767239218e-04,0.000000000000000000e+00
1.108000000000000762e+00,-1.806541525905678620e-05,7.452566102727513548e-05,8.490279325063419206e-04,0.000000000000000000e+00
1.110000000000000764e+00,-1.790984704333438966e-05,7.778410786119799986e-05,8.105149005771672280e-04,0.000000000000000000e+00
1.112000000000000766e+00,-1.774811955067160516e-05,8.086374633139211537e-05,7.729395934025914353e-04,0.000000000000000000e+00
1.114000000000000767e+00,-1.758058076149880230e-05,8.376939458640063991e-05,7.362913042286991193e-04,0.000000000000000000e+00
1.116000000000000769e+00,-1.740756915590474640e-05,8.650580279702837062e-05,7.005591100961526931e-04,0.000000000000000000e+00
1.118000000000000771e+00,-1.722941385079398730e-05,8.907765255538036529e-05,6.657318876204760616e-04,0.000000000000000000e+00
1.120000000000000773e+00,-1.704643473810651226e-05,9.148955634373725110e-05,6.317983282986230258e-04,0.000000000000000000e+00
1.122000000000000774e+00,-1.685894262396465596e-05,9.374605707092880009e-05,5.987469533497421842e-04,0.000000000000000000e+00
1.124000000000000776e+00,-1.666723936861683135e-05,9.585162767391196530e-05,5.665661280980507312e-04,0.000000000000000000e+00
1.126000000000000778e+00,-1.647161802705222238e-05,9.781067078230401058e-05,5.352440759057457056e-04,0.000000000000000000e+00
1.128000000000000780e+00,-1.627236299016489280e-05,9.962751844366535834e-05,5.047688916638686657e-04,0.000000000000000000e+00
1.130000000000000782e+00,-1.606975012635015283e-05,1.013064319073708118e-04,4.751285548490457320e-04,0.000000000000000000e+00
1.132000000000000783e+00,-1.586404692342025045e-05,1.028516014649515694e-04,4.463109421540074808e-04,0.000000000000000000e+00
1.134000000000000785e+00,-1.565551263073058428e-05,1.042671463448337628e-04,4.183038396997766943e-04,0.000000000000000000e+00
1.136000000000000787e+00,-1.544439840141169731e-05,1.055571146594427130e-04,3.910949548373940810e-04,0.000000000000000000e+00
1.138000000000000789e+00,-1.523094743460632742e-05,1.067254834026846674e-04,3.646719275470287729e-04,0.000000000000000000e+00
1.140000000000000790e+00,-1.501539511761460565e-05,1.077761584958607428e-04,3.390223414422824551e-04,0.000000000000000000e+00
1.142000000000000792e+00,-1.479796916785438614e-05,1.087129748801098105e-04,3.141337343874723523e-04,0.000000000000000000e+00
1.144000000000000794e+00,-1.457888977454734744e-05,1.095396966535190750e-04,2.899936087356351413e-04,0.000000000000000000e+00
1.146000000000000796e+00,-1.435836974004518281e-05,1.102600172510827150e-04,2.665894411949529860e-04,0.000000000000000000e+00
1.148000000000000798e+00,-1.413661462071372223e-05,1.108775596657301848e-04,2.439086923312562723e-04,0.000000000000000000e+00
1.150000000000000799e+00,-1.391382286729634944e-05,1.113958767086864964e-04,2.219388157142160919e-04,0.000000000000000000e+00
1.152000000000000801e+00,-1.369018596468141443e-05,1.118184513074673418e-04,2.006672667147743660e-04,0.000000000000000000e+00
1.154000000000000803e+00,-1.346588857100171127e-05,1.121486968398518645e-04,1.800815109613219858e-04,0.000000000000000000e+00
1.156000000000000805e+00,-1.324110865599727955e-05,1.123899575022155333e-04,1.601690324620580431e-04,0.000000000000000000e+00
1.158000000000000806e+00,-1.301601763857598940e-05,1.125455087106446681e-04,1.409173414009216993e-04,0.000000000000000000e+00
1.160000000000000808e+00,-1.279078052350940410e-05,1.126185575332930636e-04,1.223139816144077924e-04,0.000000000000000000e+00
1.162000000000000810e+00,-1.256555603720444506e-05,1.126122431524791747e-04,1.043465377565223158e-04,0.000000000000000000e+00
1.164000000000000812e+00,-1.234049676249432478e-05,1.125296373550604316e-04,8.700264215906255635e-05,0.000000000000000000e+00
1.166000000000000814e+00,-1.211574927239500863e-05,1.123737450496583104e-04,7.026998139433426188e-05,0.000000000000000000e+00
1.168000000000000815e+00,-1.189145426277631913e-05,1.121475048093449557e-04,5.413630254734588462e-05,0.000000000000000000e+00
1.170000000000000817e+00,-1.166774668389944242e-05,1.118537894384383409e-04,3.858941920444861236e-05,0.000000000000000000e+00
1.172000000000000819e+00,-1.144475587077526501e-05,1.114954065620888746e-04,2.361721716531023103e-05,0.000000000000000000e+00
1.174000000000000821e+00,-1.122260567230051306e-05,1.110750992373759152e-04,9.207659885033777150e-06,0.000000000000000000e+00
1.176000000000000822e+00,-1.100141457913117902e-05,1.105955465846674270e-04,-4.651206346845040279e-06,0.000000000000000000e+00
1.178000000000000824e+00,-1.078129585025511742e-05,1.100593644380305189e-04,-1.797124748383473018e-05,0.000000000000000000e+00
1.180000000000000826e+00,-1.056235763822808876e-05,1.094691060135144462e-04,-3.076423704986852321e-05,0.000000000000000000e+00
1.182000000000000828e+00,-1.034470311303976650e-05,1.088272625941611170e-04,-4.304185171010767048e-05,0.000000000000000000e+00
1.184000000000000830e+00,-1.012843058457850430e-05,1.081362642306309694e-04,-5.481566707876738345e-05,0.000000000000000000e+00
1.186000000000000831e+00,-9.913633623665774606e-06,1.073984804563645574e-04,-6.609715375765449086e-05,0.000000000000000000e+00
1.188000000000000833e+00,-9.700401181633310716e-06,1.066162210162318973e-04,-7.689767359919034810e-05,0.000000000000000000e+00
1.190000000000000835e+00,-9.488817708418003949e-06,1.057917366076530650e-04,-8.722847618778425786e-05,0.000000000000000000e+00
1.192000000000000837e+00,-9.278963269151594407e-06,1.049272196332043849e-04,-9.710069553350755400e-05,0.000000000000000000e+00
1.194000000000000838e+00,-9.070913659224084623e-06,1.040248049637546073e-04,-1.065253469721101154e-04,0.000000000000000000e+00
1.196000000000000840e+00,-8.864740517801673834e-06,1.030865707112056521e-04,-1.155133242655112828e-04,0.000000000000000000e+00
1.198000000000000842e+00,-8.660511439781791099e-06,1.021145390099412864e-04,-1.240753968969870308e-04,0.000000000000000000e+00
1.200000000000000844e+00,-8.458290086169558856e-06,1.011106768061162094e-04,-1.322222075553650209e-04,0.000000000000000000e+00
1.202000000000000846e+00,-8.258136292861666830e-06,1.000768966539460335e-04,-1.399642698026348948e-04,0.000000000000000000e+00
1.204000000000000847e+00,-8.060106177825294678e-06,9.901505751818631283e-05,-1.473119659194669284e-04,0.000000000000000000e+00
1.206000000000000849e+00,-7.864252246661261703e-06,9.792696558201611492e-05,-1.542755449232280102e-04,0.000000000000000000e+00
1.208000000000000851e+00,-7.670623496542125209e-06,9.681437505956809095e-05,-1.608651207531746567e-04,0.000000000000000000e+00
1.210000000000000853e+00,-7.479265518517378919e-06,9.567898901237326061e-05,-1.670906706175957985e-04,0.000000000000000000e+00
1.212000000000000854e+00,-7.290220598179350399e-06,9.452246016901434439e-05,-1.729620334977667638e-04,0.000000000000000000e+00
1.214000000000000856e+00,-7.103527814684737345e-06,9.334639174730649319e-05,-1.784889088036729172e-04,0.000000000000000000e+00
1.216000000000000858e+00,-6.919223138128039660e-06,9.215233827834899835e-05,-1.836808551765488004e-04,0.000000000000000000e+00
1.218000000000000860e+00,-6.737339525264408085e-06,9.094180643181560793e-05,-1.885472894333721896e-04,0.000000000000000000e+00
1.220000000000000862e+00,-6.557907013580659146e-06,8.971625584187460178e-05,-1.930974856485440962e-04,0.000000000000000000e+00
1.222000000000000863e+00,-6.380952813714353084e-06,8.847709993315308846e-05,-1.973405743680764881e-04,0.000000000000000000e+00
1.224000000000000865e+00,-6.206501400221988481e-06,8.722570674618237594e-05,-2.012855419516999290e-04,0.000000000000000000e+00
1.226000000000000867e+00,-6.034574600698421839e-06,8.596339976178342629e-05,-2.049412300383936496e-04,0.000000000000000000e+00
1.228000000000000869e+00,-5.865191683250675784e-06,8.469145872387321046e-05,-2.083163351309316345e-04,0.000000000000000000e+00
1.230000000000000870e+00,-5.698369442330288056e-06,8.341112046019366405e-05,-2.114194082951262408e-04,0.000000000000000000e+00
1.232000000000000872e+00,-5.534122282929316506e-06,8.212357970048578834e-05,-2.142588549695409591e-04,0.000000000000000000e+00
1.234000000000000874e+00,-5.372462303146013197e-06,8.082998989165160735e-05,-2.168429348815318031e-04,0.000000000000000000e+00
1.236000000000000876e+00,-5.213399375127080234e-06,7.953146400946634260e-05,-2.191797620655643085e-04,0.000000000000000000e+00
1.238000000000000878e+00,-5.056941224394234820e-06,7.822907536642254760e-05,-2.212773049798415952e-04,0.000000000000000000e+00
1.240000000000000879e+00,-4.903093507563621615e-06,7.692385841530652443e-05,-2.231433867173624797e-04,0.000000000000000000e+00
1.242000000000000881e+00,-4.751859888467369440e-06,7.561680954812600660e-05,-2.247856853076185112e-04,0.000000000000000000e+00
1.244000000000000883e+00,-4.603242112687317801e-06,7.430888789002569736e-05,-2.262117341052201683e-04,0.000000000000000000e+00
1.246000000000000885e+00,-4.457240080511628216e-06,7.300101608784487044e-05,-2.274289222618287062e-04,0.000000000000000000e+00
1.248000000000000886e+00,-4.313851918325651738e-06,7.169408109298810018e-05,-2.284444952778526489e-04,0.000000000000000000e+00
1.250000000000000888e+00,-4.173074048449057692e-06,7.038893493829701962e-05,-2.292655556304515688e-04,0.000000000000000000e+00
1.252000000000000890e+00,-4.034901257431803751e-06,6.908639550862679421e-05,-2.298990634744700265e-04,0.000000000000000000e+00
1.254000000000000892e+00,-3.899326762822109397e-06,6.778724730484707198e-05,-2.303518374130078105e-04,0.000000000000000000e+00
1.256000000000000894e+00,-3.766342278420104724e-06,6.649224220100226855e-05,-2.306305553344097569e-04,0.000000000000000000e+00
1.258000000000000895e+00,-3.635938078031342815e-06,6.520210019438095310e-05,-2.307417553125401793e-04,0.000000000000000000e+00
1.260000000000000897e+00,-3.508103057734825538e-06,6.391751014825865673e-05,-2.306918365672832108e-04,0.000000000000000000e+00
1.262000000000000899e+00,-3.382824796680640299e-06,6.263913052709254681e-05,-2.304870604822891302e-04,0.000000000000000000e+00
1.264000000000000901e+00,-3.260089616432720282e-06,6.136759012395998981e-05,-2.301335516770623094e-04,0.000000000000000000e+00
1.266000000000000902e+00,-3.139882638872627440e-06,6.010348878004636165e-05,-2.296372991305606912e-04,0.000000000000000000e+00
1.268000000000000904e+00,-3.022187842680626329e-06,5.884739809600050814e-05,-2.290041573535539520e-04,0.000000000000000000e+00
1.270000000000000906e+00,-2.906988118410648946e-06,5.759986213498865241e-05,-2.282398476070573036e-04,0.000000000000000000e+00
1.272000000000000908e+00,-2.794265322176069209e-06,5.636139811728982450e-05,-2.273499591642330728e-04,0.000000000000000000e+00
1.274000000000000909e+00,-2.684000327963493698e-06,5.513249710628765211e-05,-2.263399506132217278e-04,0.000000000000000000e+00
1.276000000000000911e+00,-2.576173078592043804e-06,5.391362468572484382e-05,-2.252151511984352462e-04,0.000000000000000000e+00
1.278000000000000913e+00,-2.470762635335848358e-06,5.270522162809780257e-05,-2.239807621979145451e-04,0.000000000000000000e+00
1.280000000000000915e+00,-2.367747226227689450e-06,5.150770455407947969e-05,-2.226418583344206680e-04,0.000000000000000000e+00
1.282000000000000917e+00,-2.267104293061951222e-06,5.032146658286917797e-05,-2.212033892179973260e-04,0.000000000000000000e+00
1.284000000000000918e+00,-2.168810537115195520e-06,4.914687797337789185e-05,-2.196701808178074932e-04,0.000000000000000000e+00
1.286000000000000920e+00,-2.072841963602860187e-06,4.798428675616767998e-05,-2.180469369611126248e-04,0.000000000000000000e+00
1.288000000000000922e+00,-1.979173924890714331e-06,4.683401935607295021e-05,-2.163382408573264620e-04,0.000000000000000000e+00
1.290000000000000924e+00,-1.887781162479833167e-06,4.569638120544061764e-05,-2.145485566451383014e-04,0.000000000000000000e+00
1.292000000000000925e+00,-1.798637847783963075e-06,4.457165734793500669e-05,-2.126822309607630007e-04,0.000000000000000000e+00
1.294000000000000927e+00,-1.711717621718239606e-06,4.346011303286176439e-05,-2.107434945254349501e-04,0.000000000000000000e+00
1.296000000000000929e+00,-1.626993633118292951e-06,4.236199429997334595e-05,-2.087364637503233281e-04,0.000000000000000000e+00
1.298000000000000931e+00,-1.544438576008840007e-06,4.127752855472649419e-05,-2.066651423571047564e-04,0.000000000000000000e+00
1.300000000000000933e+00,-1.464024725740900451e-06,4.020692513396979849e-05,-2.045334230124863553e-04,0.000000000000000000e+00
1.302000000000000934e+00,-1.385723974016806893e-06,3.915037586204675739e-05,-2.023450889750295076e-04,0.000000000000000000e+00
1.304000000000000936e+00,-1.309507862822193128e-06,3.810805559730688429e-05,-2.001038157526796308e-04,0.000000000000000000e+00
1.306000000000000938e+00,-1.235347617284144924e-06,3.708012276902410403e-05,-1.978131727694612519e-04,0.000000000000000000e+00
1.308000000000000940e+00,-1.163214177474688284e-06,3.606671990472834922e-05,-1.954766250398517276e-04,0.000000000000000000e+00
1.310000000000000941e+00,-1.093078229178763206e-06,3.506797414796251303e-05,-1.930975348493990478e-04,0.000000000000000000e+00
1.312000000000000943e+00,-1.024910233645797489e-06,3.408399776648288486e-05,-1.906791634401992764e-04,0.000000000000000000e+00
1.314000000000000945e+00,-9.586804563439433055e-07,3.311488865092713818e-05,-1.882246726999016343e-04,0.000000000000000000e+00
1.316000000000000947e+00,-8.943589947359846776e-07,3.216073080397930674e-05,-1.857371268529556848e-04,0.000000000000000000e+00
1.318000000000000949e+00,-8.319158050958513901e-07,3.122159482006666705e-05,-1.832194941528652286e-04,0.000000000000000000e+00
1.320000000000000950e+00,-7.713207283845945102e-07,3.029753835562843612e-05,-1.806746485742599163e-04,0.000000000000000000e+00
1.322000000000000952e+00,-7.125435152045923831e-07,2.938860659000106526e-05,-1.781053715036411264e-04,0.000000000000000000e+00
1.324000000000000954e+00,-6.555538498506531692e-07,2.849483267696962049e-05,-1.755143534277047053e-04,0.000000000000000000e+00
1.326000000000000956e+00,-6.003213734765749574e-07,2.761623818703909703e-05,-1.729041956181867797e-04,0.000000000000000000e+00
1.328000000000000957e+00,-5.468157063956073831e-07,2.675283354048376086e-05,-1.702774118122215132e-04,0.000000000000000000e+00
1.330000000000000959e+00,-4.950064695331340642e-07,2.590461843123668278e-05,-1.676364298872427524e-04,0.000000000000000000e+00
1.332000000000000961e+00,-4.448633050497633436e-07,2.507158224168537085e-05,-1.649835935295019163e-04,0.000000000000000000e+00
1.334000000000000963e+00,-3.963558961528771375e-07,2.425370444844311048e-05,-1.623211638953147120e-04,0.000000000000000000e+00
1.336000000000000965e+00,-3.494539861145391328e-07,2.345095501916901273e-05,-1.596513212641889644e-04,0.000000000000000000e+00
1.338000000000000966e+00,-3.041273965135129712e-07,2.266329480051308524e-05,-1.569761666830236349e-04,0.000000000000000000e+00
1.340000000000000968e+00,-2.603460447189816511e-07,2.189067589726566217e-05,-1.542977236006067509e-04,0.000000000000000000e+00
1.342000000000000970e+00,-2.180799606333946333e-07,2.113304204279351124e-05,-1.516179394916765074e-04,0.000000000000000000e+00
1.344000000000000972e+00,-1.772993027116994644e-07,2.039032896084758887e-05,-1.489386874698447666e-04,0.000000000000000000e+00
1.346000000000000973e+00,-1.379743732740393171e-07,1.966246471883007738e-05,-1.462617678887174707e-04,0.000000000000000000e+00
1.348000000000000975e+00,-1.000756331288178768e-07,1.894937007261072353e-05,-1.435889099305803687e-04,0.000000000000000000e+00
1.350000000000000977e+00,-6.357371552284840704e-08,1.825095880298473053e-05,-1.409217731820499751e-04,0.000000000000000000e+00
1.352000000000000979e+00,-2.843943943511513903e-08,1.756713804386663409e-05,-1.382619491961238644e-04,0.000000000000000000e+00
1.354000000000000981e+00,5.356177769517857305e-09,1.689780860231649714e-05,-1.356109630400934019e-04,0.000000000000000000e+00
1.356000000000000982e+00,3.784190831051110103e-08,1.624286527049662173e-05,-1.329702748288138635e-04,0.000000000000000000e+00
1.358000000000000984e+00,6.904630256982843712e-08,1.560219712965866675e-05,-1.303412812428556011e-04,0.000000000000000000e+00
1.360000000000000986e+00,9.899767826235365291e-08,1.497568784626260710e-05,-1.277253170310891533e-04,0.000000000000000000e+00
1.362000000000000988e+00,1.277241101830144001e-07,1.436321596033036768e-05,-1.251236564972840943e-04,0.000000000000000000e+00
1.364000000000000989e+00,1.552534205152910729e-07,1.376465516613833223e-05,-1.225375149703299517e-04,0.000000000000000000e+00
1.366000000000000991e+00,1.816131696859991766e-07,1.317987458535405070e-05,-1.199680502577123398e-04,0.000000000000000000e+00
1.368000000000000993e+00,2.068306477514462826e-07,1.260873903272355609e-05,-1.174163640819041534e-04,0.000000000000000000e+00
1.370000000000000995e+00,2.309328663002795964e-07,1.205110927441665899e-05,-1.148835034993556434e-04,0.000000000000000000e+00
1.372000000000000997e+00,2.539465508585564066e-07,1.150684227913839612e-05,-1.123704623017916798e-04,0.000000000000000000e+00
1.374000000000000998e+00,2.758981337827875953e-07,1.097579146211559349e-05,-1.098781823995477572e-04,0.000000000000000000e+00
1.376000000000001000e+00,2.968137476269237685e-07,1.045780692206808406e-05,-1.074075551866985722e-04,0.000000000000000000e+00
1.378000000000001002e+00,3.167192189694731632e-07,9.952735671274694402e-06,-1.049594228877554083e-04,0.000000000000000000e+00
1.380000000000001004e+00,3.356400626871622214e-07,9.460421858844526123e-06,-1.025345798857291884e-04,0.000000000000000000e+00
1.382000000000001005e+00,3.536014766617710629e-07,8.980706987304418860e-06,-1.001337740313770368e-04,0.000000000000000000e+00
1.384000000000001007e+00,3.706283369069985155e-07,8.513430122613729038e-06,-9.775770793346970507e-05,0.000000000000000000e+00
1.386000000000001009e+00,3.867451931024339957e-07,8.058428097717736295e-06,-9.540704022993661340e-05,0.000000000000000000e+00
1.388000000000001011e+00,4.019762645219361473e-07,7.615535709751071755e-06,-9.308238683976345650e-05,0.000000000000000000e+00
1.390000000000001013e+00,4.163454363439412820e-07,7.184585911002579247e-06,-9.078432219553593399e-05,0.000000000000000000e+00
1.392000000000001014e+00,4.298762563314471749e-07,6.765409993752957012e-06,-8.851338045653942585e-05,0.000000000000000000e+00
1.394000000000001016e+00,4.425919318696398974e-07,6.357837769096369936e-06,-8.627005670234214789e-05,0.000000000000000000e+00
1.396000000000001018e+00,4.545153273493539867e-07,5.961697739857039349e-06,-8.405480810680463627e-05,0.000000000000000000e+00
1.398000000000001020e+00,4.656689618847770562e-07,5.576817267711521834e-06,-8.186805509247433409e-05,0.000000000000000000e+00
1.400000000000001021e+00,4.760750073540311369e-07,5.203022734627043751e-06,-7.971018246533883927e-05,0.000000000000000000e+00
1.402000000000001023e+00,4.857552867514829485e-07,4.840139698725882935e-06,-7.758154052992569767e-05,0.000000000000000000e+00
1.404000000000001025e+00,4.947312728408535694e-07,4.487993044685289279e-06,-7.548244618475059809e-05,0.000000000000000000e+00
1.406000000000001027e+00,5.030240870984175155e-07,4.146407128781946341e-06,-7.341318399812897196e-05,0.000000000000000000e+00
1.408000000000001029e+00,5.106544989357963301e-07,3.815205918689386554e-06,-7.137400726437879376e-05,0.000000000000000000e+00
1.410000000000001030e+00,5.176429251920686294e-07,3.494213128136157705e-06,-6.936513904045475199e-05,0.000000000000000000e+00
1.412000000000001032e+00,5.240094298851323685e-07,3.183252346531859412e-06,-6.738677316306546647e-05,0.000000000000000000e+00
1.414000000000001034e+00,5.297737242124672772e-07,2.882147163667446281e-06,-6.543907524633694735e-05,0.000000000000000000e+00
1.416000000000001036e+00,5.349551667916581235e-07,2.590721289595441363e-06,-6.352218366009618417e-05,0.000000000000000000e+00
1.418000000000001037e+00,5.395727641312478357e-07,2.308798669794877705e-06,-6.163621048885885019e-05,0.000000000000000000e+00
1.420000000000001039e+00,5.436451713226977751e-07,2.036203595724956547e-06,-5.978124247161547438e-05,0.000000000000000000e+00
1.422000000000001041e+00,5.471906929444388117e-07,1.772760810870517280e-06,-5.795734192251924318e-05,0.000000000000000000e+00
1.424000000000001043e+00,5.502272841692018379e-07,1.518295612381488923e-06,-5.616454763258805333e-05,0.000000000000000000e+00
1.426000000000001044e+00,5.527725520660168865e-07,1.272633948407550547e-06,-5.440287575254175868e-05,0.000000000000000000e+00
1.428000000000001046e+00,5.548437570884733131e-07,1.035602511228231107e-06,-5.267232065690371221e-05,0.000000000000000000e+00
1.430000000000001048e+00,5.564578147410286326e-07,8.070288262776658942e-07,-5.097285578950361946e-05,0.000000000000000000e+00
1.432000000000001050e+00,5.576312974153529729e-07,5.867413371621818792e-07,-4.930443449052569201e-05,0.000000000000000000e+00
1.434000000000001052e+00,5.583804363888885967e-07,3.745694867678159246e-07,-4.766699080525361852e-05,0.000000000000000000e+00
1.436000000000001053e+00,5.587211239779961128e-07,1.703437945537678273e-07,-4.606044027466983334e-05,0.000000000000000000e+00
1.438000000000001055e+00,5.586689158382494744e-07,-2.610406987332081877e-08,-4.448468070807339394e-05,0.000000000000000000e+00
1.440000000000001057e+00,5.582390334046284205e-07,-2.149412168105180003e-07,-4.293959293788613091e-05,0.000000000000000000e+00
1.442000000000001059e+00,5.574463664645432606e-07,-3.963334700425920893e-07,-4.142504155682272498e-05,0.000000000000000000e+00
1.444000000000001060e+00,5.563054758568083758e-07,-5.704453038674336144e-07,-3.994087563760519692e-05,0.000000000000000000e+00
1.446000000000001062e+00,5.548305962898630296e-07,-7.374397834726917372e-07,-3.848692943540750678e-05,0.000000000000000000e+00
1.448000000000001064e+00,5.530356392727138417e-07,-8.974785085746176763e-07,-3.706302307322016762e-05,0.000000000000000000e+00
1.450000000000001066e+00,5.509341961522511529e-07,-1.050721560231332767e-06,-3.566896321032943348e-05,0.000000000000000000e+00
1.452000000000001068e+00,5.485395412507632468e-07,-1.197327450743971487e-06,-3.430454369410928785e-05,0.000000000000000000e+00
1.454000000000001069e+00,5.458646350976424351e-07,-1.337453076560400535e-06,-3.296954619532819223e-05,0.000000000000000000e+00
1.456000000000001071e+00,5.429221277494474793e-07,-1.471253674097465205e-06,-3.166374082717607840e-05,0.000000000000000000e+00
1.458000000000001073e+00,5.397243621926495564e-07,-1.598882778398986452e-06,-3.038688674822006950e-05,0.000000000000000000e+00
1.460000000000001075e+00,5.362833778235535146e-07,-1.720492184547997181e-06,-2.913873274950030541e-05,0.000000000000000000e+00
1.462000000000001076e+00,5.326109140000475228e-07,-1.836231911752991666e-06,-2.791901782597987019e-05,0.000000000000000000e+00
1.464000000000001078e+00,5.287184136599890136e-07,-1.946250170029239771e-06,-2.672747173256520122e-05,0.000000000000000000e+00
1.466000000000001080e+00,5.246170270011939563e-07,-2.050693329397508281e-06,-2.556381552491545026e-05,0.000000000000000000e+00
1.468000000000001082e+00,5.203176152181463150e-07,-2.149705891523823619e-06,-2.442776208526111964e-05,0.000000000000000000e+00
1.470000000000001084e+00,5.158307542906959531e-07,-2.243430463725198326e-06,-2.331901663345408964e-05,0.000000000000000000e+00
1.472000000000001085e+00,5.111667388201608433e-07,-2.332007735267541363e-06,-2.223727722347253825e-05,0.000000000000000000e+00
1.474000000000001087e+00,5.063355859083942823e-07,-2.415576455883267362e-06,-2.118223522560540030e-05,0.000000000000000000e+00
1.476000000000001089e+00,5.013470390755194775e-07,-2.494273416437405389e-06,-2.015357579454231678e-05,0.000000000000000000e+00
1.478000000000001091e+00,4.962105722121749023e-07,-2.568233431672311723e-06,-1.915097832359549670e-05,0.000000000000000000e+00
1.480000000000001092e+00,4.909353935622501915e-07,-2.637589324962366838e-06,-1.817411688528107892e-05,0.000000000000000000e+00
1.482000000000001094e+00,4.855304497322275523e-07,-2.702471915011331862e-06,-1.722266065848754760e-05,0.000000000000000000e+00
1.484000000000001096e+00,4.800044297233749604e-07,-2.763010004426321772e-06,-1.629627434245942266e-05,0.000000000000000000e+00
1.486000000000001098e+00,4.743657689831677446e-07,-2.819330370103620610e-06,-1.539461855782445299e-05,0.000000000000000000e+00
1.488000000000001100e+00,4.686226534724420616e-07,-2.871557755362849355e-06,-1.451735023489257093e-05,0.000000000000000000e+00
1.490000000000001101e+00,4.627830237449075344e-07,-2.919814863767252399e-06,-1.366412298945458186e-05,0.000000000000000000e+00
1.492000000000001103e+00,4.568545790357692535e-07,-2.964222354569132362e-06,-1.283458748630848139e-05,0.000000000000000000e+00
1.494000000000001105e+00,4.508447813563278196e-07,-3.004898839720716133e-06,-1.202839179074049650e-05,0.000000000000000000e+00
1.496000000000001107e+00,4.447608595915438943e-07,-3.041960882391974270e-06,-1.124518170818771654e-05,0.000000000000000000e+00
1.498000000000001108e+00,4.386098135976675507e-07,-3.075522996938159732e-06,-1.048460111230812620e-05,0.000000000000000000e+00
1.500000000000001110e+00,4.323984182971454703e-07,-3.105697650261051235e-06,-9.746292261683226046e-06,0.000000000000000000e+00
1.502000000000001112e+00,4.261332277681272468e-07,-3.132595264509107093e-06,-9.029896105377321300e-06,0.000000000000000000e+00
1.504000000000001114e+00,4.198205793260013746e-07,-3.156324221062947090e-06,-8.335052577576533252e-06,0.000000000000000000e+00
1.506000000000001116e+00,4.134665975944938325e-07,-3.176990865753770421e-06,-7.661400881529344082e-06,0.000000000000000000e+00
1.508000000000001117e+00,4.070771985639668346e-07,-3.194699515263511236e-06,-7.008579763009259423e-06,0.000000000000000000e+00
1.510000000000001119e+00,4.006580936346534184e-07,-3.209552464656703461e-06,-6.376227773518644933e-06,0.000000000000000000e+00
1.512000000000001121e+00,3.942147936426630117e-07,-3.221649995995196355e-06,-5.763983523451471786e-06,0.000000000000000000e+00
1.514000000000001123e+00,3.877526128666869837e-07,-3.231090387988010819e-06,-5.171485925430869602e-06,0.000000000000000000e+00
1.516000000000001124e+00,3.812766730134274691e-07,-3.237969926629768704e-06,-4.598374428036047052e-06,0.000000000000000000e+00
1.518000000000001126e+00,3.747919071798629651e-07,-3.242382916782256887e-06,-4.044289240130982113e-06,0.000000000000000000e+00
1.520000000000001128e+00,3.683030637905533490e-07,-3.244421694654797485e-06,-3.508871546005888040e-06,0.000000000000000000e+00
1.522000000000001130e+00,3.618147105082729407e-07,-3.244176641140206050e-06,-2.991763711540187704e-06,0.000000000000000000e+00
1.524000000000001132e+00,3.553312381163445119e-07,-3.241736195964202092e-06,-2.492609481593943368e-06,0.000000000000000000e+00
1.526000000000001133e+00,3.488568643711301010e-07,-3.237186872607216665e-06,-2.011054168832673069e-06,0.000000000000000000e+00
1.528000000000001135e+00,3.423956378232128962e-07,-3.230613273958597148e-06,-1.546744834188255353e-06,0.000000000000000000e+00
1.530000000000001137e+00,3.359514416058843348e-07,-3.222098108664267324e-06,-1.099330459156608195e-06,0.000000000000000000e+00
1.532000000000001139e+00,3.295279971896244719e-07,-3.211722208129925303e-06,-6.684621101305544811e-07,0.000000000000000000e+00
1.534000000000001140e+00,3.231288681013386831e-07,-3.199564544142888063e-06,-2.537930949639892963e-07,0.000000000000000000e+00
1.536000000000001142e+00,3.167574636071852921e-07,-3.185702247076692107e-06,1.450208880387143318e-07,0.000000000000000000e+00
1.538000000000001144e+00,3.104170423578981676e-07,-3.170210624643557578e-06,5.283216085166080598e-07,0.000000000000000000e+00
1.540000000000001146e+00,3.041107159955765736e-07,-3.153163181160789615e-06,8.964481696401927283e-07,0.000000000000000000e+00
1.542000000000001148e+00,2.978414527209802554e-07,-3.134631637298165246e-06,1.249736880706902388e-06,0.000000000000000000e+00
1.544000000000001149e+00,2.916120808204316955e-07,-3.114685950274286711e-06,1.588521136559757201e-06,0.000000000000000000e+00
1.546000000000001151e+00,2.854252921514900463e-07,-3.093394334470827803e-06,1.913131303647418722e-06,0.000000000000000000e+00
1.548000000000001153e+00,2.792836455866210162e-07,-3.070823282434507850e-06,2.223894612546381506e-06,0.000000000000000000e+00
1.550000000000001155e+00,2.731895704141459616e-07,-3.047037586237534274e-06,2.521135056768596420e-06,0.000000000000000000e+00
1.552000000000001156e+00,2.671453696958096565e-07,-3.022100359168140667e-06,2.805173297680351965e-06,0.000000000000000000e+00
1.554000000000001158e+00,2.611532235803622238e-07,-2.996073057723720182e-06,3.076326575360784402e-06,0.000000000000000000e+00
1.556000000000001160e+00,2.552151925726023797e-07,-2.969015503879912105e-06,3.334908625231104771e-06,0.000000000000000000e+00
1.558000000000001162e+00,2.493332207573827194e-07,-2.940985907609838842e-06,3.581229600288094036e-06,0.000000000000000000e+00
1.560000000000001164e+00,2.435091389781256801e-07,-2.912040889628522393e-06,3.815595998778124735e-06,0.000000000000000000e+00
1.562000000000001165e+00,2.377446679694490593e-07,-2.882235504338314438e-06,4.038310597150589914e-06,0.000000000000000000e+00
1.564000000000001167e+00,2.320414214435450953e-07,-2.851623262951983124e-06,4.249672388132256091e-06,0.000000000000000000e+00
1.566000000000001169e+00,2.264009091300033622e-07,-2.820256156770866165e-06,4.449976523766659077e-06,0.000000000000000000e+00
1.568000000000001171e+00,2.208245397688107936e-07,-2.788184680596282561e-06,4.639514263265395722e-06,0.000000000000000000e+00
1.570000000000001172e+00,2.153136240563045076e-07,-2.755457856253138480e-06,4.818572925520746384e-06,0.000000000000000000e+00
1.572000000000001174e+00,2.098693775438937016e-07,-2.722123256205403615e-06,4.987435846131732791e-06,0.000000000000000000e+00
1.574000000000001176e+00,2.044929234894059908e-07,-2.688227027243855538e-06,5.146382338798365466e-06,0.000000000000000000e+00
1.576000000000001178e+00,1.991852956609515924e-07,-2.653813914227203223e-06,5.295687660941497969e-06,0.000000000000000000e+00
1.578000000000001180e+00,1.939474410932348169e-07,-2.618927283858388275e-06,5.435622983408320847e-06,0.000000000000000000e+00
1.580000000000001181e+00,1.887802227962777123e-07,-2.583609148478546369e-06,5.566455364126153972e-06,0.000000000000000000e+00
1.582000000000001183e+00,1.836844224165541683e-07,-2.547900189861773374e-06,5.688447725569853954e-06,0.000000000000000000e+00
1.584000000000001185e+00,1.786607428505651851e-07,-2.511839782994495800e-06,5.801858835910752009e-06,0.000000000000000000e+00
1.586000000000001187e+00,1.737098108109174318e-07,-2.475466019823877961e-06,5.906943293717629566e-06,0.000000000000000000e+00
1.588000000000001188e+00,1.688321793449967842e-07,-2.438815732960320798e-06,6.003951516082824065e-06,0.000000000000000000e+00
1.590000000000001190e+00,1.640283303063573355e-07,-2.401924519319721412e-06,6.093129730049184881e-06,0.000000000000000000e+00
1.592000000000001192e+00,1.592986767789738419e-07,-2.364826763691748506e-06,6.174719967216081120e-06,0.000000000000000000e+00
1.594000000000001194e+00,1.546435654545318839e-07,-2.327555662220981425e-06,6.248960061405300689e-06,0.000000000000000000e+00
1.596000000000001195e+00,1.500632789629552437e-07,-2.290143245788315734e-06,6.316083649270105946e-06,0.000000000000000000e+00
1.598000000000001197e+00,1.455580381563940369e-07,-2.252620403280604482e-06,6.376320173733313331e-06,0.000000000000000000e+00
1.600000000000001199e+00,1.411280043469199521e-07,-2.215016904737037127e-06,6.429894890142700425e-06,0.000000000000000000e+00
1.602000000000001201e+00,1.367732814981973736e-07,-2.177361424361289980e-06,6.477028875034530799e-06,0.000000000000000000e+00
1.604000000000001203e+00,1.324939183714193834e-07,-2.139681563388997087e-06,6.517939037398426443e-06,0.000000000000000000e+00
1.606000000000001204e+00,1.282899106258182067e-07,-2.102003872800591420e-06,6.552838132339275671e-06,0.000000000000000000e+00
1.608000000000001206e+00,1.241612028740780880e-07,-2.064353875870055469e-06,6.581934777034197136e-06,0.000000000000000000e+00
1.610000000000001208e+00,1.201076906929968754e-07,-2.026756090540600967e-06,6.605433468885057278e-06,0.000000000000000000e+00
1.612000000000001210e+00,1.161292225897593604e-07,-1.989234051618757895e-06,6.623534605769313698e-06,0.000000000000000000e+00
1.614000000000001211e+00,1.122256019242017487e-07,-1.951810332778808141e-06,6.636434508294325238e-06,0.000000000000000000e+00
1.616000000000001213e+00,1.083965887874618634e-07,-1.914506568369939258e-06,6.644325443962564992e-06,0.000000000000000000e+00
1.618000000000001215e+00,1.046419018374240233e-07,-1.877343475018923199e-06,6.647395653157462883e-06,0.000000000000000000e+00
1.620000000000001217e+00,1.009612200913809490e-07,-1.840340873021539324e-06,6.645829376861838884e-06,0.000000000000000000e+00
1.622000000000001219e+00,9.735418467634820348e-08,-1.803517707516370911e-06,6.639806886023110589e-06,0.000000000000000000e+00
1.624000000000001220e+00,9.382040053747821614e-08,-1.766892069434994937e-06,6.629504512481701782e-06,0.000000000000000000e+00
1.626000000000001222e+00,9.035943810503228001e-08,-1.730481216222969180e-06,6.615094681381170825e-06,0.000000000000000000e+00
1.628000000000001224e+00,8.697083492037948733e-08,-1.694301592326393217e-06,6.596745944980786746e-06,0.000000000000000000e+00
1.630000000000001226e+00,8.365409722150112443e-08,-1.658368849439181766e-06,6.574623017793364594e-06,0.000000000000000000e+00
1.632000000000001227e+00,8.040870148848804607e-08,-1.622697866506536323e-06,6.548886812973246901e-06,0.000000000000000000e+00
1.634000000000001229e+00,7.723409594952715237e-08,-1.587302769480444094e-06,6.519694479881380562e-06,0.000000000000000000e+00
1.636000000000001231e+00,7.412970204788042368e-08,-1.552196950823364190e-06,6.487199442756479834e-06,0.000000000000000000e+00
1.638000000000001233e+00,7.109491587036727398e-08,-1.517393088756574053e-06,6.451551440423210925e-06,0.000000000000000000e+00
1.640000000000001235e+00,6.812910953786733678e-08,-1.482903166249968814e-06,6.412896566970363143e-06,0.000000000000000000e+00
1.642000000000001236e+00,6.523163255836654070e-08,-1.448738489750396188e-06,6.371377313333846040e-06,0.000000000000000000e+00
1.644000000000001238e+00,6.240181314307473244e-08,-1.414909707645906196e-06,6.327132609721271397e-06,0.000000000000000000e+00
1.646000000000001240e+00,5.963895948614757772e-08,-1.381426828463574710e-06,6.280297868816791466e-06,0.000000000000000000e+00
1.648000000000001242e+00,5.694236100854991802e-08,-1.348299238798829426e-06,6.231005029706641963e-06,0.000000000000000000e+00
1.650000000000001243e+00,5.431128956660097679e-08,-1.315535720974470667e-06,6.179382602467687406e-06,0.000000000000000000e+00
1.652000000000001245e+00,5.174500062574530966e-08,-1.283144470427833803e-06,6.125555713363045971e-06,0.000000000000000000e+00
1.654000000000001247e+00,4.924273440009574218e-08,-1.251133112824783317e-06,6.069646150590607482e-06,0.000000000000000000e+00
1.656000000000001249e+00,4.680371695829680851e-08,-1.219508720899465354e-06,6.011772410531977619e-06,0.000000000000000000e+00
1.658000000000001251e+00,4.442716129625885881e-08,-1.188277831018974667e-06,5.952049744451088205e-06,0.000000000000000000e+00
1.660000000000001252e+00,4.211226837731424052e-08,-1.157446459472309592e-06,5.890590205593338027e-06,0.000000000000000000e+00
1.662000000000001254e+00,3.985822814034783894e-08,-1.127020118483200633e-06,5.827502696637777841e-06,0.000000000000000000e+00
1.664000000000001256e+00,3.766422047645463286e-08,-1.097003831946604281e-06,5.762893017456463403e-06,0.000000000000000000e+00
1.666000000000001258e+00,3.552941617467694125e-08,-1.067402150888844935e-06,5.696863913136604709e-06,0.000000000000000000e+00
1.668000000000001259e+00,3.345297783737377838e-08,-1.038219168651581936e-06,5.629515122222753215e-06,0.000000000000000000e+00
1.670000000000001261e+00,3.143406076577386852e-08,-1.009458535799954294e-06,5.560943425137724871e-06,0.000000000000000000e+00
1.672000000000001263e+00,2.947181381626300050e-08,-9.811234747554333641e-07,5.491242692742427244e-06,0.000000000000000000e+00
1.674000000000001265e+00,2.756538022795484451e-08,-9.532167941540784418e-07,5.420503934996239603e-06,0.000000000000000000e+00
1.676000000000001267e+00,2.571389842209274532e-08,-9.257409029310492117e-07,5.348815349680973856e-06,0.000000000000000000e+00
1.678000000000001268e+00,2.391650277382797434e-08,-8.986978241323859707e-07,5.276262371152849395e-06,0.000000000000000000e+00
1.680000000000001270e+00,2.217232435691755755e-08,-8.720892084552089606e-07,5.202927719088266816e-06,0.000000000000000000e+00
1.682000000000001272e+00,2.048049166188229148e-08,-8.459163475176337229e-07,5.128891447190486836e-06,0.000000000000000000e+00
1.684000000000001274e+00,1.884013128816263097e-08,-8.201801868598297251e-07,5.054230991825626847e-06,0.000000000000000000e+00
1.686000000000001275e+00,1.725036861080707565e-08,-7.948813386777772002e-07,4.979021220557651338e-06,0.000000000000000000e+00
1.688000000000001277e+00,1.571032842222427364e-08,-7.700200942914010185e-07,4.903334480553266522e-06,0.000000000000000000e+00
1.690000000000001279e+00,1.421913554952652761e-08,-7.455964363488728548e-07,4.827240646828861106e-06,0.000000000000000000e+00
1.692000000000001281e+00,1.277591544798855490e-08,-7.216100507689859919e-07,4.750807170312804046e-06,0.000000000000000000e+00
1.694000000000001283e+00,1.137979477114133678e-08,-6.980603384236091713e-07,4.674099125697566322e-06,0.000000000000000000e+00
1.696000000000001284e+00,1.002990191801668491e-08,-6.749464265623262720e-07,4.597179259057275568e-06,0.000000000000000000e+00
1.698000000000001286e+00,8.725367558053760566e-09,-6.522671799814621988e-07,4.520108035207396613e-06,0.000000000000000000e+00
1.700000000000001288e+00,7.465325134174193176e-09,-6.300212119397835563e-07,4.442943684784332943e-06,0.000000000000000000e+00
1.702000000000001290e+00,6.248911344527698252e-09,-6.082068948232473892e-07,4.365742251023763121e-06,0.000000000000000000e+00
1.704000000000001291e+00,5.075266603405200395e-09,-5.868223705612487731e-07,4.288557636217573928e-06,0.000000000000000000e+00
1.706000000000001293e+00,3.943535481811413808e-09,-5.658655607968933199e-07,4.211441647830233759e-06,0.000000000000000000e+00
1.708000000000001295e+00,2.852867128183634757e-09,-5.453341768138894823e-07,4.134444044256424681e-06,0.000000000000000000e+00
1.710000000000001297e+00,1.802415669738192178e-09,-5.252257292227212955e-07,4.057612580202714695e-06,0.000000000000000000e+00
1.712000000000001299e+00,7.913405949205480020e-10,-5.055375374088221178e-07,3.980993051676933456e-06,0.000000000000000000e+00
1.714000000000001300e+00,-1.811928825705076766e-10,-4.862667387455278525e-07,3.904629340569863418e-06,0.000000000000000000e+00
1.716000000000001302e+00,-1.116013477719784771e-09,-4.674102975746385797e-07,3.828563458814691823e-06,0.000000000000000000e+00
1.718000000000001304e+00,-2.013943505634722129e-09,-4.489650139574686178e-07,3.752835592110526607e-06,0.000000000000000000e+00
1.720000000000001306e+00,-2.875798570033336593e-09,-4.309275321993072782e-07,3.677484143197125021e-06,0.000000000000000000e+00
1.722000000000001307e+00,-3.702387268333847843e-09,-4.132943491502555619e-07,3.602545774668752468e-06,0.000000000000000000e+00
1.724000000000001309e+00,-4.494510912904728414e-09,-3.960618222854401036e-07,3.528055451315899261e-06,0.000000000000000000e+00
1.726000000000001311e+00,-5.252963268040009924e-09,-3.792261775676406026e-07,3.454046481984325800e-06,0.000000000000000000e+00
1.728000000000001313e+00,-5.978530302230802843e-09,-3.627835170953964201e-07,3.380550560941635615e-06,0.000000000000000000e+00
1.730000000000001315e+00,-6.671989955310175504e-09,-3.467298265396863932e-07,3.307597808742304934e-06,0.000000000000000000e+00
1.732000000000001316e+00,-7.334111920054774546e-09,-3.310609823722994782e-07,3.235216812582777684e-06,0.000000000000000000e+00
1.734000000000001318e+00,-7.965657437832844021e-09,-3.157727588890347968e-07,3.163434666138906028e-06,0.000000000000000000e+00
1.736000000000001320e+00,-8.567379107894620000e-09,-3.008608350308880824e-07,3.092277008878674338e-06,0.000000000000000000e+00
1.738000000000001322e+00,-9.140020709907412950e-09,-2.863208010063967195e-07,3.021768064843766580e-06,0.000000000000000000e+00
1.740000000000001323e+00,-9.684317039344069308e-09,-2.721481647183282717e-07,2.951930680894151665e-06,0.000000000000000000e+00
1.742000000000001325e+00,-1.020099375533988296e-08,-2.583383579979064474e-07,2.882786364410442348e-06,0.000000000000000000e+00
1.744000000000001327e+00,-1.069076724063943791e-08,-2.448867426497771370e-07,2.814355320449372393e-06,0.000000000000000000e+00
1.746000000000001329e+00,-1.115434447326127995e-08,-2.317886163109209615e-07,2.746656488348270326e-06,0.000000000000000000e+00
1.748000000000001330e+00,-1.159242290951472240e-08,-2.190392181267215058e-07,2.679707577774949812e-06,0.000000000000000000e+00
1.750000000000001332e+00,-1.200569037800951990e-08,-2.066337342473990908e-07,2.613525104219954186e-06,0.000000000000000000e+00
1.752000000000001334e+00,-1.239482498430555477e-08,-1.945673031480172457e-07,2.548124423928582295e-06,0.000000000000000000e+00
1.754000000000001336e+00,-1.276049502585608644e-08,-1.828350207752655683e-07,2.483519768270611514e-06,0.000000000000000000e+00
1.756000000000001338e+00,-1.310335891690451962e-08,-1.714319455242164175e-07,2.419724277546092909e-06,0.000000000000000000e+00
1.758000000000001339e+00,-1.342406512300100849e-08,-1.603531030482445976e-07,2.356750034226037354e-06,0.000000000000000000e+00
1.760000000000001341e+00,-1.372325210481158802e-08,-1.495934909052896356e-07,2.294608095627244258e-06,0.000000000000000000e+00
1.762000000000001343e+00,-1.400154827089884490e-08,-1.391480830436284235e-07,2.233308526020934927e-06,0.000000000000000000e+00
1.764000000000001345e+00,-1.425957193915947052e-08,-1.290118341303126812e-07,2.172860428175259171e-06,0.000000000000000000e+00
1.766000000000001346e+00,-1.449793130661029124e-08,-1.191796837254107031e-07,2.113271974332108844e-06,0.000000000000000000e+00
1.768000000000001348e+00,-1.471722442722064363e-08,-1.096465603051762113e-07,2.054550436619061207e-06,0.000000000000000000e+00
1.770000000000001350e+00,-1.491803919749514249e-08,-1.004073851372493284e-07,1.996702216897606185e-06,0.000000000000000000e+00
1.772000000000001352e+00,-1.510095334951709349e-08,-9.145707601097497352e-08,1.939732876049167373e-06,0.000000000000000000e+00
1.774000000000001354e+00,-1.526653445116890049e-08,-8.279055082590341804e-08,1.883647162700739383e-06,0.000000000000000000e+00
1.776000000000001355e+00,-1.541533991325192994e-08,-7.440273104151546525e-08,1.828449041392277958e-06,0.000000000000000000e+00
1.778000000000001357e+00,-1.554791700323431392e-08,-6.628854499119168725e-08,1.774141720188278506e-06,0.000000000000000000e+00
1.780000000000001359e+00,-1.566480286536115343e-08,-5.844293106342045087e-08,1.720727677736255882e-06,0.000000000000000000e+00
1.782000000000001361e+00,-1.576652454686758082e-08,-5.086084075321415848e-08,1.668208689775119892e-06,0.000000000000000000e+00
1.784000000000001362e+00,-1.585359903004093216e-08,-4.353724158667638244e-08,1.616585855096685579e-06,0.000000000000000000e+00
1.786000000000001364e+00,-1.592653326988420288e-08,-3.646711992163524152e-08,1.565859620963818215e-06,0.000000000000000000e+00
1.788000000000001366e+00,-1.598582423713866106e-08,-2.964548362722972075e-08,1.516029807988930651e-06,0.000000000000000000e+00
1.790000000000001368e+00,-1.603195896642927294e-08,-2.306736464530648981e-08,1.467095634476793727e-06,0.000000000000000000e+00
1.792000000000001370e+00,-1.606541460930218042e-08,-1.672782143645452651e-08,1.419055740235810645e-06,0.000000000000000000e+00
1.794000000000001371e+00,-1.608665849192912834e-08,-1.062194131347408585e-08,1.371908209862123020e-06,0.000000000000000000e+00
1.796000000000001373e+00,-1.609614817725921836e-08,-4.744842665044875900e-09,1.325650595501096330e-06,0.000000000000000000e+00
1.798000000000001375e+00,-1.609433153140387210e-08,9.083229276738660080e-10,1.280279939090918840e-06,0.000000000000000000e+00
1.800000000000001377e+00,-1.608164679404624967e-08,6.342368678811617120e-09,1.235792794093207083e-06,0.000000000000000000e+00
1.802000000000001378e+00,-1.605852265267173641e-08,1.156207068725672244e-08,1.192185246715685080e-06,0.000000000000000000e+00
1.804000000000001380e+00,-1.602537832042134502e-08,1.657216612519602016e-08,1.149452936632139546e-06,0.000000000000000000e+00
1.806000000000001382e+00,-1.598262361737509159e-08,2.137735152312589998e-08,1.107591077205000101e-06,0.000000000000000000e+00
1.808000000000001384e+00,-1.593065905507754912e-08,2.598228114877161374e-08,1.066594475216030940e-06,0.000000000000000000e+00
1.810000000000001386e+00,-1.586987592412277470e-08,3.039156547738691748e-08,1.026457550110726477e-06,0.000000000000000000e+00
1.812000000000001387e+00,-1.580065638462089261e-08,3.460976975094167112e-08,9.871743527621381989e-07,0.000000000000000000e+00
1.814000000000001389e+00,-1.572337355937340923e-08,3.864141262374106715e-08,9.487385837599440957e-07,0.000000000000000000e+00
1.816000000000001391e+00,-1.563839162958929597e-08,4.249096489205615793e-08,9.111436112306943609e-07,0.000000000000000000e+00
1.818000000000001393e+00,-1.554606593297853152e-08,4.616284830538203820e-08,8.743824881952262159e-07,0.000000000000000000e+00
1.820000000000001394e+00,-1.544674306406457935e-08,4.966143445697651489e-08,8.384479694693542288e-07,0.000000000000000000e+00
1.822000000000001396e+00,-1.534076097656184208e-08,5.299104375136899158e-08,8.033325281139954339e-07,0.000000000000000000e+00
1.824000000000001398e+00,-1.522844908766871072e-08,5.615594444656632336e-08,7.690283714409662705e-07,0.000000000000000000e+00
1.826000000000001400e+00,-1.511012838413127337e-08,5.916035176871940876e-08,7.355274565807465995e-07,0.000000000000000000e+00
1.828000000000001402e+00,-1.498611152993716866e-08,6.200842709705156163e-08,7.028215056185609996e-07,0.000000000000000000e+00
1.830000000000001403e+00,-1.485670297550339514e-08,6.470427721688689610e-08,6.709020203051764692e-07,0.000000000000000000e+00
1.832000000000001405e+00,-1.472219906822608686e-08,6.725195363865417390e-08,6.397602963488536637e-07,0.000000000000000000e+00
1.834000000000001407e+00,-1.458288816426452836e-08,6.965545198077901837e-08,6.093874372949302015e-07,0.000000000000000000e+00
1.836000000000001409e+00,-1.443905074143569942e-08,7.191871141441441061e-08,5.797743679995407218e-07,0.000000000000000000e+00
1.838000000000001410e+00,-1.429095951309970604e-08,7.404561416799682502e-08,5.509118477040017769e-07,0.000000000000000000e+00
1.840000000000001412e+00,-1.413887954292040158e-08,7.603998508965230622e-08,5.227904827164137828e-07,0.000000000000000000e+00
1.842000000000001414e+00,-1.398306836038937327e-08,7.790559126551392045e-08,4.954007387070383918e-07,0.000000000000000000e+00
1.844000000000001416e+00,-1.382377607700527564e-08,7.964614169204899218e-08,4.687329526240301930e-07,0.000000000000000000e+00
1.846000000000001418e+00,-1.366124550300421365e-08,8.126528700053125073e-08,4.427773442360870335e-07,0.000000000000000000e+00
1.848000000000001419e+00,-1.349571226454055367e-08,8.276661923182959262e-08,4.175240273086076059e-07,0.000000000000000000e+00
1.850000000000001421e+00,-1.332740492122110936e-08,8.415367165972187930e-08,3.929630204199136085e-07,0.000000000000000000e+00
1.852000000000001423e+00,-1.315654508389915325e-08,8.542991866097810886e-08,3.690842574241073360e-07,0.000000000000000000e+00
1.854000000000001425e+00,-1.298334753263816580e-08,8.659877563049372346e-08,3.458775975671033705e-07,0.000000000000000000e+00
1.856000000000001426e+00,-1.280802033475858706e-08,8.766359893978936232e-08,3.233328352623719870e-07,0.000000000000000000e+00
1.858000000000001428e+00,-1.263076496288412826e-08,8.862768593722914486e-08,3.014397095328970488e-07,0.000000000000000000e+00
1.860000000000001430e+00,-1.245177641290743824e-08,8.949427498834490491e-08,2.801879131258357137e-07,0.000000000000000000e+00
1.862000000000001432e+00,-1.227124332179806133e-08,9.026654555468868483e-08,2.595671013063355070e-07,0.000000000000000000e+00
1.864000000000001434e+00,-1.208934808517872010e-08,9.094761830967088347e-08,2.395669003369305406e-07,0.000000000000000000e+00
1.866000000000001435e+00,-1.190626697459896913e-08,9.154055528987566445e-08,2.201769156489121886e-07,0.000000000000000000e+00
1.868000000000001437e+00,-1.172217025443821063e-08,9.204836008037962866e-08,2.013867397120198740e-07,0.000000000000000000e+00
1.870000000000001439e+00,-1.153722229837294308e-08,9.247397803263349048e-08,1.831859596087675491e-07,0.000000000000000000e+00
1.872000000000001441e+00,-1.135158170534594291e-08,9.282029651350002126e-08,1.655641643196752888e-07,0.000000000000000000e+00
1.874000000000001442e+00,-1.116540141497779240e-08,9.309014518407488896e-08,1.485109517256242803e-07,0.000000000000000000e+00
1.876000000000001444e+00,-1.097882882236389353e-08,9.328629630694965965e-08,1.320159353335142052e-07,0.000000000000000000e+00
1.878000000000001446e+00,-1.079200589220267644e-08,9.341146508060881137e-08,1.160687507313435710e-07,0.000000000000000000e+00
1.880000000000001448e+00,-1.060506927220330715e-08,9.346830999968475796e-08,1.006590617787865344e-07,0.000000000000000000e+00
1.882000000000001450e+00,-1.041815040572365409e-08,9.345943323982659161e-08,8.577656653927962117e-08,0.000000000000000000e+00
1.884000000000001451e+00,-1.023137564359171490e-08,9.338738106596959284e-08,7.141100295958050192e-08,0.000000000000000000e+00
1.886000000000001453e+00,-1.004486635506606719e-08,9.325464426282357938e-08,5.755215430269671401e-08,0.000000000000000000e+00
1.888000000000001455e+00,-9.858739037893210354e-09,9.306365858642871149e-08,4.418985434002716282e-08,0.000000000000000000e+00
1.890000000000001457e+00,-9.673105427421894771e-09,9.281680523565761283e-08,3.131399230849073193e-08,0.000000000000000000e+00
1.892000000000001458e+00,-9.488072604736750821e-09,9.251641134257232573e-08,1.891451763836148629e-08,0.000000000000000000e+00
1.894000000000001460e+00,-9.303743103775602343e-09,9.216475048057421253e-08,6.981444457454460698e-09,0.000000000000000000e+00
1.896000000000001462e+00,-9.120215017396975431e-09,9.176404318931356852e-08,-4.495144122750513675e-09,0.000000000000000000e+00
1.898000000000001464e+00,-8.937582102366267097e-09,9.131645751535448436e-08,-1.552509193353456004e-08,0.000000000000000000e+00
1.900000000000001465e+00,-8.755933883231030227e-09,9.082410956761856742e-08,-2.611816588246612116e-08,0.000000000000000000e+00
1.902000000000001467e+00,-8.575355755057712246e-09,9.028906408665872580e-08,-3.628405228865277373e-08,0.000000000000000000e+00
1.904000000000001469e+00,-8.395929085004029545e-09,8.971333502684165515e-08,-4.603235341441087760e-08,0.000000000000000000e+00
1.906000000000001471e+00,-8.217731312702941441e-09,8.909888615054433637e-08,-5.537258418811934918e-08,0.000000000000000000e+00
1.908000000000001473e+00,-8.040836049435949366e-09,8.844763163349637515e-08,-6.431416911309499902e-08,0.000000000000000000e+00
1.910000000000001474e+00,-7.865313176075097999e-09,8.776143668042598121e-08,-7.286643935740003623e-08,0.000000000000000000e+00
1.912000000000001476e+00,-7.691228939774712764e-09,8.704211815019292822e-08,-8.103863001956645754e-08,0.000000000000000000e+00
1.914000000000001478e+00,-7.518646049395479727e-09,8.629144518961690259e-08,-8.883987756529678962e-08,0.000000000000000000e+00
1.916000000000001480e+00,-7.347623769645010838e-09,8.551113987523445115e-08,-9.627921743027476862e-08,0.000000000000000000e+00
1.918000000000001481e+00,-7.178218013920527233e-09,8.470287786224181228e-08,-1.033655817842922799e-07,0.000000000000000000e+00
1.920000000000001483e+00,-7.010481435840717685e-09,8.386828903990493624e-08,-1.101077974519821016e-07,0.000000000000000000e+00
1.922000000000001485e+00,-6.844463519455235521e-09,8.300895819274125415e-08,-1.165145839855112180e-07,0.000000000000000000e+00
1.924000000000001487e+00,-6.680210668121634046e-09,8.212642566680071771e-08,-1.225945518846750181e-07,0.000000000000000000e+00
1.926000000000001489e+00,-6.517766292040841658e-09,8.122218804039626322e-08,-1.283562009599027863e-07,0.000000000000000000e+00
1.928000000000001490e+00,-6.357170894443530203e-09,8.029769879865573097e-08,-1.338079188337634580e-07,0.000000000000000000e+00
1.930000000000001492e+00,-6.198462156420951847e-09,7.935436901128928049e-08,-1.389579795766381094e-07,0.000000000000000000e+00
1.932000000000001494e+00,-6.041675020394977823e-09,7.839356801298717402e-08,-1.438145424722991398e-07,0.000000000000000000e+00
1.934000000000001496e+00,-5.886841772223209752e-09,7.741662408588401587e-08,-1.483856509092153469e-07,0.000000000000000000e+00
1.936000000000001497e+00,-5.733992121936118691e-09,7.642482514354562626e-08,-1.526792313934755281e-07,0.000000000000000000e+00
1.938000000000001499e+00,-5.583153283104209312e-09,7.541941941595488456e-08,-1.567030926793023315e-07,0.000000000000000000e+00
1.940000000000001501e+00,-5.434350050834224853e-09,7.440161613499239863e-08,-1.604649250132011876e-07,0.000000000000000000e+00
1.942000000000001503e+00,-5.287604878394370513e-09,7.337258621992696798e-08,-1.639722994878661293e-07,0.000000000000000000e+00
1.944000000000001505e+00,-5.142937952469470991e-09,7.233346296244958877e-08,-1.672326675020390574e-07,0.000000000000000000e+00
1.946000000000001506e+00,-5.000367267047864575e-09,7.128534271080309241e-08,-1.702533603225955601e-07,0.000000000000000000e+00
1.948000000000001508e+00,-4.859908695942709723e-09,7.022928555257733658e-08,-1.730415887452019148e-07,0.000000000000000000e+00
1.950000000000001510e+00,-4.721576063951194842e-09,6.916631599575761586e-08,-1.756044428499653528e-07,0.000000000000000000e+00
1.952000000000001512e+00,-4.585381216655933566e-09,6.809742364763072754e-08,-1.779488918485711351e-07,0.000000000000000000e+00
1.954000000000001513e+00,-4.451334088873592998e-09,6.702356389117035992e-08,-1.800817840194754263e-07,0.000000000000000000e+00
1.956000000000001515e+00,-4.319442771756514577e-09,6.594565855853927321e-08,-1.820098467277929930e-07,0.000000000000000000e+00
1.958000000000001517e+00,-4.189713578553790322e-09,6.486459660136212752e-08,-1.837396865265938208e-07,0.000000000000000000e+00
1.960000000000001519e+00,-4.062151109038914005e-09,6.378123475743820500e-08,-1.852777893363925196e-07,0.000000000000000000e+00
1.962000000000001521e+00,-3.936758312611757105e-09,6.269639821357849295e-08,-1.866305206996873884e-07,0.000000000000000000e+00
1.964000000000001522e+00,-3.813536550083224070e-09,6.161088126426643130e-08,-1.878041261074735115e-07,0.000000000000000000e+00
1.966000000000001524e+00,-3.692485654151511748e-09,6.052544796585613320e-08,-1.888047313947281059e-07,0.000000000000000000e+00
1.968000000000001526e+00,-3.573603988579440067e-09,5.944083278603588332e-08,-1.896383432019318810e-07,0.000000000000000000e+00
1.970000000000001528e+00,-3.456888506082843012e-09,5.835774124829856881e-08,-1.903108494997611095e-07,0.000000000000000000e+00
1.972000000000001529e+00,-3.342334804940494878e-09,5.727685057117399906e-08,-1.908280201741523956e-07,0.000000000000000000e+00
1.974000000000001531e+00,-3.229937184336512523e-09,5.619881030199116593e-08,-1.911955076690083520e-07,0.000000000000000000e+00
1.976000000000001533e+00,-3.119688698446610238e-09,5.512424294495107648e-08,-1.914188476838797928e-07,0.000000000000000000e+00
1.978000000000001535e+00,-3.011581209280003661e-09,5.405374458330324367e-08,-1.915034599240256366e-07,0.000000000000000000e+00
1.980000000000001537e+00,-2.905605438289141732e-09,5.298788549543090507e-08,-1.914546489003159086e-07,0.000000000000000000e+00
1.982000000000001538e+00,-2.801751016759818317e-09,5.192721076466162007e-08,-1.912776047765074952e-07,0.000000000000000000e+00
1.984000000000001540e+00,-2.700006534994555536e-09,5.087224088263139706e-08,-1.909774042614867336e-07,0.000000000000000000e+00
1.986000000000001542e+00,-2.600359590302472588e-09,4.982347234604138131e-08,-1.905590115441332435e-07,0.000000000000000000e+00
1.988000000000001544e+00,-2.502796833809158681e-09,4.878137824665694707e-08,-1.900272792685228821e-07,0.000000000000000000e+00
1.990000000000001545e+00,-2.407304016100339999e-09,4.774640885440940039e-08,-1.893869495472480032e-07,0.000000000000000000e+00
1.992000000000001547e+00,-2.313866031713398645e-09,4.671899219347057752e-08,-1.886426550106927286e-07,0.000000000000000000e+00
1.994000000000001549e+00,-2.222466962491037645e-09,4.569953461118041748e-08,-1.877989198901603415e-07,0.000000000000000000e+00
1.996000000000001551e+00,-2.133090119811603246e-09,4.468842133971709680e-08,-1.868601611328085147e-07,0.000000000000000000e+00
1.998000000000001553e+00,-2.045718085710786264e-09,4.368601705040851261e-08,-1.858306895464052064e-07,0.000000000000000000e+00
2.000000000000001332e+00,-1.960332752909600815e-09,4.269266640059279409e-08,-1.847147109719742809e-07,0.000000000000000000e+00
2.002000000000001112e+00,-1.876915363763712502e-09,4.170869457294415140e-08,-1.835163274824562111e-07,0.000000000000000000e+00
2.004000000000000892e+00,-1.795446548149334934e-09,4.073440780718877553e-08,-1.822395386055634029e-07,0.000000000000000000e+00
2.006000000000000671e+00,-1.715906360301047876e-09,3.977009392414351603e-08,-1.808882425690642916e-07,0.000000000000000000e+00
2.008000000000000451e+00,-1.638274314617011923e-09,3.881602284201795835e-08,-1.794662375667827130e-07,0.000000000000000000e+00
2.010000000000000231e+00,-1.562529420447155932e-09,3.787244708492796042e-08,-1.779772230436512021e-07,0.000000000000000000e+00
2.012000000000000011e+00,-1.488650215880003591e-09,3.693960228357616600e-08,-1.764248009982090408e-07,0.000000000000000000e+00
2.013999999999999790e+00,-1.416614800543879743e-09,3.601770766806190783e-08,-1.748124773009848997e-07,0.000000000000000000e+00
2.015999999999999570e+00,-1.346400867438299989e-09,3.510696655278982186e-08,-1.731436630272545823e-07,0.000000000000000000e+00
2.017999999999999350e+00,-1.277985733811394166e-09,3.420756681345295301e-08,-1.714216758027120776e-07,0.000000000000000000e+00
2.019999999999999130e+00,-1.211346371099248919e-09,3.331968135607257781e-08,-1.696497411606406990e-07,0.000000000000000000e+00
2.021999999999998909e+00,-1.146459433943083057e-09,3.244346857808291849e-08,-1.678309939092166967e-07,0.000000000000000000e+00
2.023999999999998689e+00,-1.083301288300173340e-09,3.157907282145490561e-08,-1.659684795076253743e-07,0.000000000000000000e+00
2.025999999999998469e+00,-1.021848038664455998e-09,3.072662481785870432e-08,-1.640651554497131514e-07,0.000000000000000000e+00
2.027999999999998249e+00,-9.620755544127156209e-10,2.988624212587015950e-08,-1.621238926539440131e-07,0.000000000000000000e+00
2.029999999999998028e+00,-9.039594952922524988e-10,2.905802956023156891e-08,-1.601474768584723563e-07,0.000000000000000000e+00
2.031999999999997808e+00,-8.474753360658882442e-10,2.824207961318210039e-08,-1.581386100201857469e-07,0.000000000000000000e+00
2.033999999999997588e+00,-7.925983903301321216e-10,2.743847286787807951e-08,-1.560999117166140631e-07,0.000000000000000000e+00
2.035999999999997367e+00,-7.393038335222764152e-10,2.664727840392786356e-08,-1.540339205496407803e-07,0.000000000000000000e+00
2.037999999999997147e+00,-6.875667251321354079e-10,2.586855419507047842e-08,-1.519430955499929980e-07,0.000000000000000000e+00
2.039999999999996927e+00,-6.373620301340725410e-10,2.510234749903141317e-08,-1.498298175815255037e-07,0.000000000000000000e+00
2.041999999999996707e+00,-5.886646396548866026e-10,2.434869523959295102e-08,-1.476963907443526882e-07,0.000000000000000000e+00
2.043999999999996486e+00,-5.414493908930460048e-10,2.360762438092030303e-08,-1.455450437759187554e-07,0.000000000000000000e+00
2.045999999999996266e+00,-4.956910863046691178e-10,2.287915229418845054e-08,-1.433779314491340749e-07,0.000000000000000000e+00
2.047999999999996046e+00,-4.513645120715528803e-10,2.216328711655812947e-08,-1.411971359667408086e-07,0.000000000000000000e+00
2.049999999999995826e+00,-4.084444558664475291e-10,2.146002810255266509e-08,-1.390046683511055126e-07,0.000000000000000000e+00
2.051999999999995605e+00,-3.669057239306663056e-10,2.076936596789061194e-08,-1.368024698286715927e-07,0.000000000000000000e+00
2.053999999999995385e+00,-3.267231574790021631e-10,2.009128322583206172e-08,-1.345924132083363108e-07,0.000000000000000000e+00
2.055999999999995165e+00,-2.878716484468032929e-10,1.942575451609942705e-08,-1.323763042530511571e-07,0.000000000000000000e+00
2.057999999999994944e+00,-2.503261545939310274e-10,1.877274692643613235e-08,-1.301558830439745791e-07,0.000000000000000000e+00
2.059999999999994724e+00,-2.140617139801925683e-10,1.813222030686923099e-08,-1.279328253365384573e-07,0.000000000000000000e+00
2.061999999999994504e+00,-1.790534588267038309e-10,1.750412757674436641e-08,-1.257087439078186240e-07,0.000000000000000000e+00
2.063999999999994284e+00,-1.452766287774962998e-10,1.688841502460377133e-08,-1.234851898946304758e-07,0.000000000000000000e+00
2.065999999999994063e+00,-1.127065835755360783e-10,1.628502260098011357e-08,-1.212636541217980260e-07,0.000000000000000000e+00
2.067999999999993843e+00,-8.131881516717405904e-11,1.569388420418100848e-08,-1.190455684200741456e-07,0.000000000000000000e+00
2.069999999999993623e+00,-5.108895924889227592e-11,1.511492795914089109e-08,-1.168323069332157523e-07,0.000000000000000000e+00
2.071999999999993403e+00,-2.199280627005488664e-11,1.454807648941869423e-08,-1.146251874137451668e-07,0.000000000000000000e+00
2.073999999999993182e+00,5.993688094787847510e-12,1.399324718242136744e-08,-1.124254725069539644e-07,0.000000000000000000e+00
2.075999999999992962e+00,3.289439299065754919e-11,1.345035244793485296e-08,-1.102343710227314282e-07,0.000000000000000000e+00
2.077999999999992742e+00,5.873299293074845472e-11,1.291929997004545183e-08,-1.080530391948234846e-07,0.000000000000000000e+00
2.079999999999992522e+00,8.353297883582016006e-11,1.239999295253585329e-08,-1.058825819271524418e-07,0.000000000000000000e+00
2.081999999999992301e+00,1.073176395515026770e-10,1.189233035784126040e-08,-1.037240540268503028e-07,0.000000000000000000e+00
2.083999999999992081e+00,1.301100538308068967e-10,1.139620713965210682e-08,-1.015784614236814096e-07,0.000000000000000000e+00
2.085999999999991861e+00,1.519330827693086216e-10,1.091151446925086383e-08,-9.944676237555160571e-08,0.000000000000000000e+00
2.087999999999991640e+00,1.728093626806512044e-10,1.043813995567128561e-08,-9.732986865982238332e-08,0.000000000000000000e+00
2.089999999999991420e+00,1.927612984001896716e-10,9.975967859769236269e-09,-9.522864675016906347e-08,0.000000000000000000e+00
2.091999999999991200e+00,2.118110570047795524e-10,9.524879302294937002e-09,-9.314391897874185608e-08,0.000000000000000000e+00
2.093999999999990980e+00,2.299805619368936851e-10,9.084752466057070859e-09,-9.107646468340806251e-08,0.000000000000000000e+00
2.095999999999990759e+00,2.472914875214331179e-10,8.655462792269710014e-09,-8.902702133987233120e-08,0.000000000000000000e+00
2.097999999999990539e+00,2.637652538637800238e-10,8.236883171173452533e-09,-8.699628567849002217e-08,0.000000000000000000e+00
2.099999999999990319e+00,2.794230221178251083e-10,7.828884127022529420e-09,-8.498491478560624567e-08,0.000000000000000000e+00
2.101999999999990099e+00,2.942856901128849819e-10,7.431333997529932247e-09,-8.299352718927025321e-08,0.000000000000000000e+00
2.103999999999989878e+00,3.083738883286105386e-10,7.044099107862782918e-09,-8.102270392919109816e-08,0.000000000000000000e+00
2.105999999999989658e+00,3.217079762071712500e-10,6.667043939280360664e-09,-7.907298961081657704e-08,0.000000000000000000e+00
2.107999999999989438e+00,3.343080387921856755e-10,6.300031292507222038e-09,-7.714489344343262952e-08,0.000000000000000000e+00
2.109999999999989218e+00,3.461938836840534684e-10,5.942922445933884453e-09,-7.523889026219535723e-08,0.000000000000000000e+00
2.111999999999988997e+00,3.573850383015284115e-10,5.595577308737476751e-09,-7.335542153402208858e-08,0.000000000000000000e+00
2.113999999999988777e+00,3.679007474395576663e-10,5.257854569014630488e-09,-7.149489634728165473e-08,0.000000000000000000e+00
2.115999999999988557e+00,3.777599711135951227e-10,4.929611837018734187e-09,-6.965769238523748827e-08,0.000000000000000000e+00
2.117999999999988336e+00,3.869813826807819233e-10,4.610705783593409803e-09,-6.784415688320983560e-08,0.000000000000000000e+00
2.119999999999988116e+00,3.955833672285695236e-10,4.300992273893808424e-09,-6.605460756943602597e-08,0.000000000000000000e+00
2.121999999999987896e+00,4.035840202215434583e-10,4.000326496486973141e-09,-6.428933358961925517e-08,0.000000000000000000e+00
2.123999999999987676e+00,4.110011463973877041e-10,3.708563087922129100e-09,-6.254859641516804085e-08,0.000000000000000000e+00
2.125999999999987455e+00,4.178522589031103723e-10,3.425556252861339698e-09,-6.083263073513954488e-08,0.000000000000000000e+00
2.127999999999987235e+00,4.241545786628313245e-10,3.151159879860472815e-09,-5.914164533191029427e-08,0.000000000000000000e+00
2.129999999999987015e+00,4.299250339686111305e-10,2.885227652889914752e-09,-5.747582394060820846e-08,0.000000000000000000e+00
2.131999999999986795e+00,4.351802602859789413e-10,2.627613158683901260e-09,-5.583532609234952869e-08,0.000000000000000000e+00
2.133999999999986574e+00,4.399366002659924210e-10,2.378169990006736999e-09,-5.422028794133329133e-08,0.000000000000000000e+00
2.135999999999986354e+00,4.442101039558394818e-10,2.136751844923537841e-09,-5.263082307585546293e-08,0.000000000000000000e+00
2.137999999999986134e+00,4.480165292001643964e-10,1.903212622162455442e-09,-5.106702331331279608e-08,0.000000000000000000e+00
2.139999999999985913e+00,4.513713422254736930e-10,1.677406512654649093e-09,-4.952895947927509398e-08,0.000000000000000000e+00
2.141999999999985693e+00,4.542897184001487194e-10,1.459188087337517134e-09,-4.801668217071203627e-08,0.000000000000000000e+00
2.143999999999985473e+00,4.567865431627606147e-10,1.248412381305950567e-09,-4.653022250346845454e-08,0.000000000000000000e+00
2.145999999999985253e+00,4.588764131115517551e-10,1.044934974395567508e-09,-4.506959284408868212e-08,0.000000000000000000e+00
2.147999999999985032e+00,4.605736372481139022e-10,8.486120682810697253e-10,-4.363478752609767081e-08,0.000000000000000000e+00
2.149999999999984812e+00,4.618922383684579428e-10,6.593005601720190334e-10,-4.222578355085278686e-08,0.000000000000000000e+00
2.151999999999984592e+00,4.628459545948328554e-10,4.768581131874598432e-10,-4.084254127308631380e-08,0.000000000000000000e+00
2.153999999999984372e+00,4.634482410418126863e-10,3.011432234899270433e-10,-3.948500507126443291e-08,0.000000000000000000e+00
2.155999999999984151e+00,4.637122716103295989e-10,1.320152842584663779e-10,-3.815310400289409749e-08,0.000000000000000000e+00
2.157999999999983931e+00,4.636509409034883304e-10,-3.066535342063590288e-11,-3.684675244491397446e-08,0.000000000000000000e+00
2.159999999999983711e+00,4.632768662581530030e-10,-1.870373226676610800e-10,-3.556585071931095429e-08,0.000000000000000000e+00
2.161999999999983491e+00,4.626023898864509857e-10,-3.372381858510175240e-10,-3.431028570410793866e-08,0.000000000000000000e+00
2.163999999999983270e+00,4.616395811214895211e-10,-4.814043824807406952e-10,-3.307993142987323447e-08,0.000000000000000000e+00
2.165999999999983050e+00,4.604002387617312677e-10,-6.196711798791170404e-10,-3.187464966190556179e-08,0.000000000000000000e+00
2.167999999999982830e+00,4.588958935086220503e-10,-7.521726265546170036e-10,-3.069429046825282634e-08,0.000000000000000000e+00
2.169999999999982609e+00,4.571378104922093775e-10,-8.790415082063406310e-10,-2.953869277372602267e-08,0.000000000000000000e+00
2.171999999999982389e+00,4.551369918796349975e-10,-1.000409306287202187e-09,-2.840768490007318478e-08,0.000000000000000000e+00
2.173999999999982169e+00,4.529041795615247571e-10,-1.116406159055119786e-09,-2.730108509248102062e-08,0.000000000000000000e+00
2.175999999999981949e+00,4.504498579114397056e-10,-1.227160825042513138e-09,-2.621870203257506969e-08,0.000000000000000000e+00
2.177999999999981728e+00,4.477842566136887651e-10,-1.332800648875468005e-09,-2.516033533809135385e-08,0.000000000000000000e+00
2.179999999999981508e+00,4.449173535549387908e-10,-1.433451529374980509e-09,-2.412577604939525754e-08,0.000000000000000000e+00
2.181999999999981288e+00,4.418588777751912813e-10,-1.529237889873753724e-09,-2.311480710302527271e-08,0.000000000000000000e+00
2.183999999999981068e+00,4.386183124738251215e-10,-1.620282650683086711e-09,-2.212720379244131851e-08,0.000000000000000000e+00
2.185999999999980847e+00,4.352048980665341987e-10,-1.706707203645466778e-09,-2.116273421615900002e-08,0.000000000000000000e+00
2.187999999999980627e+00,4.316276352891151320e-10,-1.788631388709540594e-09,-2.022115971345288746e-08,0.000000000000000000e+00
2.189999999999980407e+00,4.278952883441846936e-10,-1.866173472465221076e-09,-1.930223528781300936e-08,0.000000000000000000e+00
2.191999999999980187e+00,4.240163880870291801e-10,-1.939450128577753428e-09,-1.840571001834030450e-08,0.000000000000000000e+00
2.193999999999979966e+00,4.199992352469078826e-10,-2.008576420060642970e-09,-1.753132745926748932e-08,0.000000000000000000e+00
2.195999999999979746e+00,4.158519036802510379e-10,-2.073665783328417367e-09,-1.667882602779274327e-08,0.000000000000000000e+00
2.197999999999979526e+00,4.115822436523085026e-10,-2.134830013971266826e-09,-1.584793938041454808e-08,0.000000000000000000e+00
2.199999999999979305e+00,4.071978851439191261e-10,-2.192179254194680802e-09,-1.503839677795608615e-08,0.000000000000000000e+00
2.201999999999979085e+00,4.027062411801826261e-10,-2.245821981868261173e-09,-1.424992343946851988e-08,0.000000000000000000e+00
2.203999999999978865e+00,3.981145111779246970e-10,-2.295865001128957929e-09,-1.348224088520231481e-08,0.000000000000000000e+00
2.205999999999978645e+00,3.934296843089546509e-10,-2.342413434485033828e-09,-1.273506726883610062e-08,0.000000000000000000e+00
2.207999999999978424e+00,3.886585428762183902e-10,-2.385570716368119556e-09,-1.200811769915251395e-08,0.000000000000000000e+00
2.209999999999978204e+00,3.838076657000548755e-10,-2.425438588081769376e-09,-1.130110455135023255e-08,0.000000000000000000e+00
2.211999999999977984e+00,3.788834315118629410e-10,-2.462117094095975299e-09,-1.061373776818123124e-08,0.000000000000000000e+00
2.213999999999977764e+00,3.738920223525866457e-10,-2.495704579638135476e-09,-9.945725151101850327e-09,0.000000000000000000e+00
2.215999999999977543e+00,3.688394269735226222e-10,-2.526297689532001993e-09,-9.296772641625793835e-09,0.000000000000000000e+00
2.217999999999977323e+00,3.637314442370482763e-10,-2.553991368237163850e-09,-8.666584593066552964e-09,0.000000000000000000e+00
2.219999999999977103e+00,3.585736865149630004e-10,-2.578878861042633844e-09,-8.054864032855969277e-09,0.000000000000000000e+00
2.221999999999976882e+00,3.533715830822247316e-10,-2.601051716369122174e-09,-7.461312915625000313e-09,0.000000000000000000e+00
2.223999999999976662e+00,3.481303835039535703e-10,-2.620599789135578396e-09,-6.885632367231658455e-09,0.000000000000000000e+00
2.225999999999976442e+00,3.428551610136604071e-10,-2.637611245146578491e-09,-6.327522919920203813e-09,0.000000000000000000e+00
2.227999999999976222e+00,3.375508158807441750e-10,-2.652172566458119350e-09,-5.786684738794580029e-09,0.000000000000000000e+00
2.229999999999976001e+00,3.322220787653834887e-10,-2.664368557680356194e-09,-5.262817839787827887e-09,0.000000000000000000e+00
2.231999999999975781e+00,3.268735140590299129e-10,-2.674282353176784575e-09,-4.755622299308116432e-09,0.000000000000000000e+00
2.233999999999975561e+00,3.215095232087892521e-10,-2.681995425120326482e-09,-4.264798455740529142e-09,0.000000000000000000e+00
2.235999999999975341e+00,3.161343480240538184e-10,-2.687587592367725547e-09,-3.790047102982501921e-09,0.000000000000000000e+00
2.237999999999975120e+00,3.107520739638246338e-10,-2.691137030114588171e-09,-3.331069676189264508e-09,0.000000000000000000e+00
2.239999999999974900e+00,3.053666334032359335e-10,-2.692720280294339182e-09,-2.887568429904161224e-09,0.000000000000000000e+00
2.241999999999974680e+00,2.999818088778653721e-10,-2.692412262685268510e-09,-2.459246608747082509e-09,0.000000000000000000e+00
2.243999999999974460e+00,2.946012363044838509e-10,-2.690286286690752743e-09,-2.045808610832686949e-09,0.000000000000000000e+00
2.245999999999974239e+00,2.892284081769666110e-10,-2.686414063758627146e-09,-1.646960144088313367e-09,0.000000000000000000e+00
2.247999999999974019e+00,2.838666767361535139e-10,-2.680865720406560541e-09,-1.262408375639798443e-09,0.000000000000000000e+00
2.249999999999973799e+00,2.785192571125112093e-10,-2.673709811821160174e-09,-8.918620744316153523e-10,0.000000000000000000e+00
2.251999999999973578e+00,2.731892304405124474e-10,-2.665013335999387778e-09,-5.350317472458927430e-10,0.000000000000000000e+00
2.253999999999973358e+00,2.678795469437090024e-10,-2.654841748401715049e-09,-1.916297682830006244e-10,0.000000000000000000e+00
2.255999999999973138e+00,2.625930289895344383e-10,-2.643258977087280172e-09,1.386294975354863079e-10,0.000000000000000000e+00
2.257999999999972918e+00,2.573323741129301791e-10,-2.630327438302127550e-09,4.560295773826060681e-10,0.000000000000000000e+00
2.259999999999972697e+00,2.521001580079453167e-10,-2.616108052492427715e-09,7.608517793037972157e-10,0.000000000000000000e+00
2.261999999999972477e+00,2.468988374865145644e-10,-2.600660260715363901e-09,1.053375086801746055e-09,0.000000000000000000e+00
2.263999999999972257e+00,2.417307534036722203e-10,-2.584042041421165042e-09,1.333876059075542714e-09,0.000000000000000000e+00
2.265999999999972037e+00,2.365981335485111841e-10,-2.566309927580530933e-09,1.602628736763351087e-09,0.000000000000000000e+00
2.267999999999971816e+00,2.315030955002462498e-10,-2.547519024132462907e-09,1.859904553040004516e-09,0.000000000000000000e+00
2.269999999999971596e+00,2.264476494487897467e-10,-2.527723025728253706e-09,2.105972249922848255e-09,0.000000000000000000e+00
2.271999999999971376e+00,2.214337009792934870e-10,-2.506974234748133868e-09,2.341097799641591567e-09,0.000000000000000000e+00
2.273999999999971156e+00,2.164630538201579198e-10,-2.485323579567788286e-09,2.565544330929672704e-09,0.000000000000000000e+00
2.275999999999970935e+00,2.115374125540525595e-10,-2.462820633052673753e-09,2.779572060097184440e-09,0.000000000000000000e+00
2.277999999999970715e+00,2.066583852915350298e-10,-2.439513631258758607e-09,2.983438226747267299e-09,0.000000000000000000e+00
2.279999999999970495e+00,2.018274863068970342e-10,-2.415449492319000817e-09,3.177397034000243387e-09,0.000000000000000000e+00
2.281999999999970274e+00,1.970461386359059405e-10,-2.390673835495547567e-09,3.361699593091904470e-09,0.000000000000000000e+00
2.283999999999970054e+00,1.923156766351493405e-10,-2.365231000378302386e-09,3.536593872214472265e-09,0.000000000000000000e+00
2.285999999999969834e+00,1.876373485027270355e-10,-2.339164066211153540e-09,3.702324649471065070e-09,0.000000000000000000e+00
2.287999999999969614e+00,1.830123187600714530e-10,-2.312514871327796824e-09,3.859133469816658768e-09,0.000000000000000000e+00
2.289999999999969393e+00,1.784416706947120328e-10,-2.285324032679706691e-09,4.007258605860690903e-09,0.000000000000000000e+00
2.291999999999969173e+00,1.739264087638331905e-10,-2.257630965439419276e-09,4.146935022408699793e-09,0.000000000000000000e+00
2.293999999999968953e+00,1.694674609585073913e-10,-2.229473902662898868e-09,4.278394344622599226e-09,0.000000000000000000e+00
2.295999999999968733e+00,1.650656811285167121e-10,-2.200889914995335084e-09,4.401864829681343296e-09,0.000000000000000000e+00
2.297999999999968512e+00,1.607218512677061008e-10,-2.171914930405304065e-09,4.517571341825944454e-09,0.000000000000000000e+00
2.299999999999968292e+00,1.564366837598405460e-10,-2.142583753932780813e-09,4.625735330675003237e-09,0.000000000000000000e+00
2.301999999999968072e+00,1.522108235849664390e-10,-2.112930087437051027e-09,4.726574812699093511e-09,0.000000000000000000e+00
2.303999999999967851e+00,1.480448504863042465e-10,-2.082986549331100187e-09,4.820304355744461366e-09,0.000000000000000000e+00
2.305999999999967631e+00,1.439392810977250703e-10,-2.052784694289591591e-09,4.907135066498727515e-09,0.000000000000000000e+00
2.307999999999967411e+00,1.398945710318889531e-10,-2.022355032918062854e-09,4.987274580793387407e-09,0.000000000000000000e+00
2.309999999999967191e+00,1.359111169291460263e-10,-1.991727051371468348e-09,5.060927056640065506e-09,0.000000000000000000e+00
2.311999999999966970e+00,1.319892584673246304e-10,-1.960929230910692201e-09,5.128293169899568008e-09,0.000000000000000000e+00
2.313999999999966750e+00,1.281292803325523513e-10,-1.929989067386140350e-09,5.189570112484933871e-09,0.000000000000000000e+00
2.315999999999966530e+00,1.243314141512763680e-10,-1.898933090637987542e-09,5.244951593001790072e-09,0.000000000000000000e+00
2.317999999999966310e+00,1.205958403836701544e-10,-1.867786883803112562e-09,5.294627839731287318e-09,0.000000000000000000e+00
2.319999999999966089e+00,1.169226901786317314e-10,-1.836575102519211818e-09,5.338785605863155619e-09,0.000000000000000000e+00
2.321999999999965869e+00,1.133120471905977094e-10,-1.805321494017009442e-09,5.377608176888258786e-09,0.000000000000000000e+00
2.323999999999965649e+00,1.097639493584138851e-10,-1.774048916091914924e-09,5.411275380062208994e-09,0.000000000000000000e+00
2.325999999999965429e+00,1.062783906465200967e-10,-1.742779355946894507e-09,5.439963595853548120e-09,0.000000000000000000e+00
2.327999999999965208e+00,1.028553227487226429e-10,-1.711533948898726061e-09,5.463845771291997680e-09,0.000000000000000000e+00
2.329999999999964988e+00,9.949465675484222989e-11,-1.680332996940206442e-09,5.483091435134272731e-09,0.000000000000000000e+00
2.331999999999964768e+00,9.619626478053970069e-11,-1.649195987151262324e-09,5.497866714766922120e-09,0.000000000000000000e+00
2.333999999999964547e+00,9.295998156063511805e-11,-1.618141609952290594e-09,5.508334354767515311e-09,0.000000000000000000e+00
2.335999999999964327e+00,8.978560600624826796e-11,-1.587187777193423550e-09,5.514653737047526755e-09,0.000000000000000000e+00
2.337999999999964107e+00,8.667290272610073580e-11,-1.556351640073763803e-09,5.516980902502051353e-09,0.000000000000000000e+00
2.339999999999963887e+00,8.362160351233077114e-11,-1.525649606884983520e-09,5.515468574093406886e-09,0.000000000000000000e+00
2.341999999999963666e+00,8.063140879118274192e-11,-1.495097360574017191e-09,5.510266181297518177e-09,0.000000000000000000e+00
2.343999999999963446e+00,7.770198903894293139e-11,-1.464709876119903456e-09,5.501519885843793343e-09,0.000000000000000000e+00
2.345999999999963226e+00,7.483298616350263297e-11,-1.434501437720150607e-09,5.489372608680994217e-09,0.000000000000000000e+00
2.347999999999963006e+00,7.202401485193801607e-11,-1.404485655782305606e-09,5.473964058103403769e-09,0.000000000000000000e+00
2.349999999999962785e+00,6.927466388450459787e-11,-1.374675483716709207e-09,5.455430758973305619e-09,0.000000000000000000e+00
2.351999999999962565e+00,6.658449741545118715e-11,-1.345083234526708253e-09,5.433906082977570842e-09,0.000000000000000000e+00
2.353999999999962345e+00,6.395305622106543016e-11,-1.315720597192878081e-09,5.409520279857790029e-09,0.000000000000000000e+00
2.355999999999962125e+00,6.137985891536926611e-11,-1.286598652848081559e-09,5.382400509555110773e-09,0.000000000000000000e+00
2.357999999999961904e+00,5.886440313388835180e-11,-1.257727890740456379e-09,5.352670875212582682e-09,0.000000000000000000e+00
2.359999999999961684e+00,5.640616668592499466e-11,-1.229118223981677846e-09,5.320452456979423398e-09,0.000000000000000000e+00
2.361999999999961464e+00,5.400460867576880590e-11,-1.200779005078093581e-09,5.285863346563244484e-09,0.000000000000000000e+00
2.363999999999961243e+00,5.165917059328366686e-11,-1.172719041242568303e-09,5.249018682477853490e-09,0.000000000000000000e+00
2.365999999999961023e+00,4.936927737431345336e-11,-1.144946609485105149e-09,5.210030685935764715e-09,0.000000000000000000e+00
2.367999999999960803e+00,4.713433843135237469e-11,-1.117469471480540578e-09,5.169008697336134443e-09,0.000000000000000000e+00
2.369999999999960583e+00,4.495374865492872458e-11,-1.090294888211824147e-09,5.126059213300294694e-09,0.000000000000000000e+00
2.371999999999960362e+00,4.282688938615351671e-11,-1.063429634387603084e-09,5.081285924208543540e-09,0.000000000000000000e+00
2.373999999999960142e+00,4.075312936088743531e-11,-1.036880012633039640e-09,5.034789752193322401e-09,0.000000000000000000e+00
2.375999999999959922e+00,3.873182562598147692e-11,-1.010651867452977797e-09,4.986668889545304529e-09,0.000000000000000000e+00
2.377999999999959702e+00,3.676232442804793209e-11,-9.847505989667715105e-10,4.937018837490337516e-09,0.000000000000000000e+00
2.379999999999959481e+00,3.484396207521940287e-11,-9.591811764142643521e-10,4.885932445296562380e-09,0.000000000000000000e+00
2.381999999999959261e+00,3.297606577235423055e-11,-9.339481514325851026e-10,4.833499949672342894e-09,0.000000000000000000e+00
2.383999999999959041e+00,3.115795443014703752e-11,-9.090556711035970836e-10,4.779809014417013564e-09,0.000000000000000000e+00
2.385999999999958820e+00,2.938893944860304852e-11,-8.845074907719959457e-10,4.724944770287723581e-09,0.000000000000000000e+00
2.387999999999958600e+00,2.766832547533463022e-11,-8.603069866342098752e-10,4.668989855046908067e-09,0.000000000000000000e+00
2.389999999999958380e+00,2.599541113913781928e-11,-8.364571680984050694e-10,4.612024453656214961e-09,0.000000000000000000e+00
2.391999999999958160e+00,2.436948975930573348e-11,-8.129606899160431589e-10,4.554126338583887162e-09,0.000000000000000000e+00
2.393999999999957939e+00,2.278985003113458093e-11,-7.898198640855758072e-10,4.495370910193840345e-09,0.000000000000000000e+00
2.395999999999957719e+00,2.125577668807659642e-11,-7.670366715289923083e-10,4.435831237185810908e-09,0.000000000000000000e+00
2.397999999999957499e+00,1.976655114099246628e-11,-7.446127735420655620e-10,4.375578097057127246e-09,0.000000000000000000e+00
2.399999999999957279e+00,1.832145209495394548e-11,-7.225495230192597806e-10,4.314680016557762658e-09,0.000000000000000000e+00
2.401999999999957058e+00,1.691975614404518290e-11,-7.008479754543815705e-10,4.253203312111438294e-09,0.000000000000000000e+00
2.403999999999956838e+00,1.556073834460885081e-11,-6.795088997181654251e-10,4.191212130176614871e-09,0.000000000000000000e+00
2.405999999999956618e+00,1.424367276738066855e-11,-6.585327886140909574e-10,4.128768487522274046e-09,0.000000000000000000e+00
2.407999999999956398e+00,1.296783302895301074e-11,-6.379198692138285676e-10,4.065932311394387863e-09,0.000000000000000000e+00
2.409999999999956177e+00,1.173249280300539498e-11,-6.176701129738076412e-10,4.002761479550029376e-09,0.000000000000000000e+00
2.411999999999955957e+00,1.053692631173641123e-11,-5.977832456344915337e-10,3.939311860137019708e-09,0.000000000000000000e+00
2.413999999999955737e+00,9.380408797928352941e-12,-5.782587569040293178e-10,3.875637351397966308e-09,0.000000000000000000e+00
2.415999999999955516e+00,8.262216978072276607e-12,-5.590959099280383285e-10,3.811789921178524111e-09,0.000000000000000000e+00
2.417999999999955296e+00,7.181629476977583731e-12,-5.402937505473464026e-10,3.747819646220564923e-09,0.000000000000000000e+00
2.419999999999955076e+00,6.137927244286385534e-12,-5.218511163455989139e-10,3.683774751221880443e-09,0.000000000000000000e+00
2.421999999999954856e+00,5.130393953308980713e-12,-5.037666454887022910e-10,3.619701647644899677e-09,0.000000000000000000e+00
2.423999999999954635e+00,4.158316382592693997e-12,-4.860387853581433291e-10,3.555644972257731113e-09,0.000000000000000000e+00
2.425999999999954415e+00,3.220984780632128401e-12,-4.686658009802827493e-10,3.491647625391691632e-09,0.000000000000000000e+00
2.427999999999954195e+00,2.317693214124566799e-12,-4.516457832537808612e-10,3.427750808900281539e-09,0.000000000000000000e+00
2.429999999999953975e+00,1.447739900169835762e-12,-4.349766569773654522e-10,3.363994063805336847e-09,0.000000000000000000e+00
2.431999999999953754e+00,6.104275228094290807e-13,-4.186561886802033114e-10,3.300415307616872035e-09,0.000000000000000000e+00
2.433999999999953534e+00,-1.949364657049376911e-13,-4.026819942571833770e-10,3.237050871313861893e-09,0.000000000000000000e+00
2.435999999999953314e+00,-9.690395585278623696e-13,-3.870515464114623562e-10,3.173935535973927794e-09,0.000000000000000000e+00
2.437999999999953094e+00,-1.712563922341190862e-12,-3.717621819066642454e-10,3.111102569040609261e-09,0.000000000000000000e+00
2.439999999999952873e+00,-2.426186139603515427e-12,-3.568111086311622527e-10,3.048583760217579140e-09,0.000000000000000000e+00
2.441999999999952653e+00,-3.110576964557325131e-12,-3.421954124769049134e-10,2.986409456979825344e-09,0.000000000000000000e+00
2.443999999999952433e+00,-3.766401092627884880e-12,-3.279120640352797289e-10,2.924608599692468583e-09,0.000000000000000000e+00
2.445999999999952212e+00,-4.394316942852954789e-12,-3.139579251125349029e-10,2.863208756328515774e-09,0.000000000000000000e+00
2.447999999999951992e+00,-4.994976452987566910e-12,-3.003297550673059602e-10,2.802236156777453112e-09,0.000000000000000000e+00
2.449999999999951772e+00,-5.569024886933197535e-12,-2.870242169728153869e-10,2.741715726737178756e-09,0.000000000000000000e+00
2.451999999999951552e+00,-6.117100654145865407e-12,-2.740378836063339522e-10,2.681671121182340876e-09,0.000000000000000000e+00
2.453999999999951331e+00,-6.639835140682885710e-12,-2.613672432685101061e-10,2.622124757402711758e-09,0.000000000000000000e+00
2.455999999999951111e+00,-7.137852551553260389e-12,-2.490087054351874463e-10,2.563097847605760569e-09,0.000000000000000000e+00
2.457999999999950891e+00,-7.611769764041948927e-12,-2.369586062443443045e-10,2.504610431078110143e-09,0.000000000000000000e+00
2.459999999999950671e+00,-8.062196191683545858e-12,-2.252132138207987884e-10,2.446681405901073924e-09,0.000000000000000000e+00
2.461999999999950450e+00,-8.489733658566207402e-12,-2.137687334413308818e-10,2.389328560215943621e-09,0.000000000000000000e+00
2.463999999999950230e+00,-8.894976283651967107e-12,-2.026213125428797235e-10,2.332568603035195234e-09,0.000000000000000000e+00
2.465999999999950010e+00,-9.278510374804920708e-12,-1.917670455764771817e-10,2.276417194596210852e-09,0.000000000000000000e+00
2.467999999999949789e+00,-9.640914332224083769e-12,-1.812019787095814788e-10,2.220888976254578480e-09,0.000000000000000000e+00
2.469999999999949569e+00,-9.982758560983032893e-12,-1.709221143794748011e-10,2.165997599914440807e-09,0.000000000000000000e+00
2.471999999999949349e+00,-1.030460539238380582e-11,-1.609234157003862700e-10,2.111755756993794755e-09,0.000000000000000000e+00
2.473999999999949129e+00,-1.060700901383780418e-11,-1.512018107269993241e-10,2.058175206923018799e-09,0.000000000000000000e+00
2.475999999999948908e+00,-1.089051540699179673e-11,-1.417531965769963579e-10,2.005266805175314498e-09,0.000000000000000000e+00
2.477999999999948688e+00,-1.115566229382237150e-11,-1.325734434152874397e-10,1.953040530828089056e-09,0.000000000000000000e+00
2.479999999999948468e+00,-1.140297909042749420e-11,-1.236583983025612473e-10,1.901505513654689540e-09,0.000000000000000000e+00
2.481999999999948248e+00,-1.163298686824906793e-11,-1.150038889107868710e-10,1.850670060746220350e-09,0.000000000000000000e+00
2.483999999999948027e+00,-1.184619832246563492e-11,-1.066057271082836317e-10,1.800541682663519821e-09,0.000000000000000000e+00
2.485999999999947807e+00,-1.204311774729956347e-11,-9.845971241696391420e-11,1.751127119119676469e-09,0.000000000000000000e+00
2.487999999999947587e+00,-1.222424101798824259e-11,-9.056163534433989788e-11,1.702432364193778668e-09,0.000000000000000000e+00
2.489999999999947367e+00,-1.239005557917398335e-11,-8.290728059287031225e-11,1.654462691076881088e-09,0.000000000000000000e+00
2.491999999999947146e+00,-1.254104043947239712e-11,-7.549243014920684824e-11,1.607222676351446633e-09,0.000000000000000000e+00
2.493999999999946926e+00,-1.267766617198416194e-11,-6.831286625588278549e-11,1.560716223805795213e-09,0.000000000000000000e+00
2.495999999999946706e+00,-1.280039492052009781e-11,-6.136437426796797708e-11,1.514946587785351641e-09,0.000000000000000000e+00
2.497999999999946485e+00,-1.290968041131448682e-11,-5.464274539719478473e-11,1.469916396082717172e-09,0.000000000000000000e+00
2.499999999999946265e+00,-1.300596797000656611e-11,-4.814377934603944660e-11,1.425627672368840888e-09,0.000000000000000000e+00
2.501999999999946045e+00,-1.308969454367501023e-11,-4.186328683422200200e-11,1.382081858167776809e-09,0.000000000000000000e+00
2.503999999999945825e+00,-1.316128872771514243e-11,-3.579709202006585396e-11,1.339279834377738226e-09,0.000000000000000000e+00
2.505999999999945604e+00,-1.322117079735341256e-11,-2.994103481913511584e-11,1.297221942341353906e-09,0.000000000000000000e+00
2.507999999999945384e+00,-1.326975274359850180e-11,-2.429097312254427487e-11,1.255908004468234291e-09,0.000000000000000000e+00
2.509999999999945164e+00,-1.330743831343312226e-11,-1.884278491731031963e-11,1.215337344413132441e-09,0.000000000000000000e+00
2.511999999999944944e+00,-1.333462305405530680e-11,-1.359237031109247903e-11,1.175508806813164350e-09,0.000000000000000000e+00
2.513999999999944723e+00,-1.335169436098258536e-11,-8.535653463639003333e-12,1.136420776587718726e-09,0.000000000000000000e+00
2.515999999999944503e+00,-1.335903152983705369e-11,-3.668584427234205782e-12,1.098071197804837896e-09,0.000000000000000000e+00
2.517999999999944283e+00,-1.335700581163387834e-11,1.012859101587785377e-12,1.060457592118007842e-09,0.000000000000000000e+00
2.519999999999944063e+00,-1.334598047140023106e-11,5.512670116823454392e-12,1.023577076777430805e-09,0.000000000000000000e+00
2.521999999999943842e+00,-1.332631084995610498e-11,9.834810722063131373e-12,9.874263822199833732e-10,0.000000000000000000e+00
2.523999999999943622e+00,-1.329834442869279779e-11,1.398321063165383207e-11,9.520018692421932439e-10,0.000000000000000000e+00
2.525999999999943402e+00,-1.326242089718918339e-11,1.796176575180713931e-11,9.172995457606775311e-10,0.000000000000000000e+00
2.527999999999943181e+00,-1.321887222351013126e-11,2.177433683952643022e-11,8.833150831645990592e-10,0.000000000000000000e+00
2.529999999999942961e+00,-1.316802272703561699e-11,2.542474823725712806e-11,8.500438322647922833e-10,0.000000000000000000e+00
2.531999999999942741e+00,-1.311018915367323103e-11,2.891678668119310379e-11,8.174808388443135746e-10,0.000000000000000000e+00
2.533999999999942521e+00,-1.304568075331082658e-11,3.225420018120225570e-11,7.856208588152481587e-10,0.000000000000000000e+00
2.535999999999942300e+00,-1.297479935937009805e-11,3.544069697036436525e-11,7.544583729866930511e-10,0.000000000000000000e+00
2.537999999999942080e+00,-1.289783947032580875e-11,3.847994452214449367e-11,7.239876014489087506e-10,0.000000000000000000e+00
2.539999999999941860e+00,-1.281508833305929656e-11,4.137556863325573465e-11,6.942025175786977956e-10,0.000000000000000000e+00
2.541999999999941640e+00,-1.272682602791870511e-11,4.413115257029561474e-11,6.650968616711314649e-10,0.000000000000000000e+00
2.543999999999941419e+00,-1.263332555536216248e-11,4.675023627827124244e-11,6.366641542028031882e-10,0.000000000000000000e+00
2.545999999999941199e+00,-1.253485292406384493e-11,4.923631564915895147e-11,6.088977087318360340e-10,0.000000000000000000e+00
2.547999999999940979e+00,-1.243166724036649515e-11,5.159284184867522215e-11,5.817906444399178610e-10,0.000000000000000000e+00
2.549999999999940758e+00,-1.232402079896756256e-11,5.382322069946643876e-11,5.553358983216734948e-10,0.000000000000000000e+00
2.551999999999940538e+00,-1.221215917472964994e-11,5.593081211895603408e-11,5.295262370267238258e-10,0.000000000000000000e+00
2.553999999999940318e+00,-1.209632131550941337e-11,5.791892961011852687e-11,5.043542683598048809e-10,0.000000000000000000e+00
2.555999999999940098e+00,-1.197673963590245161e-11,5.979083980348077077e-11,4.798124524443500146e-10,0.000000000000000000e+00
2.557999999999939877e+00,-1.185364011180508794e-11,6.154976204868181664e-11,4.558931125549524247e-10,0.000000000000000000e+00
2.559999999999939657e+00,-1.172724237569718055e-11,6.319886805395328655e-11,4.325884456241481519e-10,0.000000000000000000e+00
2.561999999999939437e+00,-1.159775981255335430e-11,6.474128157191331887e-11,4.098905324289617933e-10,0.000000000000000000e+00
2.563999999999939217e+00,-1.146539965629316001e-11,6.618007813009730361e-11,3.877913474626744233e-10,0.000000000000000000e+00
2.565999999999938996e+00,-1.133036308668380009e-11,6.751828480467964032e-11,3.662827684972669107e-10,0.000000000000000000e+00
2.567999999999938776e+00,-1.119284532661205792e-11,6.875888003587070336e-11,3.453565858419989553e-10,0.000000000000000000e+00
2.569999999999938556e+00,-1.105303573964505047e-11,6.990479348350388950e-11,3.250045113035728956e-10,0.000000000000000000e+00
2.571999999999938336e+00,-1.091111792780233532e-11,7.095890592135728467e-11,3.052181868533285480e-10,0.000000000000000000e+00
2.573999999999938115e+00,-1.076726982946476584e-11,7.192404916878478238e-11,2.859891930069030342e-10,0.000000000000000000e+00
2.575999999999937895e+00,-1.062166381734824449e-11,7.280300605826096729e-11,2.673090569217718725e-10,0.000000000000000000e+00
2.577999999999937675e+00,-1.047446679647329654e-11,7.359851043747379178e-11,2.491692602180734410e-10,0.000000000000000000e+00
2.579999999999937454e+00,-1.032584030206403951e-11,7.431324720462819208e-11,2.315612465280976245e-10,0.000000000000000000e+00
2.581999999999937234e+00,-1.017594059731273404e-11,7.494985237565311717e-11,2.144764287797938118e-10,0.000000000000000000e+00
2.583999999999937014e+00,-1.002491877094866783e-11,7.551091318203309752e-11,1.979061962196286983e-10,0.000000000000000000e+00
2.585999999999936794e+00,-9.872920834552639539e-12,7.599896819801423804e-11,1.818419211800972588e-10,0.000000000000000000e+00
2.587999999999936573e+00,-9.720087819560713527e-12,7.641650749596276051e-11,1.662749655971549981e-10,0.000000000000000000e+00
2.589999999999936353e+00,-9.566555873903347959e-12,7.676597282868248643e-11,1.511966872828079453e-10,0.000000000000000000e+00
2.591999999999936133e+00,-9.412456358228297531e-12,7.704975783752519449e-11,1.365984459580622208e-10,0.000000000000000000e+00
2.593999999999935913e+00,-9.257915941657986396e-12,7.727020828515560011e-11,1.224716090513940591e-10,0.000000000000000000e+00
2.595999999999935692e+00,-9.103056697034266599e-12,7.742962231185983403e-11,1.088075572678627074e-10,0.000000000000000000e+00
2.597999999999935472e+00,-8.947996195605640627e-12,7.753025071431311524e-11,9.559768993394632821e-11,0.000000000000000000e+00
2.599999999999935252e+00,-8.792847601114141470e-12,7.757429724574921009e-11,8.283343012313761098e-11,0.000000000000000000e+00
2.601999999999935032e+00,-8.637719763241141245e-12,7.756391893650040306e-11,7.050622956728812681e-11,0.000000000000000000e+00
2.603999999999934811e+00,-8.482717310373335297e-12,7.750122643390278670e-11,5.860757335864455597e-11,0.000000000000000000e+00
2.605999999999934591e+00,-8.327940741652160086e-12,7.738828436058733385e-11,4.712898444747411022e-11,0.000000000000000000e+00
2.607999999999934371e+00,-8.173486518271754655e-12,7.722711169020268973e-11,3.606202794011888047e-11,0.000000000000000000e+00
2.609999999999934150e+00,-8.019447153992473756e-12,7.701968213964047570e-11,2.539831520227406897e-11,0.000000000000000000e+00
2.611999999999933930e+00,-7.865911304838755659e-12,7.676792457685875090e-11,1.512950777223047143e-11,0.000000000000000000e+00
2.613999999999933710e+00,-7.712963857951908650e-12,7.647372344342356293e-11,5.247321088764188574e-12,0.000000000000000000e+00
2.615999999999933490e+00,-7.560686019570083027e-12,7.613891919091249484e-11,-4.256471961693290754e-12,0.000000000000000000e+00
2.617999999999933269e+00,-7.409155402109386975e-12,7.576530873034788349e-11,-1.339003767403208401e-11,0.000000000000000000e+00
2.619999999999933049e+00,-7.258446110321685503e-12,7.535464589385059743e-11,-2.216147832506992629e-11,0.000000000000000000e+00
2.621999999999932829e+00,-7.108628826506229153e-12,7.490864190772833318e-11,-3.057882914132838492e-11,0.000000000000000000e+00
2.623999999999932609e+00,-6.959770894753759288e-12,7.442896587623485152e-11,-3.865005542957805613e-11,0.000000000000000000e+00
2.625999999999932388e+00,-6.811936404203240829e-12,7.391724527525902587e-11,-4.638304986581294062e-11,0.000000000000000000e+00
2.627999999999932168e+00,-6.665186271292791839e-12,7.337506645522432720e-11,-5.378562993837127045e-11,0.000000000000000000e+00
2.629999999999931948e+00,-6.519578320987789738e-12,7.280397515250092784e-11,-6.086553554098426954e-11,0.000000000000000000e+00
2.631999999999931728e+00,-6.375167366970482150e-12,7.220547700865388127e-11,-6.763042671159243944e-11,0.000000000000000000e+00
2.633999999999931507e+00,-6.232005290776738999e-12,7.158103809687156558e-11,-7.408788151283337884e-11,0.000000000000000000e+00
2.635999999999931287e+00,-6.090141119866860412e-12,7.093208545493912888e-11,-8.024539405016418520e-11,0.000000000000000000e+00
2.637999999999931067e+00,-5.949621104618577163e-12,7.026000762414166952e-11,-8.611037262364714434e-11,0.000000000000000000e+00
2.639999999999930846e+00,-5.810488794231573530e-12,6.956615519350173592e-11,-9.169013800948800494e-11,0.000000000000000000e+00
2.641999999999930626e+00,-5.672785111534023196e-12,6.885184134877509248e-11,-9.699192186747889707e-11,0.000000000000000000e+00
2.643999999999930406e+00,-5.536548426682727473e-12,6.811834242564773585e-11,-1.020228652705637148e-10,0.000000000000000000e+00
2.645999999999930186e+00,-5.401814629749536404e-12,6.736689846659570561e-11,-1.067900173528027196e-10,0.000000000000000000e+00
2.647999999999929965e+00,-5.268617202187760868e-12,6.659871378088779367e-11,-1.113003340720814670e-10,0.000000000000000000e+00
2.649999999999929745e+00,-5.136987287173303194e-12,6.581495750722897600e-11,-1.155606770839675783e-10,0.000000000000000000e+00
2.651999999999929525e+00,-5.006953758816182986e-12,6.501676417856014912e-11,-1.195778127231865541e-10,0.000000000000000000e+00
2.653999999999929305e+00,-4.878543290239088854e-12,6.420523428854694358e-11,-1.233584110892484145e-10,0.000000000000000000e+00
2.655999999999929084e+00,-4.751780420520474496e-12,6.338143485930736965e-11,-1.269090452328210105e-10,0.000000000000000000e+00
2.657999999999928864e+00,-4.626687620500585178e-12,6.254640000994449067e-11,-1.302361904395091241e-10,0.000000000000000000e+00
2.659999999999928644e+00,-4.503285357449652040e-12,6.170113152546666933e-11,-1.333462236077611915e-10,0.000000000000000000e+00
2.661999999999928423e+00,-4.381592158598264730e-12,6.084659942569376474e-11,-1.362454227176889654e-10,0.000000000000000000e+00
2.663999999999928203e+00,-4.261624673530738252e-12,5.998374253376307757e-11,-1.389399663876455604e-10,0.000000000000000000e+00
2.665999999999927983e+00,-4.143397735443009623e-12,5.911346904386423352e-11,-1.414359335154730854e-10,0.000000000000000000e+00
2.667999999999927763e+00,-4.026924421267315679e-12,5.823665708784691695e-11,-1.437393030013900554e-10,0.000000000000000000e+00
2.669999999999927542e+00,-3.912216110666595614e-12,5.735415530035991945e-11,-1.458559535495516935e-10,0.000000000000000000e+00
2.671999999999927322e+00,-3.799282543902207289e-12,5.646678338219422422e-11,-1.477916635453771848e-10,0.000000000000000000e+00
2.673999999999927102e+00,-3.688131878579173987e-12,5.557533266151661832e-11,-1.495521110057990017e-10,0.000000000000000000e+00
2.675999999999926882e+00,-3.578770745273786173e-12,5.468056665269396045e-11,-1.511428735996487704e-10,0.000000000000000000e+00
2.677999999999926661e+00,-3.471204302048943392e-12,5.378322161242142797e-11,-1.525694287354559783e-10,0.000000000000000000e+00
2.679999999999926441e+00,-3.365436287863181285e-12,5.288400709288100465e-11,-1.538371537139935214e-10,0.000000000000000000e+00
2.681999999999926221e+00,-3.261469074879843238e-12,5.198360649166898793e-11,-1.549513259429644185e-10,0.000000000000000000e+00
2.683999999999926001e+00,-3.159303719683355791e-12,5.108267759824371544e-11,-1.559171232112812538e-10,0.000000000000000000e+00
2.685999999999925780e+00,-3.058940013410042761e-12,5.018185313665657514e-11,-1.567396240204492061e-10,0.000000000000000000e+00
2.687999999999925560e+00,-2.960376530801360511e-12,4.928174130434112497e-11,-1.574238079706201848e-10,0.000000000000000000e+00
2.689999999999925340e+00,-2.863610678187867787e-12,4.838292630674645720e-11,-1.579745561989422282e-10,0.000000000000000000e+00
2.691999999999925119e+00,-2.768638740412643375e-12,4.748596888761214156e-11,-1.583966518678856561e-10,0.000000000000000000e+00
2.693999999999924899e+00,-2.675455926703257840e-12,4.659140685469274454e-11,-1.586947807012813355e-10,0.000000000000000000e+00
2.695999999999924679e+00,-2.584056415501756600e-12,4.569975560075055233e-11,-1.588735315658638842e-10,0.000000000000000000e+00
2.697999999999924459e+00,-2.494433398262466177e-12,4.481150861964528425e-11,-1.589373970961649799e-10,0.000000000000000000e+00
2.699999999999924238e+00,-2.406579122227746920e-12,4.392713801735952841e-11,-1.588907743606564866e-10,0.000000000000000000e+00
2.701999999999924018e+00,-2.320484932192130084e-12,4.304709501780837076e-11,-1.587379655670965658e-10,0.000000000000000000e+00
2.703999999999923798e+00,-2.236141311265548200e-12,4.217181046329101335e-11,-1.584831788050842573e-10,0.000000000000000000e+00
2.705999999999923578e+00,-2.153537920646645517e-12,4.130169530945138680e-11,-1.581305288238794595e-10,0.000000000000000000e+00
2.707999999999923357e+00,-2.072663638417398487e-12,4.043714111462354402e-11,-1.576840378435964667e-10,0.000000000000000000e+00
2.709999999999923137e+00,-1.993506597370505632e-12,3.957852052344635969e-11,-1.571476363979304335e-10,0.000000000000000000e+00
2.711999999999922917e+00,-1.916054221881225072e-12,3.872618774464027970e-11,-1.565251642066242383e-10,0.000000000000000000e+00
2.713999999999922697e+00,-1.840293263835530650e-12,3.788047902284713039e-11,-1.558203710759345846e-10,0.000000000000000000e+00
2.715999999999922476e+00,-1.766209837626647199e-12,3.704171310444171338e-11,-1.550369178254019279e-10,0.000000000000000000e+00
2.717999999999922256e+00,-1.693789454232184060e-12,3.621019169723160844e-11,-1.541783772392781395e-10,0.000000000000000000e+00
2.719999999999922036e+00,-1.623017054384245865e-12,3.538619992396905141e-11,-1.532482350410127356e-10,0.000000000000000000e+00
2.721999999999921815e+00,-1.553877040845034331e-12,3.457000676960574014e-11,-1.522498908892431649e-10,0.000000000000000000e+00
2.723999999999921595e+00,-1.486353309800577372e-12,3.376186552222849102e-11,-1.511866593937817481e-10,0.000000000000000000e+00
2.725999999999921375e+00,-1.420429281385336751e-12,3.296201420762033800e-11,-1.500617711501357801e-10,0.000000000000000000e+00
2.727999999999921155e+00,-1.356087929350540623e-12,3.217067601739805076e-11,-1.488783737911411465e-10,0.000000000000000000e+00
2.729999999999920934e+00,-1.293311809889173736e-12,3.138805973068343974e-11,-1.476395330543336190e-10,0.000000000000000000e+00
2.731999999999920714e+00,-1.232083089630630357e-12,3.061436012927173566e-11,-1.463482338637234600e-10,0.000000000000000000e+00
2.733999999999920494e+00,-1.172383572818097819e-12,2.984975840626628907e-11,-1.450073814246824935e-10,0.000000000000000000e+00
2.735999999999920274e+00,-1.114194727681789241e-12,2.909442256815431243e-11,-1.436198023306913440e-10,0.000000000000000000e+00
2.737999999999920053e+00,-1.057497712021181150e-12,2.834850783030402577e-11,-1.421882456807377109e-10,0.000000000000000000e+00
2.739999999999919833e+00,-1.002273398009444052e-12,2.761215700586857183e-11,-1.407153842061930473e-10,0.000000000000000000e+00
2.741999999999919613e+00,-9.485023962332695222e-13,2.688550088808731096e-11,-1.392038154060369388e-10,0.000000000000000000e+00
2.743999999999919392e+00,-8.961650789813099449e-13,2.616865862597981372e-11,-1.376560626893337109e-10,0.000000000000000000e+00
2.745999999999919172e+00,-8.452416027944446702e-13,2.546173809343262237e-11,-1.360745765239054199e-10,0.000000000000000000e+00
2.747999999999918952e+00,-7.957119302910780040e-13,2.476483625168331778e-11,-1.344617355901803067e-10,0.000000000000000000e+00
2.749999999999918732e+00,-7.475558512806565591e-13,2.407803950521071277e-11,-1.328198479392331693e-10,0.000000000000000000e+00
2.751999999999918511e+00,-7.007530031785681587e-13,2.340142405104418726e-11,-1.311511521540680503e-10,0.000000000000000000e+00
2.753999999999918291e+00,-6.552828907355499457e-13,2.273505622150910284e-11,-1.294578185132288173e-10,0.000000000000000000e+00
2.755999999999918071e+00,-6.111249050946918533e-13,2.207899282042906034e-11,-1.277419501558571296e-10,0.000000000000000000e+00
2.757999999999917851e+00,-5.682583421890730227e-13,2.143328145280941208e-11,-1.260055842473494629e-10,0.000000000000000000e+00
2.759999999999917630e+00,-5.266624204930132191e-13,2.079796084802991352e-11,-1.242506931447982409e-10,0.000000000000000000e+00
2.761999999999917410e+00,-4.863162981398576819e-13,2.017306117657776336e-11,-1.224791855614335004e-10,0.000000000000000000e+00
2.763999999999917190e+00,-4.471990894191469002e-13,1.955860436035540176e-11,-1.206929077293114750e-10,0.000000000000000000e+00
2.765999999999916970e+00,-4.092898806659458115e-13,1.895460437660055181e-11,-1.188936445595287471e-10,0.000000000000000000e+00
2.767999999999916749e+00,-3.725677455550281619e-13,1.836106755545883228e-11,-1.170831207992684004e-10,0.000000000000000000e+00
2.769999999999916529e+00,-3.370117598125241196e-13,1.777799287125201668e-11,-1.152630021850142071e-10,0.000000000000000000e+00
2.771999999999916309e+00,-3.026010153575487625e-13,1.720537222748768864e-11,-1.134348965912976000e-10,0.000000000000000000e+00
2.773999999999916088e+00,-2.693146338862318199e-13,1.664319073565847696e-11,-1.116003551743692717e-10,0.000000000000000000e+00
2.775999999999915868e+00,-2.371317799104689855e-13,1.609142698788140913e-11,-1.097608735102137623e-10,0.000000000000000000e+00
2.777999999999915648e+00,-2.060316732636085389e-13,1.555005332343022270e-11,-1.079178927263530977e-10,0.000000000000000000e+00
2.779999999999915428e+00,-1.759936010851775574e-13,1.501903608921548368e-11,-1.060728006269096681e-10,0.000000000000000000e+00
2.781999999999915207e+00,-1.469969292966386817e-13,1.449833589426943555e-11,-1.042269328104243870e-10,0.000000000000000000e+00
2.783999999999914987e+00,-1.190211135800499810e-13,1.398790785829435234e-11,-1.023815737799508190e-10,0.000000000000000000e+00
2.785999999999914767e+00,-9.204570987138020423e-14,1.348770185433489153e-11,-1.005379580449687110e-10,0.000000000000000000e+00
2.787999999999914547e+00,-6.605038438010684672e-14,1.299766274563667896e-11,-9.869727121468487991e-11,0.000000000000000000e+00
2.789999999999914326e+00,-4.101492314659722532e-14,1.251773061675481246e-11,-9.686065108231072310e-11,0.000000000000000000e+00
2.791999999999914106e+00,-1.691924114864221397e-14,1.204784099897750526e-11,-9.502918869992866270e-11,0.000000000000000000e+00
2.793999999999913886e+00,6.256609031620490587e-15,1.158792509013135228e-11,-9.320392944358046165e-11,0.000000000000000000e+00
2.795999999999913666e+00,2.853242896929253283e-14,1.113790996883602065e-11,-9.138587406823157300e-11,0.000000000000000000e+00
2.797999999999913445e+00,4.992786657584706140e-14,1.069771880327726444e-11,-8.957597975228588456e-11,0.000000000000000000e+00
2.799999999999913225e+00,7.046240868498358036e-14,1.026727105456825713e-11,-8.777516113134475036e-11,0.000000000000000000e+00
2.801999999999913005e+00,9.015537403452397762e-14,9.846482674770200294e-12,-8.598429132092352278e-11,0.000000000000000000e+00
2.803999999999912784e+00,1.090259066338120824e-13,9.435266299644048519e-12,-8.420420292785735919e-11,0.000000000000000000e+00
2.805999999999912564e+00,1.270929695062240902e-13,9.033531436206000536e-12,-8.243568905014592585e-11,0.000000000000000000e+00
2.807999999999912344e+00,1.443753387965443402e-13,8.641184645160128269e-12,-8.067950426500457418e-11,0.000000000000000000e+00
2.809999999999912124e+00,1.608915982331086364e-13,8.258129718282153948e-12,-7.893636560490592734e-11,0.000000000000000000e+00
2.811999999999911903e+00,1.766601339347665953e-13,7.884267850828986293e-12,-7.720695352141322443e-11,0.000000000000000000e+00
2.813999999999911683e+00,1.916991295528647266e-13,7.519497809049067883e-12,-7.549191283662172362e-11,0.000000000000000000e+00
2.815999999999911463e+00,2.060265617386028809e-13,7.163716092869078558e-12,-7.379185368204085409e-11,0.000000000000000000e+00
2.817999999999911243e+00,2.196601959262685766e-13,6.816817093832847476e-12,-7.210735242476426917e-11,0.000000000000000000e+00
2.819999999999911022e+00,2.326175824230058633e-13,6.478693248368647958e-12,-7.043895258078964869e-11,0.000000000000000000e+00
2.821999999999910802e+00,2.449160527959284016e-13,6.149235186461274618e-12,-6.878716571536447068e-11,0.000000000000000000e+00
2.823999999999910582e+00,2.565727165475393192e-13,5.828331875805470290e-12,-6.715247233024691028e-11,0.000000000000000000e+00
2.825999999999910361e+00,2.676044580705740799e-13,5.515870761517378537e-12,-6.553532273778495630e-11,0.000000000000000000e+00
2.827999999999910141e+00,2.780279338735355839e-13,5.211737901480764534e-12,-6.393613792172895975e-11,0.000000000000000000e+00
2.829999999999909921e+00,2.878595700683450523e-13,4.915818097404731797e-12,-6.235531038470545534e-11,0.000000000000000000e+00
2.831999999999909701e+00,2.971155601116843186e-13,4.627995021669626689e-12,-6.079320498229175577e-11,0.000000000000000000e+00
2.833999999999909480e+00,3.058118627917597401e-13,4.348151340037710320e-12,-5.925015974364246338e-11,0.000000000000000000e+00
2.835999999999909260e+00,3.139642004523698079e-13,4.076168830305029676e-12,-5.772648667862982285e-11,0.000000000000000000e+00
2.837999999999909040e+00,3.215880574463112581e-13,3.811928496970729935e-12,-5.622247257147074094e-11,0.000000000000000000e+00
2.839999999999908820e+00,3.286986788103108548e-13,3.555310681999804807e-12,-5.473837976082330280e-11,0.000000000000000000e+00
2.841999999999908599e+00,3.353110691538208236e-13,3.306195171754996134e-12,-5.327444690634563093e-11,0.000000000000000000e+00
2.843999999999908379e+00,3.414399917541673226e-13,3.064461300173241421e-12,-5.183088974171931637e-11,0.000000000000000000e+00
2.845999999999908159e+00,3.470999678506907298e-13,2.829988048261696731e-12,-5.040790181414882819e-11,0.000000000000000000e+00
2.847999999999907939e+00,3.523052761306666756e-13,2.602654139987966207e-12,-4.900565521035706370e-11,0.000000000000000000e+00
2.849999999999907718e+00,3.570699523999441695e-13,2.382338134638740114e-12,-4.762430126910545448e-11,0.000000000000000000e+00
2.851999999999907498e+00,3.614077894313853017e-13,2.168918515720567899e-12,-4.626397128027536652e-11,0.000000000000000000e+00
2.853999999999907278e+00,3.653323369843373082e-13,1.962273776475999635e-12,-4.492477717055498416e-11,0.000000000000000000e+00
2.855999999999907057e+00,3.688569019885128931e-13,1.762282502087795857e-12,-4.360681217578339588e-11,0.000000000000000000e+00
2.857999999999906837e+00,3.719945488857995939e-13,1.568823448643347404e-12,-4.231015150001074756e-11,0.000000000000000000e+00
2.859999999999906617e+00,3.747581001236613047e-13,1.381775618930859214e-12,-4.103485296133977809e-11,0.000000000000000000e+00
2.861999999999906397e+00,3.771601367939377930e-13,1.201018335138243160e-12,-3.978095762462097357e-11,0.000000000000000000e+00
2.863999999999906176e+00,3.792129994109878512e-13,1.026431308525023603e-12,-3.854849042107921772e-11,0.000000000000000000e+00
2.865999999999905956e+00,3.809287888232616673e-13,8.578947061369015127e-13,-3.733746075495614952e-11,0.000000000000000000e+00
2.867999999999905736e+00,3.823193672525255332e-13,6.952892146319416144e-13,-3.614786309725757638e-11,0.000000000000000000e+00
2.869999999999905516e+00,3.833963594550988217e-13,5.384961012866426357e-13,-3.497967756670104278e-11,0.000000000000000000e+00
2.871999999999905295e+00,3.841711539995976679e-13,3.873972722494304790e-13,-3.383287049796325565e-11,0.000000000000000000e+00
2.873999999999905075e+00,3.846549046558144345e-13,2.418753281083736438e-13,-3.270739499733214027e-11,0.000000000000000000e+00
2.875999999999904855e+00,3.848585318894927542e-13,1.018136168391641318e-13,-3.160319148587273420e-11,0.000000000000000000e+00
2.877999999999904635e+00,3.847927244578900170e-13,-3.290371580136530731e-14,-3.052018823022028153e-11,0.000000000000000000e+00
2.879999999999904414e+00,3.844679411011465966e-13,-1.623916783717033987e-13,-2.945830186111810357e-11,0.000000000000000000e+00
2.881999999999904194e+00,3.838944123246097561e-13,-2.867643882684181645e-13,-2.841743787982143759e-11,0.000000000000000000e+00
2.883999999999903974e+00,3.830821422673850728e-13,-4.061350286123385083e-13,-2.739749115249209614e-11,0.000000000000000000e+00
2.885999999999903753e+00,3.820409106525128293e-13,-5.206158074361120311e-13,-2.639834639271213091e-11,0.000000000000000000e+00
2.887999999999903533e+00,3.807802748142889924e-13,-6.303179191119252376e-13,-2.541987863224771588e-11,0.000000000000000000e+00
2.889999999999903313e+00,3.793095717983709671e-13,-7.353515079590160865e-13,-2.446195368019754706e-11,0.000000000000000000e+00
2.891999999999903093e+00,3.776379205304280686e-13,-8.358256339714604512e-13,-2.352442857066256026e-11,0.000000000000000000e+00
2.893999999999902872e+00,3.757742240492129249e-13,-9.318482406075740821e-13,-2.260715199907643729e-11,0.000000000000000000e+00
2.895999999999902652e+00,3.737271718000466495e-13,-1.023526124583136884e-12,-2.170996474733863608e-11,0.000000000000000000e+00
2.897999999999902432e+00,3.715052419848236138e-13,-1.110964907611519446e-12,-2.083270009789373193e-11,0.000000000000000000e+00
2.899999999999902212e+00,3.691167039647542845e-13,-1.194269010034666696e-12,-1.997518423690300919e-11,0.000000000000000000e+00
2.901999999999901991e+00,3.665696207121747545e-13,-1.273541626289776900e-12,-1.913723664665576759e-11,0.000000000000000000e+00
2.903999999999901771e+00,3.638718513078599428e-13,-1.348884702157397797e-12,-1.831867048736961385e-11,0.000000000000000000e+00
2.905999999999901551e+00,3.610310534803848716e-13,-1.420398913737547080e-12,-1.751929296853041471e-11,0.000000000000000000e+00
2.907999999999901330e+00,3.580546861841821345e-13,-1.488183648101357873e-12,-1.673890570992370858e-11,0.000000000000000000e+00
2.909999999999901110e+00,3.549500122130488789e-13,-1.552336985566635263e-12,-1.597730509251082740e-11,0.000000000000000000e+00
2.911999999999900890e+00,3.517241008459556876e-13,-1.612955683546605131e-12,-1.523428259930361639e-11,0.000000000000000000e+00
2.913999999999900670e+00,3.483838305221116220e-13,-1.670135161922026555e-12,-1.450962514639271570e-11,0.000000000000000000e+00
2.915999999999900449e+00,3.449358915423361736e-13,-1.723969489887728006e-12,-1.380311540428506904e-11,0.000000000000000000e+00
2.917999999999900229e+00,3.413867887938851490e-13,-1.774551374225519772e-12,-1.311453210970665375e-11,0.000000000000000000e+00
2.919999999999900009e+00,3.377428444959725280e-13,-1.821972148956320402e-12,-1.244365036802723822e-11,0.000000000000000000e+00
2.921999999999899789e+00,3.340102009633220729e-13,-1.866321766325222704e-12,-1.179024194646398501e-11,0.000000000000000000e+00
2.923999999999899568e+00,3.301948233851738461e-13,-1.907688789074104137e-12,-1.115407555822107378e-11,0.000000000000000000e+00
2.925999999999899348e+00,3.263025026172592977e-13,-1.946160383957270740e-12,-1.053491713772257951e-11,0.000000000000000000e+00
2.927999999999899128e+00,3.223388579843462823e-13,-1.981822316456495194e-12,-9.932530107095741030e-12,0.000000000000000000e+00
2.929999999999898908e+00,3.183093400910409365e-13,-2.014758946652681567e-12,-9.346675634061823198e-12,0.000000000000000000e+00
2.931999999999898687e+00,3.142192336386164045e-13,-2.045053226212260954e-12,-8.777112881391226343e-12,0.000000000000000000e+00
2.933999999999898467e+00,3.100736602457218496e-13,-2.072786696447275636e-12,-8.223599248079542071e-12,0.000000000000000000e+00
2.935999999999898247e+00,3.058775812709039026e-13,-2.098039487408974106e-12,-7.685890602400520973e-12,0.000000000000000000e+00
2.937999999999898026e+00,3.016358006349527178e-13,-2.120890317975585115e-12,-7.163741506991536510e-12,0.000000000000000000e+00
2.939999999999897806e+00,2.973529676411611450e-13,-2.141416496895785008e-12,-6.656905436126612346e-12,0.000000000000000000e+00
2.941999999999897586e+00,2.930335797916607001e-13,-2.159693924750210340e-12,-6.165134985331172476e-12,0.000000000000000000e+00
2.943999999999897366e+00,2.886819855980722852e-13,-2.175797096794198145e-12,-5.688182073492198467e-12,0.000000000000000000e+00
2.945999999999897145e+00,2.843023873847807434e-13,-2.189799106645762614e-12,-5.225798137616360182e-12,0.000000000000000000e+00
2.947999999999896925e+00,2.798988440832134709e-13,-2.201771650783631210e-12,-4.777734320388027183e-12,0.000000000000000000e+00
2.949999999999896705e+00,2.754752740155715172e-13,-2.211785033820973036e-12,-4.343741650677937087e-12,0.000000000000000000e+00
2.951999999999896485e+00,2.710354576665290039e-13,-2.219908174521255625e-12,-3.923571217152276119e-12,0.000000000000000000e+00
2.953999999999896264e+00,2.665830404414820742e-13,-2.226208612523453145e-12,-3.516974335130941586e-12,0.000000000000000000e+00
2.955999999999896044e+00,2.621215354099928031e-13,-2.230752515744623423e-12,-3.123702706842437675e-12,0.000000000000000000e+00
2.957999999999895824e+00,2.576543260331355496e-13,-2.233604688428637035e-12,-2.743508575221747690e-12,0.000000000000000000e+00
2.959999999999895604e+00,2.531846688735143190e-13,-2.234828579810614725e-12,-2.376144871396226908e-12,0.000000000000000000e+00
2.961999999999895383e+00,2.487156962867795318e-13,-2.234486293367389571e-12,-2.021365356003245161e-12,0.000000000000000000e+00
2.963999999999895163e+00,2.442504190935294450e-13,-2.232638596625050257e-12,-1.678924754481954349e-12,0.000000000000000000e+00
2.965999999999894943e+00,2.397917292305387219e-13,-2.229344931495374253e-12,-1.348578886480105348e-12,0.000000000000000000e+00
2.967999999999894722e+00,2.353424023803113763e-13,-2.224663425113679468e-12,-1.030084789515475167e-12,0.000000000000000000e+00
2.969999999999894502e+00,2.309051005780086809e-13,-2.218650901151349137e-12,-7.232008370299013701e-13,0.000000000000000000e+00
2.971999999999894282e+00,2.264823747948546825e-13,-2.211362891576994748e-12,-4.276868509724149967e-13,0.000000000000000000e+00
2.973999999999894062e+00,2.220766674971728322e-13,-2.202853648840925421e-12,-1.433042090464220016e-13,0.000000000000000000e+00
2.975999999999893841e+00,2.176903151802562864e-13,-2.193176158458276738e-12,1.301840532457097779e-13,0.000000000000000000e+00
2.977999999999893621e+00,2.133255508763225996e-13,-2.182382151966842298e-12,3.930131456289296096e-13,0.000000000000000000e+00
2.979999999999893401e+00,2.089845066358499788e-13,-2.170522120236316874e-12,6.454164310225358835e-13,0.000000000000000000e+00
2.981999999999893181e+00,2.046692159816373276e-13,-2.157645327106323672e-12,8.876253383196027614e-13,0.000000000000000000e+00
2.983999999999892960e+00,2.003816163349748390e-13,-2.143799823331249259e-12,1.119869279852006949e-12,0.000000000000000000e+00
2.985999999999892740e+00,1.961235514133537485e-13,-2.129032460810548298e-12,1.342375573416085696e-12,0.000000000000000000e+00
2.987999999999892520e+00,1.918967735991861182e-13,-2.113388907083815142e-12,1.555369368735630872e-12,0.000000000000000000e+00
2.989999999999892299e+00,1.877029462790450530e-13,-2.096913660070536908e-12,1.759073578240691429e-12,0.000000000000000000e+00
2.991999999999892079e+00,1.835436461529749534e-13,-2.079650063035050515e-12,1.953708812042407849e-12,0.000000000000000000e+00
2.993999999999891859e+00,1.794203655134592745e-13,-2.061640319757833213e-12,2.139493316985924557e-12,0.000000000000000000e+00
2.995999999999891639e+00,1.753345144936696127e-13,-2.042925509894835752e-12,2.316642919665116193e-12,0.000000000000000000e+00
2.997999999999891418e+00,1.712874232846553064e-13,-2.023545604507153758e-12,2.485370973284805556e-12,0.000000000000000000e+00
2.999999999999891198e+00,1.672803443211674977e-13,-2.003539481743899191e-12,2.645888308257794114e-12,0.000000000000000000e+00
3.001999999999890978e+00,1.633144544358441165e-13,-1.982944942661691894e-12,2.798403186426006639e-12,0.000000000000000000e+00
3.003999999999890758e+00,1.593908569815146351e-13,-1.961798727164736563e-12,2.943121258796722097e-12,0.000000000000000000e+00
3.005999999999890537e+00,1.555105839214146426e-13,-1.940136530049994856e-12,3.080245526686787037e-12,0.000000000000000000e+00
3.007999999999890317e+00,1.516745978871296722e-13,-1.917993017142481830e-12,3.209976306169481670e-12,0.000000000000000000e+00
3.009999999999890097e+00,1.478837942041171993e-13,-1.895401841506240515e-12,3.332511195720547366e-12,0.000000000000000000e+00
3.011999999999889877e+00,1.441390028846830898e-13,-1.872395659717050893e-12,3.448045046961759960e-12,0.000000000000000000e+00
3.013999999999889656e+00,1.404409905883162480e-13,-1.849006148183424349e-12,3.556769938402094140e-12,0.000000000000000000e+00
3.015999999999889436e+00,1.367904625493103751e-13,-1.825264019502930588e-12,3.658875152078614692e-12,0.000000000000000000e+00
3.017999999999889216e+00,1.331880644716276297e-13,-1.801199038841370792e-12,3.754547153000755557e-12,0.000000000000000000e+00
3.019999999999888995e+00,1.296343843909820498e-13,-1.776840040322784689e-12,3.843969571303713933e-12,0.000000000000000000e+00
3.021999999999888775e+00,1.261299545041445805e-13,-1.752214943418730209e-12,3.927323187018274824e-12,0.000000000000000000e+00
3.023999999999888555e+00,1.226752529654931323e-13,-1.727350769325729162e-12,4.004785917366383118e-12,0.000000000000000000e+00
3.025999999999888335e+00,1.192707056508527304e-13,-1.702273657320202950e-12,4.076532806493405572e-12,0.000000000000000000e+00
3.027999999999888114e+00,1.159166878886914136e-13,-1.677008881080653046e-12,4.142736017549912089e-12,0.000000000000000000e+00
3.029999999999887894e+00,1.126135261587568896e-13,-1.651580864967260461e-12,4.203564827037532723e-12,0.000000000000000000e+00
3.031999999999887674e+00,1.093614997582579256e-13,-1.626013200249484907e-12,4.259185621335245007e-12,0.000000000000000000e+00
3.033999999999887454e+00,1.061608424357126407e-13,-1.600328661272644051e-12,4.309761895324140950e-12,0.000000000000000000e+00
3.035999999999887233e+00,1.030117439926029549e-13,-1.574549221554845404e-12,4.355454253030526035e-12,0.000000000000000000e+00
3.037999999999887013e+00,9.991435185299091033e-14,-1.548696069806022075e-12,4.396420410208903773e-12,0.000000000000000000e+00
3.039999999999886793e+00,9.686877260126852147e-14,-1.522789625861194783e-12,4.432815198788076342e-12,0.000000000000000000e+00
3.041999999999886573e+00,9.387507348822762689e-14,-1.496849556520449665e-12,4.464790573105386762e-12,0.000000000000000000e+00
3.043999999999886352e+00,9.093328390565069510e-14,-1.470894791288467761e-12,4.492495617855686277e-12,0.000000000000000000e+00
3.045999999999886132e+00,8.804339682963710366e-14,-1.444943538006796277e-12,4.516076557683402330e-12,0.000000000000000000e+00
3.047999999999885912e+00,8.520537023289234853e-14,-1.419013298372378070e-12,4.535676768347636680e-12,0.000000000000000000e+00
3.049999999999885691e+00,8.241912846621995969e-14,-1.393120883336193054e-12,4.551436789391947858e-12,0.000000000000000000e+00
3.051999999999885471e+00,7.968456360946761177e-14,-1.367282428376176841e-12,4.563494338252005379e-12,0.000000000000000000e+00
3.053999999999885251e+00,7.700153679218981109e-14,-1.341513408638897562e-12,4.571984325735995406e-12,0.000000000000000000e+00
3.055999999999885031e+00,7.436987948430026927e-14,-1.315828653944771922e-12,4.577038872814153633e-12,0.000000000000000000e+00
3.057999999999884810e+00,7.178939475699647632e-14,-1.290242363651896980e-12,4.578787328655457935e-12,0.000000000000000000e+00
3.059999999999884590e+00,6.925985851424875588e-14,-1.264768121373860520e-12,4.577356289850983488e-12,0.000000000000000000e+00
3.061999999999884370e+00,6.678102069515441527e-14,-1.239418909547170758e-12,4.572869620765012844e-12,0.000000000000000000e+00
3.063999999999884150e+00,6.435260644746598404e-14,-1.214207123844217941e-12,4.565448474956465205e-12,0.000000000000000000e+00
3.065999999999883929e+00,6.197431727261009513e-14,-1.189144587427941525e-12,4.555211317614724587e-12,0.000000000000000000e+00
3.067999999999883709e+00,5.964583214252082035e-14,-1.164242565044634918e-12,4.542273948955413512e-12,0.000000000000000000e+00
3.069999999999883489e+00,5.736680858861769608e-14,-1.139511776951563698e-12,4.526749528523094304e-12,0.000000000000000000e+00
3.071999999999883268e+00,5.513688376326505586e-14,-1.114962412676318825e-12,4.508748600349346230e-12,0.000000000000000000e+00
3.073999999999883048e+00,5.295567547405494691e-14,-1.090604144605054728e-12,4.488379118916042373e-12,0.000000000000000000e+00
3.075999999999882828e+00,5.082278319126096308e-14,-1.066446141396992821e-12,4.465746475875065418e-12,0.000000000000000000e+00
3.077999999999882608e+00,4.873778902881538776e-14,-1.042497081222788042e-12,4.440953527477073113e-12,0.000000000000000000e+00
3.079999999999882387e+00,4.670025869916624968e-14,-1.018765164824568306e-12,4.414100622663246577e-12,0.000000000000000000e+00
3.081999999999882167e+00,4.470974244237492117e-14,-9.952581283956643329e-13,4.385285631775320566e-12,0.000000000000000000e+00
3.083999999999881947e+00,4.276577592981843463e-14,-9.719832562782446292e-13,4.354603975840482465e-12,0.000000000000000000e+00
3.085999999999881727e+00,4.086788114286390583e-14,-9.489473934772654865e-13,4.322148656389011123e-12,0.000000000000000000e+00
3.087999999999881506e+00,3.901556722688524775e-14,-9.261569579893288133e-13,4.288010285763810282e-12,0.000000000000000000e+00
3.089999999999881286e+00,3.720833132099480157e-14,-9.036179529452246032e-13,4.252277117882212700e-12,0.000000000000000000e+00
3.091999999999881066e+00,3.544565936386459359e-14,-8.813359785651049785e-13,4.215035079411672644e-12,0.000000000000000000e+00
3.093999999999880846e+00,3.372702687601377607e-14,-8.593162439254083041e-13,4.176367801322164852e-12,0.000000000000000000e+00
3.095999999999880625e+00,3.205189971894015442e-14,-8.375635785368116086e-13,4.136356650779280112e-12,0.000000000000000000e+00
3.097999999999880405e+00,3.041973483147486391e-14,-8.160824437326458571e-13,4.095080763343177339e-12,0.000000000000000000e+00
3.099999999999880185e+00,2.882998094374014315e-14,-7.948769438673612925e-13,4.052617075439678888e-12,0.000000000000000000e+00
3.101999999999879964e+00,2.728207926909059908e-14,-7.739508373247726397e-13,4.009040357070933191e-12,0.000000000000000000e+00
3.103999999999879744e+00,2.577546417441868701e-14,-7.533075473359555301e-13,3.964423244734149684e-12,0.000000000000000000e+00
3.105999999999879524e+00,2.430956382920509074e-14,-7.329501726067983881e-13,3.918836274517979644e-12,0.000000000000000000e+00
3.107999999999879304e+00,2.288380083369440115e-14,-7.128814977553450852e-13,3.872347915347208741e-12,0.000000000000000000e+00
3.109999999999879083e+00,2.149759282657603069e-14,-6.931040035591855422e-13,3.825024602347402084e-12,0.000000000000000000e+00
3.111999999999878863e+00,2.015035307254948720e-14,-6.736198770132720251e-13,3.776930770302216922e-12,0.000000000000000000e+00
3.113999999999878643e+00,1.884149103015218056e-14,-6.544310211986529788e-13,3.728128887177049739e-12,0.000000000000000000e+00
3.115999999999878423e+00,1.757041290022673060e-14,-6.355390649627257003e-13,3.678679487683667558e-12,0.000000000000000000e+00
3.117999999999878202e+00,1.633652215540330539e-14,-6.169453724117128544e-13,3.628641206861438605e-12,0.000000000000000000e+00
3.119999999999877982e+00,1.513922005097096382e-14,-5.986510522161704216e-13,3.578070813651686217e-12,0.000000000000000000e+00
3.121999999999877762e+00,1.397790611751010638e-14,-5.806569667304286781e-13,3.527023244442620889e-12,0.000000000000000000e+00
3.123999999999877542e+00,1.285197863565618681e-14,-5.629637409269597935e-13,3.475551636563183428e-12,0.000000000000000000e+00
3.125999999999877321e+00,1.176083509336267868e-14,-5.455717711467538841e-13,3.423707361705016677e-12,0.000000000000000000e+00
3.127999999999877101e+00,1.070387262602894327e-14,-5.284812336668675519e-13,3.371540059252625055e-12,0.000000000000000000e+00
3.129999999999876881e+00,9.680488439856165348e-15,-5.116920930863886089e-13,3.319097669502615542e-12,0.000000000000000000e+00
3.131999999999876660e+00,8.690080218791892808e-15,-4.952041105321364154e-13,3.266426466753739772e-12,0.000000000000000000e+00
3.133999999999876440e+00,7.732046515420917760e-15,-4.790168516854875426e-13,3.213571092250226667e-12,0.000000000000000000e+00
3.135999999999876220e+00,6.805787126157344364e-15,-4.631296946317866413e-13,3.160574586961705708e-12,0.000000000000000000e+00
3.137999999999876000e+00,5.910703451089617824e-15,-4.475418375338631909e-13,3.107478424183736215e-12,0.000000000000000000e+00
3.139999999999875779e+00,5.046198838827139008e-15,-4.322523061312393201e-13,3.054322541943743604e-12,0.000000000000000000e+00
3.141999999999875559e+00,4.211678916693803515e-15,-4.172599610666678664e-13,3.001145375197838486e-12,0.000000000000000000e+00
3.143999999999875339e+00,3.406551906610411968e-15,-4.025635050416958271e-13,2.947983887804733609e-12,0.000000000000000000e+00
3.145999999999875119e+00,2.630228927004414644e-15,-3.881614898029985419e-13,2.894873604263635240e-12,0.000000000000000000e+00
3.147999999999874898e+00,1.882124281081861123e-15,-3.740523229612768488e-13,2.841848641203665724e-12,0.000000000000000000e+00
3.149999999999874678e+00,1.161655731792751100e-15,-3.602342746445549421e-13,2.788941738613019398e-12,0.000000000000000000e+00
3.151999999999874458e+00,4.682447638172358202e-16,-3.467054839877576099e-13,2.736184290796682096e-12,0.000000000000000000e+00
3.153999999999874237e+00,-1.986831671037329093e-16,-3.334639654604843501e-13,2.683606377052173344e-12,0.000000000000000000e+00
3.155999999999874017e+00,-8.396983971735999355e-16,-3.205076150349335084e-13,2.631236792053356003e-12,0.000000000000000000e+00
3.157999999999873797e+00,-1.455366829565526179e-15,-3.078342161959630557e-13,2.579103075932946584e-12,0.000000000000000000e+00
3.159999999999873577e+00,-2.046249721156136518e-15,-2.954414457953051161e-13,2.527231544054931781e-12,0.000000000000000000e+00
3.161999999999873356e+00,-2.612903480660094037e-15,-2.833268797519788716e-13,2.475647316468638420e-12,0.000000000000000000e+00
3.163999999999873136e+00,-3.155879477862038653e-15,-2.714879986009723693e-13,2.424374347036741965e-12,0.000000000000000000e+00
3.165999999999872916e+00,-3.675723863646612673e-15,-2.599221928922870336e-13,2.373435452230025446e-12,0.000000000000000000e+00
3.167999999999872696e+00,-4.172977400531529639e-15,-2.486267684424586250e-13,2.322852339582191396e-12,0.000000000000000000e+00
3.169999999999872475e+00,-4.648175303412905522e-15,-2.375989514406881309e-13,2.272645635798537463e-12,0.000000000000000000e+00
3.171999999999872255e+00,-5.101847090236368359e-15,-2.268358934117312166e-13,2.222834914512759177e-12,0.000000000000000000e+00
3.173999999999872035e+00,-5.534516442311788930e-15,-2.163346760377101911e-13,2.173438723686624744e-12,0.000000000000000000e+00
3.175999999999871815e+00,-5.946701073993837082e-15,-2.060923158410239242e-13,2.124474612647698562e-12,0.000000000000000000e+00
3.177999999999871594e+00,-6.338912611454921229e-15,-1.961057687305420609e-13,2.075959158760729933e-12,0.000000000000000000e+00
3.179999999999871374e+00,-6.711656480281477135e-15,-1.863719344132778267e-13,2.027907993728740734e-12,0.000000000000000000e+00
3.181999999999871154e+00,-7.065431801628958112e-15,-1.768876606737404606e-13,1.980335829520240371e-12,0.000000000000000000e+00
3.183999999999870933e+00,-7.400731296675305897e-15,-1.676497475231735862e-13,1.933256483919413187e-12,0.000000000000000000e+00
3.185999999999870713e+00,-7.718041199117081691e-15,-1.586549512208881560e-13,1.886682905696472035e-12,0.000000000000000000e+00
3.187999999999870493e+00,-8.017841175456882920e-15,-1.498999881699009738e-13,1.840627199395758298e-12,0.000000000000000000e+00
3.189999999999870273e+00,-8.300604252835062011e-15,-1.413815386890893753e-13,1.795100649739519963e-12,0.000000000000000000e+00
3.191999999999870052e+00,-8.566796754163203255e-15,-1.330962506640710259e-13,1.750113745645624568e-12,0.000000000000000000e+00
3.193999999999869832e+00,-8.816878240321232961e-15,-1.250407430790152255e-13,1.705676203857820416e-12,0.000000000000000000e+00
3.195999999999869612e+00,-9.051301459184408452e-15,-1.172116094315873858e-13,1.661796992187451712e-12,0.000000000000000000e+00
3.197999999999869392e+00,-9.270512301250854554e-15,-1.096054210332228174e-13,1.618484352365850928e-12,0.000000000000000000e+00
3.199999999999869171e+00,-9.474949761644692857e-15,-1.022187301969190883e-13,1.575745822506928160e-12,0.000000000000000000e+00
3.201999999999868951e+00,-9.665045908274149325e-15,-9.504807331472793143e-14,1.533588259179755524e-12,0.000000000000000000e+00
3.203999999999868731e+00,-9.841225855928386665e-15,-8.808997382711837946e-14,1.492017859091218095e-12,0.000000000000000000e+00
3.205999999999868511e+00,-1.000390774610113080e-14,-8.134094508637236537e-14,1.451040180379069438e-12,0.000000000000000000e+00
3.207999999999868290e+00,-1.015350273233345541e-14,-7.479749311616253005e-14,1.410660163515976572e-12,0.000000000000000000e+00
3.209999999999868070e+00,-1.029041497087235454e-14,-6.845611926944935526e-14,1.370882151825383180e-12,0.000000000000000000e+00
3.211999999999867850e+00,-1.041504161644599804e-14,-6.231332278682143773e-14,1.331709911610251471e-12,0.000000000000000000e+00
3.213999999999867629e+00,-1.052777282296077382e-14,-5.636560325738801536e-14,1.293146651895965902e-12,0.000000000000000000e+00
3.215999999999867409e+00,-1.062899174892940971e-14,-5.060946298431783691e-14,1.255195043788895573e-12,0.000000000000000000e+00
3.217999999999867189e+00,-1.071907456744361422e-14,-4.504140925710215900e-14,1.217857239452306435e-12,0.000000000000000000e+00
3.219999999999866969e+00,-1.079839048050881986e-14,-3.965795653260281683e-14,1.181134890701528073e-12,0.000000000000000000e+00
3.221999999999866748e+00,-1.086730173756267715e-14,-3.445562852692860677e-14,1.145029167220443026e-12,0.000000000000000000e+00
3.223999999999866528e+00,-1.092616365800300667e-14,-2.943096022016489841e-14,1.109540774401559645e-12,0.000000000000000000e+00
3.225999999999866308e+00,-1.097532465755493053e-14,-2.458049977596229375e-14,1.074669970812092692e-12,0.000000000000000000e+00
3.227999999999866088e+00,-1.101512627831087235e-14,-1.990081037797055589e-14,1.040416585288634185e-12,0.000000000000000000e+00
3.229999999999865867e+00,-1.104590322228104031e-14,-1.538847198508372122e-14,1.006780033663152919e-12,0.000000000000000000e+00
3.231999999999865647e+00,-1.106798338829592379e-14,-1.104008300744152250e-14,9.737593351232060709e-13,0.000000000000000000e+00
3.233999999999865427e+00,-1.108168791210614581e-14,-6.852261905110944109e-15,9.413531282093791988e-13,0.000000000000000000e+00
3.235999999999865206e+00,-1.108733120952884575e-14,-2.821648711349882060e-15,9.095596864531066408e-13,0.000000000000000000e+00
3.237999999999864986e+00,-1.108522102249351094e-14,1.055093517667342750e-15,8.783769336581421648e-13,0.000000000000000000e+00
3.239999999999864766e+00,-1.107565846784390044e-14,4.781277324805562304e-15,8.478024588290675492e-13,0.000000000000000000e+00
3.241999999999864546e+00,-1.105893808875635698e-14,8.360189543771416938e-15,8.178335307503372481e-13,0.000000000000000000e+00
3.243999999999864325e+00,-1.103534790863845223e-14,1.179509005895252024e-14,7.884671122194560417e-13,0.000000000000000000e+00
3.245999999999864105e+00,-1.100516948737543985e-14,1.508921063150628611e-14,7.596998739379849246e-13,0.000000000000000000e+00
3.247999999999863885e+00,-1.096867797979556921e-14,1.824575378993559150e-14,7.315282080641607545e-13,0.000000000000000000e+00
3.249999999999863665e+00,-1.092614219622874403e-14,2.126789178341281563e-14,7.039482414309969720e-13,0.000000000000000000e+00
3.251999999999863444e+00,-1.087782466503646714e-14,2.415876559613826979e-14,6.769558484338111621e-13,0.000000000000000000e+00
3.253999999999863224e+00,-1.082398169699437932e-14,2.692148402104385374e-14,6.505466635911995406e-13,0.000000000000000000e+00
3.255999999999863004e+00,-1.076486345141202446e-14,2.955912279117771655e-14,6.247160937835402498e-13,0.000000000000000000e+00
3.257999999999862784e+00,-1.070071400387776288e-14,3.207472376713078272e-14,5.994593301731747943e-13,0.000000000000000000e+00
3.259999999999862563e+00,-1.063177141551998096e-14,3.447129417889134842e-14,5.747713598104676388e-13,0.000000000000000000e+00
3.261999999999862343e+00,-1.055826780367890242e-14,3.675180592053926952e-14,5.506469769299981131e-13,0.000000000000000000e+00
3.263999999999862123e+00,-1.048042941388646830e-14,3.891919489621677096e-14,5.270807939411831950e-13,0.000000000000000000e+00
3.265999999999861902e+00,-1.039847669305479119e-14,4.097636041583846983e-14,5.040672521176755872e-13,0.000000000000000000e+00
3.267999999999861682e+00,-1.031262436377673305e-14,4.292616463902883266e-14,4.816006319899080583e-13,0.000000000000000000e+00
3.269999999999861462e+00,-1.022308149964513110e-14,4.477143206580092247e-14,4.596750634452030831e-13,0.000000000000000000e+00
3.271999999999861242e+00,-1.013005160150009978e-14,4.651494907251598273e-14,4.382845355398800953e-13,0.000000000000000000e+00
3.273999999999861021e+00,-1.003373267451672188e-14,4.815946349168904623e-14,4.174229060278253803e-13,0.000000000000000000e+00
3.275999999999860801e+00,-9.934317306048258650e-15,4.970768423423148696e-14,3.970839106100087711e-13,0.000000000000000000e+00
3.277999999999860581e+00,-9.831992744142764718e-15,5.116228095274697242e-14,3.772611719094454486e-13,0.000000000000000000e+00
3.279999999999860361e+00,-9.726940976653718369e-15,5.252588374452287167e-14,3.579482081761145214e-13,0.000000000000000000e+00
3.281999999999860140e+00,-9.619338810867948992e-15,5.380108289288474525e-14,3.391384417263579321e-13,0.000000000000000000e+00
3.283999999999859920e+00,-9.509357953576735518e-15,5.499042864560688204e-14,3.208252071212838356e-13,0.000000000000000000e+00
3.285999999999859700e+00,-9.397165091518540389e-15,5.609643102909719218e-14,3.030017590887056685e-13,0.000000000000000000e+00
3.287999999999859480e+00,-9.282921972124339526e-15,5.712155969710006576e-14,2.856612801931466612e-13,0.000000000000000000e+00
3.289999999999859259e+00,-9.166785484498968434e-15,5.806824381268587375e-14,2.687968882584304595e-13,0.000000000000000000e+00
3.291999999999859039e+00,-9.048907740574327975e-15,5.893887196232060832e-14,2.524016435473813967e-13,0.000000000000000000e+00
3.293999999999858819e+00,-8.929436156372659888e-15,5.973579210083432763e-14,2.364685557031381700e-13,0.000000000000000000e+00
3.295999999999858598e+00,-8.808513533320397772e-15,6.046131152613136069e-14,2.209905904565808858e-13,0.000000000000000000e+00
3.297999999999858378e+00,-8.686278139555377435e-15,6.111769688250994763e-14,2.059606761043505885e-13,0.000000000000000000e+00
3.299999999999858158e+00,-8.562863791172410380e-15,6.170717419148331296e-14,1.913717097619263520e-13,0.000000000000000000e+00
3.301999999999857938e+00,-8.438399933354374647e-15,6.223192890901822640e-14,1.772165633962042110e-13,0.000000000000000000e+00
3.303999999999857717e+00,-8.313011721338111866e-15,6.269410600813101158e-14,1.634880896420008062e-13,0.000000000000000000e+00
3.305999999999857497e+00,-8.186820101166501990e-15,6.309581008580489374e-14,1.501791274068809841e-13,0.000000000000000000e+00
3.307999999999857277e+00,-8.059941890180070349e-15,6.343910549321586478e-14,1.372825072686787097e-13,0.000000000000000000e+00
3.309999999999857057e+00,-7.932489857203515375e-15,6.372601648827772053e-14,1.247910566700594405e-13,0.000000000000000000e+00
3.311999999999856836e+00,-7.804572802384435443e-15,6.395852740953985867e-14,1.126976049144359661e-13,0.000000000000000000e+00
3.313999999999856616e+00,-7.676295636643447052e-15,6.413858287049444825e-14,1.009949879675201277e-13,0.000000000000000000e+00
3.315999999999856396e+00,-7.547759460696702526e-15,6.426808797337192184e-14,8.967605306876082738e-14,0.000000000000000000e+00
3.317999999999856175e+00,-7.419061643613650324e-15,6.434890854152630947e-14,7.873366315688157540e-14,0.000000000000000000e+00
3.319999999999855955e+00,-7.290295900874581789e-15,6.438287136953403391e-14,6.816070111369427189e-14,0.000000000000000000e+00
3.321999999999855735e+00,-7.161552371894278430e-15,6.437176449015137035e-14,5.795007383033128634e-14,0.000000000000000000e+00
3.323999999999855515e+00,-7.032917696979683048e-15,6.431733745729764697e-14,4.809471609999346802e-14,0.000000000000000000e+00
3.325999999999855294e+00,-6.904475093691177823e-15,6.422130164425242946e-14,3.858759434127476486e-14,0.000000000000000000e+00
3.327999999999855074e+00,-6.776304432578626236e-15,6.408533055627593547e-14,2.942171015608262774e-14,0.000000000000000000e+00
3.329999999999854854e+00,-6.648482312264860570e-15,6.391106015688280114e-14,2.059010372612642391e-14,0.000000000000000000e+00
3.331999999999854634e+00,-6.521082133850821612e-15,6.370008920701963046e-14,1.208585705190872318e-14,0.000000000000000000e+00
3.333999999999854413e+00,-6.394174174617987366e-15,6.345397961641721797e-14,3.902097038101207642e-15,0.000000000000000000e+00
3.335999999999854193e+00,-6.267825661005171220e-15,6.317425680640789913e-14,-3.968001570849495418e-15,0.000000000000000000e+00
3.337999999999853973e+00,-6.142100840838134736e-15,6.286241008351843779e-14,-1.153121340109669815e-14,0.000000000000000000e+00
3.339999999999853753e+00,-6.017061054791798905e-15,6.251989302316801983e-14,-1.879425980200028410e-14,0.000000000000000000e+00
3.341999999999853532e+00,-5.892764807066159094e-15,6.214812386281994336e-14,-2.576380633726680672e-14,0.000000000000000000e+00
3.343999999999853312e+00,-5.769267835258249753e-15,6.174848590395451556e-14,-3.244646041097616943e-14,0.000000000000000000e+00
3.345999999999853092e+00,-5.646623179413752158e-15,6.132232792224890502e-14,-3.884876902489106754e-14,0.000000000000000000e+00
3.347999999999852871e+00,-5.524881250243016221e-15,6.087096458536802506e-14,-4.497721666350292798e-14,0.000000000000000000e+00
3.349999999999852651e+00,-5.404089896487439676e-15,6.039567687778832023e-14,-5.083822330331140041e-14,0.000000000000000000e+00
3.351999999999852431e+00,-5.284294471423252303e-15,5.989771253209383478e-14,-5.643814254289049404e-14,0.000000000000000000e+00
3.353999999999852211e+00,-5.165537898490849432e-15,5.937828646620142271e-14,-6.178325985034342711e-14,0.000000000000000000e+00
3.355999999999851990e+00,-5.047860736038872040e-15,5.883858122598856958e-14,-6.687979092479879341e-14,0.000000000000000000e+00
3.357999999999851770e+00,-4.931301241173242902e-15,5.827974743281439864e-14,-7.173388016865578217e-14,0.000000000000000000e+00
3.359999999999851550e+00,-4.815895432702362203e-15,5.770290423544040030e-14,-7.635159926733425141e-14,0.000000000000000000e+00
3.361999999999851330e+00,-4.701677153170614235e-15,5.710913976587378195e-14,-8.073894587334114204e-14,0.000000000000000000e+00
3.363999999999851109e+00,-4.588678129973270029e-15,5.649951159867203020e-14,-8.490184239151465185e-14,0.000000000000000000e+00
3.365999999999850889e+00,-4.476928035546744816e-15,5.587504721326266356e-14,-8.884613486236171057e-14,0.000000000000000000e+00
3.367999999999850669e+00,-4.366454546629049592e-15,5.523674445884749542e-14,-9.257759194045599600e-14,0.000000000000000000e+00
3.369999999999850449e+00,-4.257283402586098849e-15,5.458557202147552612e-14,-9.610190396491628843e-14,0.000000000000000000e+00
3.371999999999850228e+00,-4.149438462800332476e-15,5.392246989288318640e-14,-9.942468211903888051e-14,0.000000000000000000e+00
3.373999999999850008e+00,-4.042941763118902654e-15,5.324834984071501168e-14,-1.025514576762078937e-13,0.000000000000000000e+00
3.375999999999849788e+00,-3.937813571359399164e-15,5.256409587975176745e-14,-1.054876813292622317e-13,0.000000000000000000e+00
3.377999999999849567e+00,-3.834072441871825676e-15,5.187056474378687318e-14,-1.082387226005489439e-13,0.000000000000000000e+00
3.379999999999849347e+00,-3.731735269156214885e-15,5.116858635780533860e-14,-1.108098693299455306e-13,0.000000000000000000e+00
3.381999999999849127e+00,-3.630817340535949521e-15,5.045896431013258446e-14,-1.132063272381847141e-13,0.000000000000000000e+00
3.383999999999848907e+00,-3.531332387887482657e-15,4.974247632423346970e-14,-1.154332195628691702e-13,0.000000000000000000e+00
3.385999999999848686e+00,-3.433292638427773928e-15,4.901987472985436786e-14,-1.174955867646130413e-13,0.000000000000000000e+00
3.387999999999848466e+00,-3.336708864561347135e-15,4.829188693321347345e-14,-1.193983863008000105e-13,0.000000000000000000e+00
3.389999999999848246e+00,-3.241590432789434057e-15,4.755921588595657244e-14,-1.211464924644978550e-13,0.000000000000000000e+00
3.391999999999848026e+00,-3.147945351684219466e-15,4.682254055260728121e-14,-1.227446962861206861e-13,0.000000000000000000e+00
3.393999999999847805e+00,-3.055780318931715164e-15,4.608251637625225032e-14,-1.241977054954807768e-13,0.000000000000000000e+00
3.395999999999847585e+00,-2.965100767447288966e-15,4.533977574221301841e-14,-1.255101445419210489e-13,0.000000000000000000e+00
3.397999999999847365e+00,-2.875910910568354225e-15,4.459492843946727763e-14,-1.266865546702698831e-13,0.000000000000000000e+00
3.399999999999847144e+00,-2.788213786329168413e-15,4.384856211959286961e-14,-1.277313940504094901e-13,0.000000000000000000e+00
3.401999999999846924e+00,-2.702011300823131846e-15,4.310124275301837680e-14,-1.286490379582964668e-13,0.000000000000000000e+00
3.403999999999846704e+00,-2.617304270658383085e-15,4.235351508237435347e-14,-1.294437790063241747e-13,0.000000000000000000e+00
3.405999999999846484e+00,-2.534092464512884776e-15,4.160590307274908531e-14,-1.301198274209618941e-13,0.000000000000000000e+00
3.407999999999846263e+00,-2.452374643795559678e-15,4.085891035866256786e-14,-1.306813113656557623e-13,0.000000000000000000e+00
3.409999999999846043e+00,-2.372148602420396396e-15,4.011302068758174003e-14,-1.311322773070221959e-13,0.000000000000000000e+00
3.411999999999845823e+00,-2.293411205700777985e-15,3.936869835980923571e-14,-1.314766904224116532e-13,0.000000000000000000e+00
3.413999999999845603e+00,-2.216158428371604122e-15,3.862638866458684628e-14,-1.317184350469664341e-13,0.000000000000000000e+00
3.415999999999845382e+00,-2.140385391747076934e-15,3.788651831226364631e-14,-1.318613151583430158e-13,0.000000000000000000e+00
3.417999999999845162e+00,-2.066086400022302547e-15,3.714949586238710319e-14,-1.319090548973126154e-13,0.000000000000000000e+00
3.419999999999844942e+00,-1.993254975727134598e-15,3.641571214758389087e-14,-1.318652991225003465e-13,0.000000000000000000e+00
3.421999999999844722e+00,-1.921883894340924533e-15,3.568554069310496631e-14,-1.317336139975657678e-13,0.000000000000000000e+00
3.423999999999844501e+00,-1.851965218077089686e-15,3.495933813191743149e-14,-1.315174876091722834e-13,0.000000000000000000e+00
3.425999999999844281e+00,-1.783490328846623486e-15,3.423744461523313799e-14,-1.312203306141352313e-13,0.000000000000000000e+00
3.427999999999844061e+00,-1.716449960409880611e-15,3.352018421837145063e-14,-1.308454769141811656e-13,0.000000000000000000e+00
3.429999999999843840e+00,-1.650834229726159434e-15,3.280786534186057935e-14,-1.303961843567918769e-13,0.000000000000000000e+00
3.431999999999843620e+00,-1.586632667510781382e-15,3.210078110768904455e-14,-1.298756354606498427e-13,0.000000000000000000e+00
3.433999999999843400e+00,-1.523834248009530758e-15,3.139920975062530413e-14,-1.292869381642399629e-13,0.000000000000000000e+00
3.435999999999843180e+00,-1.462427418000470173e-15,3.070341500453027196e-14,-1.286331265962045713e-13,0.000000000000000000e+00
3.437999999999842959e+00,-1.402400125033282877e-15,3.001364648359368065e-14,-1.279171618660868276e-13,0.000000000000000000e+00
3.439999999999842739e+00,-1.343739844916420037e-15,2.933014005843142557e-14,-1.271419328741377859e-13,0.000000000000000000e+00
3.441999999999842519e+00,-1.286433608462446417e-15,2.865311822698683373e-14,-1.263102571388989597e-13,0.000000000000000000e+00
3.443999999999842299e+00,-1.230468027502077085e-15,2.798279048018471373e-14,-1.254248816413115367e-13,0.000000000000000000e+00
3.445999999999842078e+00,-1.175829320177492266e-15,2.731935366229239529e-14,-1.244884836841397936e-13,0.000000000000000000e+00
3.447999999999841858e+00,-1.122503335525597302e-15,2.666299232594749154e-14,-1.235036717655321355e-13,0.000000000000000000e+00
3.449999999999841638e+00,-1.070475577361962949e-15,2.601387908181719785e-14,-1.224729864655805437e-13,0.000000000000000000e+00
3.451999999999841418e+00,-1.019731227476244915e-15,2.537217494285897999e-14,-1.213989013447722593e-13,0.000000000000000000e+00
3.453999999999841197e+00,-9.702551681499300704e-16,2.473802966315738603e-14,-1.202838238532646889e-13,0.000000000000000000e+00
3.455999999999840977e+00,-9.220320040072975847e-16,2.411158207131627284e-14,-1.191300962499463759e-13,0.000000000000000000e+00
3.457999999999840757e+00,-8.750460832105168657e-16,2.349296039839035434e-14,-1.179399965302814902e-13,0.000000000000000000e+00
3.459999999999840536e+00,-8.292815180098283395e-16,2.288228260034424181e-14,-1.167157393619676500e-13,0.000000000000000000e+00
3.461999999999840316e+00,-7.847222046597657279e-16,2.227965667503132432e-14,-1.154594770274693300e-13,0.000000000000000000e+00
3.463999999999840096e+00,-7.413518427123879503e-16,2.168518097368890460e-14,-1.141733003725202071e-13,0.000000000000000000e+00
3.465999999999839876e+00,-6.991539536984882795e-16,2.109894450694981450e-14,-1.128592397597194521e-13,0.000000000000000000e+00
3.467999999999839655e+00,-6.581118992077393133e-16,2.052102724537449849e-14,-1.115192660263768397e-13,0.000000000000000000e+00
3.469999999999839435e+00,-6.182088983787171348e-16,1.995150041451108768e-14,-1.101552914457913338e-13,0.000000000000000000e+00
3.471999999999839215e+00,-5.794280448097282162e-16,1.939042678449443916e-14,-1.087691706911772544e-13,0.000000000000000000e+00
3.473999999999838995e+00,-5.417523229013314604e-16,1.883786095419839999e-14,-1.073627018014806815e-13,0.000000000000000000e+00
3.475999999999838774e+00,-5.051646236414140500e-16,1.829384962995868865e-14,-1.059376271483563931e-13,0.000000000000000000e+00
3.477999999999838554e+00,-4.696477598436404305e-16,1.775843189888682238e-14,-1.044956344036033525e-13,0.000000000000000000e+00
3.479999999999838334e+00,-4.351844808500436113e-16,1.723163949679840583e-14,-1.030383575063837570e-13,0.000000000000000000e+00
3.481999999999838113e+00,-4.017574867084799465e-16,1.671349707078183260e-14,-1.015673776295762588e-13,0.000000000000000000e+00
3.483999999999837893e+00,-3.693494418356077163e-16,1.620402243643612337e-14,-1.000842241446403713e-13,0.000000000000000000e+00
3.485999999999837673e+00,-3.379429881759895326e-16,1.570322682980909877e-14,-9.859037558439362517e-14,0.000000000000000000e+00
3.487999999999837453e+00,-3.075207578678505015e-16,1.521111515406952065e-14,-9.708726060312811797e-14,0.000000000000000000e+00
3.489999999999837232e+00,-2.780653854259523906e-16,1.472768622094906356e-14,-9.557625893351632353e-14,0.000000000000000000e+00
3.491999999999837012e+00,-2.495595194519679695e-16,1.425293298699221823e-14,-9.405870233978031380e-14,0.000000000000000000e+00
3.493999999999836792e+00,-2.219858338826595779e-16,1.378684278465419187e-14,-9.253587556662077114e-14,0.000000000000000000e+00
3.495999999999836572e+00,-1.953270387860817104e-16,1.332939754828892881e-14,-9.100901728342490151e-14,0.000000000000000000e+00
3.497999999999836351e+00,-1.695658907159394785e-16,1.288057403507111841e-14,-8.947932102329379098e-14,0.000000000000000000e+00
3.499999999999836131e+00,-1.446852026341437176e-16,1.244034404089788127e-14,-8.794793611645155785e-14,0.000000000000000000e+00
3.501999999999835911e+00,-1.206678534115088460e-16,1.200867461131743036e-14,-8.641596861761873438e-14,0.000000000000000000e+00
3.503999999999835691e+00,-9.749679691644171461e-17,1.158552824753356786e-14,-8.488448222695320100e-14,0.000000000000000000e+00
3.505999999999835470e+00,-7.515507070136904252e-17,1.117086310753633422e-14,-8.335449920418115570e-14,0.000000000000000000e+00
3.507999999999835250e+00,-5.362580429654805347e-17,1.076463320241049403e-14,-8.182700127556011449e-14,0.000000000000000000e+00
3.509999999999835030e+00,-3.289222712079840489e-17,1.036678858787482611e-14,-8.030293053333473295e-14,0.000000000000000000e+00
3.511999999999834809e+00,-1.293767601858566258e-17,9.977275551106371403e-15,-7.878319032736412354e-14,0.000000000000000000e+00
3.513999999999834589e+00,6.254397567224171870e-18,9.596036792904917385e-15,-7.726864614861726657e-14,0.000000000000000000e+00
3.515999999999834369e+00,2.470042077773218654e-17,9.223011605254007359e-15,-7.576012650425063158e-14,0.000000000000000000e+00
3.517999999999834149e+00,4.241669286640366523e-17,8.858136044335739605e-15,-7.425842378399820612e-14,0.000000000000000000e+00
3.519999999999833928e+00,5.941937906451862164e-17,8.501343099057478104e-15,-7.276429511762131969e-14,0.000000000000000000e+00
3.521999999999833708e+00,7.572450477481745145e-17,8.152562855149416928e-15,-7.127846322318073371e-14,0.000000000000000000e+00
3.523999999999833488e+00,9.134795008460275067e-17,7.811722654892647244e-15,-6.980161724590939702e-14,0.000000000000000000e+00
3.525999999999833268e+00,1.063054445896789207e-16,7.478747252538082647e-15,-6.833441358747897069e-14,0.000000000000000000e+00
3.527999999999833047e+00,1.206125625206332078e-16,7.153558965477146083e-15,-6.687747672546782963e-14,0.000000000000000000e+00
3.529999999999832827e+00,1.342847181630845758e-16,6.836077821225683994e-15,-6.543140002285223289e-14,0.000000000000000000e+00
3.531999999999832607e+00,1.473371615636506643e-16,6.526221700283042762e-15,-6.399674652735639051e-14,0.000000000000000000e+00
3.533999999999832387e+00,1.597849745135079480e-16,6.223906474928637710e-15,-6.257404976050973831e-14,0.000000000000000000e+00
3.535999999999832166e+00,1.716430668015453691e-16,5.929046144018707006e-15,-6.116381449627328794e-14,0.000000000000000000e+00
3.537999999999831946e+00,1.829261727292378468e-16,5.641552963846240237e-15,-5.976651752910894806e-14,0.000000000000000000e+00
3.539999999999831726e+00,1.936488478794924460e-16,5.361337575127299379e-15,-5.838260843137779150e-14,0.000000000000000000e+00
3.541999999999831505e+00,2.038254661318467592e-16,5.088309126177155798e-15,-5.701251029996499422e-14,0.000000000000000000e+00
3.543999999999831285e+00,2.134702169165263590e-16,4.822375392339794696e-15,-5.565662049204046826e-14,0.000000000000000000e+00
3.545999999999831065e+00,2.225971026999952088e-16,4.563442891734426000e-15,-5.431531134987502787e-14,0.000000000000000000e+00
3.547999999999830845e+00,2.312199366947606164e-16,4.311416997382695894e-15,-5.298893091464241646e-14,0.000000000000000000e+00
3.549999999999830624e+00,2.393523407863211744e-16,4.066202045780279787e-15,-5.167780362914793541e-14,0.000000000000000000e+00
3.551999999999830404e+00,2.470077436702741733e-16,3.827701441976495724e-15,-5.038223102943390045e-14,0.000000000000000000e+00
3.553999999999830184e+00,2.541993791927251901e-16,3.595817761225497518e-15,-4.910249242522199693e-14,0.000000000000000000e+00
3.555999999999829964e+00,2.609402848872701535e-16,3.370452847272469688e-15,-4.783884556916137058e-14,0.000000000000000000e+00
3.557999999999829743e+00,2.672433007019463083e-16,3.151507907338085697e-15,-4.659152731486039103e-14,0.000000000000000000e+00
3.559999999999829523e+00,2.731210679096748877e-16,2.938883603864298927e-15,-4.536075426368838085e-14,0.000000000000000000e+00
3.561999999999829303e+00,2.785860281958434387e-16,2.732480143084282603e-15,-4.414672340034173749e-14,0.000000000000000000e+00
3.563999999999829082e+00,2.836504229168016181e-16,2.532197360479079655e-15,-4.294961271717676432e-14,0.000000000000000000e+00
3.565999999999828862e+00,2.883262925231680266e-16,2.337934803183214317e-15,-4.176958182731915667e-14,0.000000000000000000e+00
3.567999999999828642e+00,2.926254761419703901e-16,2.149591809401185112e-15,-4.060677256656711289e-14,0.000000000000000000e+00
3.569999999999828422e+00,2.965596113117631762e-16,1.967067584896399956e-15,-3.946130958411225375e-14,0.000000000000000000e+00
3.571999999999828201e+00,3.001401338649906346e-16,1.790261276613722851e-15,-3.833330092210903357e-14,0.000000000000000000e+00
3.573999999999827981e+00,3.033782779519834032e-16,1.619072043496384103e-15,-3.722283858412974508e-14,0.000000000000000000e+00
3.575999999999827761e+00,3.062850762010985542e-16,1.453399124557565064e-15,-3.612999909254840406e-14,0.000000000000000000e+00
3.577999999999827541e+00,3.088713600096315770e-16,1.293141904266508056e-15,-3.505484403490258745e-14,0.000000000000000000e+00
3.579999999999827320e+00,3.111477599602486051e-16,1.138199975308505199e-15,-3.399742059928792764e-14,0.000000000000000000e+00
3.581999999999827100e+00,3.131247063578038465e-16,9.884731987776177075e-16,-3.295776209884524780e-14,0.000000000000000000e+00
3.583999999999826880e+00,3.148124298815247159e-16,8.438617618604446763e-16,-3.193588848540553626e-14,0.000000000000000000e+00
3.585999999999826660e+00,3.162209623476621468e-16,7.042662330687113146e-16,-3.093180685236265911e-14,0.000000000000000000e+00
3.587999999999826439e+00,3.173601375778178926e-16,5.695876150778797876e-16,-2.994551192684846892e-14,0.000000000000000000e+00
3.589999999999826219e+00,3.182395923682747188e-16,4.397273952284022741e-16,-2.897698655128919570e-14,0.000000000000000000e+00
3.591999999999825999e+00,3.188687675557659753e-16,3.145875937456363562e-16,-2.802620215442637006e-14,0.000000000000000000e+00
3.593999999999825778e+00,3.192569091752336462e-16,1.940708097338261211e-16,-2.709311921188929948e-14,0.000000000000000000e+00
3.595999999999825558e+00,3.194130697052315096e-16,7.808026499892639017e-17,-2.617768769640993031e-14,0.000000000000000000e+00
3.597999999999825338e+00,3.193461093967403290e-16,-3.348015424559602183e-17,-2.527984751777445893e-14,0.000000000000000000e+00
3.599999999999825118e+00,3.190646976812673125e-16,-1.407058577365028946e-16,-2.439952895260936264e-14,0.000000000000000000e+00
3.601999999999824897e+00,3.185773146542088196e-16,-2.436915135292506324e-16,-2.353665306410270129e-14,0.000000000000000000e+00
3.603999999999824677e+00,3.178922526295587317e-16,-3.425310123250404939e-16,-2.269113211176437458e-14,0.000000000000000000e+00
3.605999999999824457e+00,3.170176177621487410e-16,-4.373174337049953799e-16,-2.186286995133193506e-14,0.000000000000000000e+00
3.607999999999824237e+00,3.159613317337073377e-16,-5.281430142206989931e-16,-2.105176242493099349e-14,0.000000000000000000e+00
3.609999999999824016e+00,3.147311334991252533e-16,-6.150991172910331495e-16,-2.025769774160175506e-14,0.000000000000000000e+00
3.611999999999823796e+00,3.133345810894133297e-16,-6.982762048559566332e-16,-1.948055684830541174e-14,0.000000000000000000e+00
3.613999999999823576e+00,3.117790534679361594e-16,-7.777638107385827025e-16,-1.872021379152623034e-14,0.000000000000000000e+00
3.615999999999823356e+00,3.100717524366008836e-16,-8.536505156676309140e-16,-1.797653606958702180e-14,0.000000000000000000e+00
3.617999999999823135e+00,3.082197045887747588e-16,-9.260239239130536948e-16,-1.724938497579755115e-14,0.000000000000000000e+00
3.619999999999822915e+00,3.062297633057980365e-16,-9.949706414883655212e-16,-1.653861593255691875e-14,0.000000000000000000e+00
3.621999999999822695e+00,3.041086107940501596e-16,-1.060576255873933492e-15,-1.584407881653254562e-14,0.000000000000000000e+00
3.623999999999822474e+00,3.018627601596177057e-16,-1.122925317216223403e-15,-1.516561827503963002e-14,0.000000000000000000e+00
3.625999999999822254e+00,2.994985575177002626e-16,-1.182101320958731430e-15,-1.450307403374616641e-14,0.000000000000000000e+00
3.627999999999822034e+00,2.970221841339781381e-16,-1.238186691861069125e-15,-1.385628119582969726e-14,0.000000000000000000e+00
3.629999999999821814e+00,2.944396585952512963e-16,-1.291262769363409066e-15,-1.322507053271283118e-14,0.000000000000000000e+00
3.631999999999821593e+00,2.917568390067428270e-16,-1.341409794254238191e-15,-1.260926876650552142e-14,0.000000000000000000e+00
3.633999999999821373e+00,2.889794252135425950e-16,-1.388706896600104560e-15,-1.200869884428257112e-14,0.000000000000000000e+00
3.635999999999821153e+00,2.861129610437490012e-16,-1.433232084896784689e-15,-1.142318020432564337e-14,0.000000000000000000e+00
3.637999999999820933e+00,2.831628365709449357e-16,-1.475062236402033951e-15,-1.085252903445932483e-14,0.000000000000000000e+00
3.639999999999820712e+00,2.801342903937232831e-16,-1.514273088610819976e-15,-1.029655852261130363e-14,0.000000000000000000e+00
3.641999999999820492e+00,2.770324119300539091e-16,-1.550939231834676343e-15,-9.755079099726902772e-15,0.000000000000000000e+00
3.643999999999820272e+00,2.738621437243588015e-16,-1.585134102847541974e-15,-9.227898675168367536e-15,0.000000000000000000e+00
3.645999999999820051e+00,2.706282837652364392e-16,-1.616929979561185108e-15,-8.714822864729433484e-15,0.000000000000000000e+00
3.647999999999819831e+00,2.673354878118483469e-16,-1.646397976694035072e-15,-8.215655211395586393e-15,0.000000000000000000e+00
3.649999999999819611e+00,2.639882717270524325e-16,-1.673608042397968879e-15,-7.730197398980444354e-15,0.000000000000000000e+00
3.651999999999819391e+00,2.605910138154357903e-16,-1.698628955808319485e-15,-7.258249458768307348e-15,0.000000000000000000e+00
3.653999999999819170e+00,2.571479571644696205e-16,-1.721528325483086878e-15,-6.799609969292875408e-15,0.000000000000000000e+00
3.655999999999818950e+00,2.536632119870735453e-16,-1.742372588698043331e-15,-6.354076249381538557e-15,0.000000000000000000e+00
3.657999999999818730e+00,2.501407579639432680e-16,-1.761227011565130773e-15,-5.921444544594416045e-15,0.000000000000000000e+00
3.659999999999818510e+00,2.465844465840587732e-16,-1.778155689942249537e-15,-5.501510207186707140e-15,0.000000000000000000e+00
3.661999999999818289e+00,2.429980034818522932e-16,-1.793221551103228775e-15,-5.094067869722354045e-15,0.000000000000000000e+00
3.663999999999818069e+00,2.393850307695773368e-16,-1.806486356137466191e-15,-4.698911612466458987e-15,0.000000000000000000e+00
3.665999999999817849e+00,2.357490093634785541e-16,-1.818010703049398237e-15,-4.315835124683097639e-15,0.000000000000000000e+00
3.667999999999817629e+00,2.320933013024212742e-16,-1.827854030528649194e-15,-3.944631859964506806e-15,0.000000000000000000e+00
3.669999999999817408e+00,2.284211520576965488e-16,-1.836074622362372004e-15,-3.585095185716748662e-15,0.000000000000000000e+00
3.671999999999817188e+00,2.247356928327726069e-16,-1.842729612461960672e-15,-3.237018526926123964e-15,0.000000000000000000e+00
3.673999999999816968e+00,2.210399428518186753e-16,-1.847874990476971018e-15,-2.900195504329724702e-15,0.000000000000000000e+00
3.675999999999816747e+00,2.173368116358792050e-16,-1.851565607969740865e-15,-2.574420067112409089e-15,0.000000000000000000e+00
3.677999999999816527e+00,2.136291012656295251e-16,-1.853855185124837428e-15,-2.259486620251661397e-15,0.000000000000000000e+00
3.679999999999816307e+00,2.099195086296933200e-16,-1.854796317968102525e-15,-1.955190146630644219e-15,0.000000000000000000e+00
3.681999999999816087e+00,2.062106276575519286e-16,-1.854440486070692238e-15,-1.661326324038614810e-15,0.000000000000000000e+00
3.683999999999815866e+00,2.025049515361236792e-16,-1.852838060714129649e-15,-1.377691637176857931e-15,0.000000000000000000e+00
3.685999999999815646e+00,1.988048749091376755e-16,-1.850038313492999856e-15,-1.104083484787015986e-15,0.000000000000000000e+00
3.687999999999815426e+00,1.951126960584726205e-16,-1.846089425332531389e-15,-8.403002820175581265e-16,0.000000000000000000e+00
3.689999999999815206e+00,1.914306190666748477e-16,-1.841038495898891134e-15,-5.861415581428583420e-16,0.000000000000000000e+00
3.691999999999814985e+00,1.877607559599135894e-16,-1.834931553380625679e-15,-3.414080497480809342e-16,0.000000000000000000e+00
3.693999999999814765e+00,1.841051288306730945e-16,-1.827813564620251199e-15,-1.059017894918379702e-16,0.000000000000000000e+00
3.695999999999814545e+00,1.804656719395219364e-16,-1.819728445575574583e-15,1.205738094428429345e-16,0.000000000000000000e+00
3.697999999999814325e+00,1.768442337953401573e-16,-1.810719072090890163e-15,3.382138730999091155e-16,0.000000000000000000e+00
3.699999999999814104e+00,1.732425792134226348e-16,-1.800827290958756116e-15,5.472119905962385336e-16,0.000000000000000000e+00
3.701999999999813884e+00,1.696623913509154437e-16,-1.790093931253598534e-15,7.477601419555523820e-16,0.000000000000000000e+00
3.703999999999813664e+00,1.661052737190775787e-16,-1.778558815918937037e-15,9.400486298252903946e-16,0.000000000000000000e+00
3.705999999999813443e+00,1.625727521718964737e-16,-1.766260773590551577e-15,1.124266014972694716e-15,0.000000000000000000e+00
3.707999999999813223e+00,1.590662768706195975e-16,-1.753237650638436270e-15,1.300599055457922756e-15,0.000000000000000000e+00
3.709999999999813003e+00,1.555872242237977846e-16,-1.739526323410900408e-15,1.469232649383380493e-15,0.000000000000000000e+00
3.711999999999812783e+00,1.521368988024684299e-16,-1.725162710664681101e-15,1.630349781119974420e-15,0.000000000000000000e+00
3.713999999999812562e+00,1.487165352301375585e-16,-1.710181786165429760e-15,1.784131470912433396e-15,0.000000000000000000e+00
3.715999999999812342e+00,1.453273000472507022e-16,-1.694617591443424112e-15,1.930756727767336321e-15,0.000000000000000000e+00
3.717999999999812122e+00,1.419702935498710310e-16,-1.678503248689836701e-15,2.070402505529010340e-15,0.000000000000000000e+00
3.719999999999811902e+00,1.386465516023123055e-16,-1.661870973779362336e-15,2.203243662049914241e-15,0.000000000000000000e+00
3.721999999999811681e+00,1.353570474235013562e-16,-1.644752089405468640e-15,2.329452921363641017e-15,0.000000000000000000e+00
3.723999999999811461e+00,1.321026933468713698e-16,-1.627177038314992403e-15,2.449200838770229240e-15,0.000000000000000000e+00
3.725999999999811241e+00,1.288843425536128783e-16,-1.609175396629244180e-15,2.562655768744922779e-15,0.000000000000000000e+00
3.727999999999811021e+00,1.257027907791344396e-16,-1.590775887239225005e-15,2.669983835583045665e-15,0.000000000000000000e+00
3.729999999999810800e+00,1.225587779926084687e-16,-1.572006393262987981e-15,2.771348906695225560e-15,0.000000000000000000e+00
3.731999999999810580e+00,1.194529900495012708e-16,-1.552893971553594254e-15,2.866912568468652372e-15,0.000000000000000000e+00
3.733999999999810360e+00,1.163860603170082151e-16,-1.533464866246530181e-15,2.956834104611584235e-15,0.000000000000000000e+00
3.735999999999810139e+00,1.133585712723365156e-16,-1.513744522335850071e-15,3.041270476899879714e-15,0.000000000000000000e+00
3.737999999999809919e+00,1.103710560737990928e-16,-1.493757599268709846e-15,3.120376308245751931e-15,0.000000000000000000e+00
3.739999999999809699e+00,1.074240001047024120e-16,-1.473527984548340126e-15,3.194303868010527459e-15,0.000000000000000000e+00
3.741999999999809479e+00,1.045178424900306365e-16,-1.453078807335888291e-15,3.263203059484655408e-15,0.000000000000000000e+00
3.743999999999809258e+00,1.016529775859467816e-16,-1.432432452041927641e-15,3.327221409459677808e-15,0.000000000000000000e+00
3.745999999999809038e+00,9.882975644214918879e-17,-1.411610571898797440e-15,3.386504059818443825e-15,0.000000000000000000e+00
3.747999999999808818e+00,9.604848823713861524e-17,-1.390634102505288651e-15,3.441193761071219788e-15,0.000000000000000000e+00
3.749999999999808598e+00,9.330944168646752758e-17,-1.369523275335540821e-15,3.491430867766924753e-15,0.000000000000000000e+00
3.751999999999808377e+00,9.061284642405883070e-17,-1.348297631204350070e-15,3.537353335710093905e-15,0.000000000000000000e+00
3.753999999999808157e+00,8.795889435669597940e-17,-1.326976033681422984e-15,3.579096720915705714e-15,0.000000000000000000e+00
3.755999999999807937e+00,8.534774099180111363e-17,-1.305576682447432491e-15,3.616794180235371031e-15,0.000000000000000000e+00
3.757999999999807716e+00,8.277950673863102161e-17,-1.284117126585047936e-15,3.650576473589901757e-15,0.000000000000000000e+00
3.759999999999807496e+00,8.025427818303418327e-17,-1.262614277798418625e-15,3.680571967744614535e-15,0.000000000000000000e+00
3.761999999999807276e+00,7.777210933592439818e-17,-1.241084423554893829e-15,3.706906641565198577e-15,0.000000000000000000e+00
3.763999999999807056e+00,7.533302285563829795e-17,-1.219543240143051150e-15,3.729704092693345364e-15,0.000000000000000000e+00
3.765999999999806835e+00,7.293701124435550662e-17,-1.198005805641394484e-15,3.749085545582715340e-15,0.000000000000000000e+00
3.767999999999806615e+00,7.058403801877078776e-17,-1.176486612792360462e-15,3.765169860837220868e-15,0.000000000000000000e+00
3.769999999999806395e+00,6.827403885521769867e-17,-1.154999581776542871e-15,3.778073545794926880e-15,0.000000000000000000e+00
3.771999999999806175e+00,6.600692270945308306e-17,-1.133558072882310370e-15,3.787910766302236115e-15,0.000000000000000000e+00
3.773999999999805954e+00,6.378257291132058416e-17,-1.112174899066249989e-15,3.794793359624352785e-15,0.000000000000000000e+00
3.775999999999805734e+00,6.160084823452034537e-17,-1.090862338400119987e-15,3.798830848439332659e-15,0.000000000000000000e+00
3.777999999999805514e+00,5.946158394171986807e-17,-1.069632146400237964e-15,3.800130455864314268e-15,0.000000000000000000e+00
3.779999999999805294e+00,5.736459280524893418e-17,-1.048495568235469998e-15,3.798797121463845642e-15,0.000000000000000000e+00
3.781999999999805073e+00,5.530966610362850221e-17,-1.027463350810215886e-15,3.794933518191446913e-15,0.000000000000000000e+00
3.783999999999804853e+00,5.329657459419048636e-17,-1.006545754719009256e-15,3.788640070216834942e-15,0.000000000000000000e+00
3.785999999999804633e+00,5.132506946205134383e-17,-9.857525660695703783e-16,3.780014971592455717e-15,0.000000000000000000e+00
3.787999999999804412e+00,4.939488324570861964e-17,-9.650931081713615546e-16,3.769154205714202471e-15,0.000000000000000000e+00
3.789999999999804192e+00,4.750573073953482470e-17,-9.445762530868980594e-16,3.756151565532398104e-15,0.000000000000000000e+00
3.791999999999803972e+00,4.565730987344828604e-17,-9.242104330432701692e-16,3.741098674470298274e-15,0.000000000000000000e+00
3.793999999999803752e+00,4.384930257004524249e-17,-9.040036517015231071e-16,3.724085008008565063e-15,0.000000000000000000e+00
3.795999999999803531e+00,4.208137557948178580e-17,-8.839634952817284909e-16,3.705197915895285260e-15,0.000000000000000000e+00
3.797999999999803311e+00,4.035318129239825289e-17,-8.640971435417666556e-16,3.684522644942273212e-15,0.000000000000000000e+00
3.799999999999803091e+00,3.866435853118223096e-17,-8.444113806080097079e-16,3.662142362369499482e-15,0.000000000000000000e+00
3.801999999999802871e+00,3.701453331986969011e-17,-8.249126056562706946e-16,3.638138179660590151e-15,0.000000000000000000e+00
3.803999999999802650e+00,3.540331963298659888e-17,-8.056068434415460832e-16,3.612589176893441248e-15,0.000000000000000000e+00
3.805999999999802430e+00,3.383032012363612091e-17,-7.864997546752397756e-16,3.585572427511028631e-15,0.000000000000000000e+00
3.807999999999802210e+00,3.229512683113869717e-17,-7.675966462487109041e-16,3.557163023498591656e-15,0.000000000000000000e+00
3.809999999999801990e+00,3.079732186853441987e-17,-7.489024813021371464e-16,3.527434100934343680e-15,0.000000000000000000e+00
3.811999999999801769e+00,2.933647809025876174e-17,-7.304218891378284753e-16,3.496456865881926962e-15,0.000000000000000000e+00
3.813999999999801549e+00,2.791215974030422854e-17,-7.121591749772672673e-16,3.464300620593799855e-15,0.000000000000000000e+00
3.815999999999801329e+00,2.652392308118166404e-17,-6.941183295612821381e-16,3.431032789995723932e-15,0.000000000000000000e+00
3.817999999999801108e+00,2.517131700399587365e-17,-6.763030385928955994e-16,3.396718948423494903e-15,0.000000000000000000e+00
3.819999999999800888e+00,2.385388361995085836e-17,-6.587166920225073128e-16,3.361422846583989686e-15,0.000000000000000000e+00
3.821999999999800668e+00,2.257115883360046219e-17,-6.413623931751973847e-16,3.325206438713542300e-15,0.000000000000000000e+00
3.823999999999800448e+00,2.132267289816036582e-17,-6.242429677200480370e-16,3.288129909907555030e-15,0.000000000000000000e+00
3.825999999999800227e+00,2.010795095319737751e-17,-6.073609724814940085e-16,3.250251703596162065e-15,0.000000000000000000e+00
3.827999999999800007e+00,1.892651354501173816e-17,-5.907187040928197200e-16,3.211628549141618707e-15,0.000000000000000000e+00
3.829999999999799787e+00,1.777787713002769537e-17,-5.743182074920221110e-16,3.172315489533961357e-15,0.000000000000000000e+00
3.831999999999799567e+00,1.666155456150697851e-17,-5.581612842603585398e-16,3.132365909162310185e-15,0.000000000000000000e+00
3.833999999999799346e+00,1.557705555989899380e-17,-5.422495008039928123e-16,3.091831561640022995e-15,0.000000000000000000e+00
3.835999999999799126e+00,1.452388716714050710e-17,-5.265841963792435226e-16,3.050762597662707514e-15,0.000000000000000000e+00
3.837999999999798906e+00,1.350155418521645778e-17,-5.111664909620244748e-16,3.009207592878879127e-15,0.000000000000000000e+00
3.839999999999798685e+00,1.250955959929215240e-17,-4.959972929621526505e-16,2.967213575753848988e-15,0.000000000000000000e+00
3.841999999999798465e+00,1.154740498572560174e-17,-4.810773067832750122e-16,2.924826055408152057e-15,0.000000000000000000e+00
3.843999999999798245e+00,1.061459090526711166e-17,-4.664070402292447149e-16,2.882089049412588564e-15,0.000000000000000000e+00
3.845999999999798025e+00,9.710617281751416684e-18,-4.519868117578471114e-16,2.839045111522663606e-15,0.000000000000000000e+00
3.847999999999797804e+00,8.834983766585724476e-18,-4.378167575828459502e-16,2.795735359335909668e-15,0.000000000000000000e+00
3.849999999999797584e+00,7.987190089334952672e-18,-4.238968386253860809e-16,2.752199501856292384e-15,0.000000000000000000e+00
3.851999999999797364e+00,7.166736394703252032e-18,-4.102268473158500238e-16,2.708475866950539978e-15,0.000000000000000000e+00
3.853999999999797144e+00,6.373123566208599361e-18,-3.968064142473264002e-16,2.664601428681923166e-15,0.000000000000000000e+00
3.855999999999796923e+00,5.605853536844792368e-18,-3.836350146819032963e-16,2.620611834507642981e-15,0.000000000000000000e+00
3.857999999999796703e+00,4.864429587022685724e-18,-3.707119749110534700e-16,2.576541432326613099e-15,0.000000000000000000e+00
3.859999999999796483e+00,4.148356630079829743e-18,-3.580364784714278614e-16,2.532423297365036585e-15,0.000000000000000000e+00
3.861999999999796263e+00,3.457141485644986059e-18,-3.456075722174218910e-16,2.488289258887776120e-15,0.000000000000000000e+00
3.863999999999796042e+00,2.790293141141140073e-18,-3.334241722519230068e-16,2.444169926724093027e-15,0.000000000000000000e+00
3.865999999999795822e+00,2.147323001707758738e-18,-3.214850697166907367e-16,2.400094717596905109e-15,0.000000000000000000e+00
3.867999999999795602e+00,1.527745128820041686e-18,-3.097889364438585198e-16,2.356091881245264713e-15,0.000000000000000000e+00
3.869999999999795381e+00,9.310764678798718601e-19,-2.983343304700849424e-16,2.312188526330289747e-15,0.000000000000000000e+00
3.871999999999795161e+00,3.568370650500418054e-19,-2.871197014149150443e-16,2.268410646115317183e-15,0.000000000000000000e+00
3.873999999999794941e+00,-1.954497263998481279e-19,-2.761433957249449458e-16,2.224783143911547531e-15,0.000000000000000000e+00
3.875999999999794721e+00,-7.262570499706736267e-19,-2.654036617854127301e-16,2.181329858280955645e-15,0.000000000000000000e+00
3.877999999999794500e+00,-1.236054359772404596e-18,-2.548986549008654337e-16,2.138073587988715696e-15,0.000000000000000000e+00
3.879999999999794280e+00,-1.725307244065559939e-18,-2.446264421465776855e-16,2.095036116697866242e-15,0.000000000000000000e+00
3.881999999999794060e+00,-2.194477258250400469e-18,-2.345850070924202649e-16,2.052238237399394120e-15,0.000000000000000000e+00
3.883999999999793840e+00,-2.644021767052196943e-18,-2.247722544008981954e-16,2.009699776571361164e-15,0.000000000000000000e+00
3.885999999999793619e+00,-3.074393795654390386e-18,-2.151860143010968034e-16,1.967439618061125781e-15,0.000000000000000000e+00
3.887999999999793399e+00,-3.486041889534973211e-18,-2.058240469402914245e-16,1.925475726685129031e-15,0.000000000000000000e+00
3.889999999999793179e+00,-3.879409982764956225e-18,-1.966840466149916272e-16,1.883825171541129479e-15,0.000000000000000000e+00
3.891999999999792959e+00,-4.254937274531365785e-18,-1.877636458832046537e-16,1.842504149028146542e-15,0.000000000000000000e+00
3.893999999999792738e+00,-4.613058113650793321e-18,-1.790604195597139189e-16,1.801528005569774780e-15,0.000000000000000000e+00
3.895999999999792518e+00,-4.954201890843151779e-18,-1.705718885961790841e-16,1.760911260036884791e-15,0.000000000000000000e+00
3.897999999999792298e+00,-5.278792938538896555e-18,-1.622955238478724311e-16,1.720667625866091222e-15,0.000000000000000000e+00
3.899999999999792077e+00,-5.587250437996642776e-18,-1.542287497288731382e-16,1.680810032870716491e-15,0.000000000000000000e+00
3.901999999999791857e+00,-5.879988333511735392e-18,-1.463689477575463885e-16,1.641350648741309927e-15,0.000000000000000000e+00
3.903999999999791637e+00,-6.157415253500012461e-18,-1.387134599941386235e-16,1.602300900233110034e-15,0.000000000000000000e+00
3.905999999999791417e+00,-6.419934438244656637e-18,-1.312595923723221095e-16,1.563671494038149543e-15,0.000000000000000000e+00
3.907999999999791196e+00,-6.667943674097704584e-18,-1.240046179265238783e-16,1.525472437340007443e-15,0.000000000000000000e+00
3.909999999999790976e+00,-6.901835233931451735e-18,-1.169457799168735629e-16,1.487713058049504642e-15,0.000000000000000000e+00
3.911999999999790756e+00,-7.121995823638658347e-18,-1.100802948536034172e-16,1.450402024719919956e-15,0.000000000000000000e+00
3.913999999999790536e+00,-7.328806534484120550e-18,-1.034053554227314649e-16,1.413547366140581388e-15,0.000000000000000000e+00
3.915999999999790315e+00,-7.522642801113830073e-18,-9.691813331485486660e-17,1.377156490607945437e-15,0.000000000000000000e+00
3.917999999999790095e+00,-7.703874365031581779e-18,-9.061578195887578511e-17,1.341236204873532946e-15,0.000000000000000000e+00
3.919999999999789875e+00,-7.872865243356535019e-18,-8.449543916247647192e-17,1.305792732768334552e-15,0.000000000000000000e+00
3.921999999999789654e+00,-8.029973702678840981e-18,-7.855422966115307339e-17,1.270831733503531915e-15,0.000000000000000000e+00
3.923999999999789434e+00,-8.175552237834061217e-18,-7.278926757761023544e-17,1.236358319647606904e-15,0.000000000000000000e+00
3.925999999999789214e+00,-8.309947555420680159e-18,-6.719765879330963698e-17,1.202377074780131607e-15,0.000000000000000000e+00
3.927999999999788994e+00,-8.433500561888592021e-18,-6.177650323395591864e-17,1.168892070822734760e-15,0.000000000000000000e+00
3.929999999999788773e+00,-8.546546356029978531e-18,-5.652289707069336616e-17,1.135906885047945113e-15,0.000000000000000000e+00
3.931999999999788553e+00,-8.649414225707528354e-18,-5.143393483877498566e-17,1.103424616766802154e-15,0.000000000000000000e+00
3.933999999999788333e+00,-8.742427648658435806e-18,-4.650671147545402802e-17,1.071447903696307039e-15,0.000000000000000000e+00
3.935999999999788113e+00,-8.825904297216106232e-18,-4.173832427883501552e-17,1.039978938007968623e-15,0.000000000000000000e+00
3.937999999999787892e+00,-8.900156046794922034e-18,-3.712587478940798119e-17,1.009019482058857612e-15,0.000000000000000000e+00
3.939999999999787672e+00,-8.965488987986873070e-18,-3.266647059597558569e-17,9.785708838067544818e-16,0.000000000000000000e+00
3.941999999999787452e+00,-9.022203442122209325e-18,-2.835722706766807197e-17,9.486340919111212971e-16,0.000000000000000000e+00
3.943999999999787232e+00,-9.070593980149660336e-18,-2.419526901372563503e-17,9.192096705217779071e-16,0.000000000000000000e+00
3.945999999999787011e+00,-9.110949444695084596e-18,-2.017773227271216997e-17,8.902978137573041521e-16,0.000000000000000000e+00
3.947999999999786791e+00,-9.143552975160700114e-18,-1.630176523280776516e-17,8.618983598753181304e-16,0.000000000000000000e+00
3.949999999999786571e+00,-9.168682035730321398e-18,-1.256453028481067599e-17,8.340108051369111198e-16,0.000000000000000000e+00
3.951999999999786350e+00,-9.186608446149245188e-18,-8.963205209462073906e-18,8.066343173676362063e-16,0.000000000000000000e+00
3.953999999999786130e+00,-9.197598415150624320e-18,-5.494984500689260566e-18,7.797677492175640301e-16,0.000000000000000000e+00
3.955999999999785910e+00,-9.201912576403313749e-18,-2.157080626344823230e-18,7.534096511230236796e-16,0.000000000000000000e+00
3.957999999999785690e+00,-9.199806026859315901e-18,1.053274771999238714e-18,7.275582839727512915e-16,0.000000000000000000e+00
3.959999999999785469e+00,-9.191528367381990832e-18,4.138829738662226447e-18,7.022116314812614056e-16,0.000000000000000000e+00
3.961999999999785249e+00,-9.177323745539292065e-18,7.102310921349267718e-18,6.773674122723492111e-16,0.000000000000000000e+00
3.963999999999785029e+00,-9.157430900449236400e-18,9.946422545028091385e-18,6.530230916757141563e-16,0.000000000000000000e+00
3.965999999999784809e+00,-9.132083209567823519e-18,1.267384544070617568e-17,6.291758932397764514e-16,0.000000000000000000e+00
3.967999999999784588e+00,-9.101508737312530151e-18,1.528723612764638192e-17,6.058228099638313567e-16,0.000000000000000000e+00
3.969999999999784368e+00,-9.065930285417370873e-18,1.778922594757937056e-17,5.829606152527546807e-16,0.000000000000000000e+00
3.971999999999784148e+00,-9.025565444918388030e-18,2.018242024949147390e-17,5.605858735975392759e-16,0.000000000000000000e+00
3.973999999999783928e+00,-8.980626649671214301e-18,2.246939762358724085e-17,5.386949509849991186e-16,0.000000000000000000e+00
3.975999999999783707e+00,-8.931321231305121701e-18,2.465270918304665430e-17,5.172840250400364277e-16,0.000000000000000000e+00
3.977999999999783487e+00,-8.877851475520685599e-18,2.673487789221780444e-17,4.963490949039124370e-16,0.000000000000000000e+00
3.979999999999783267e+00,-8.820414679640871669e-18,2.871839793990681712e-17,4.758859908520151966e-16,0.000000000000000000e+00
3.981999999999783046e+00,-8.759203211327976063e-18,3.060573415644791390e-17,4.558903836546548478e-16,0.000000000000000000e+00
3.983999999999782826e+00,-8.694404568381460639e-18,3.239932147325761314e-17,4.363577936844559707e-16,0.000000000000000000e+00
3.985999999999782606e+00,-8.626201439534264229e-18,3.410156442359830983e-17,4.172835997739546597e-16,0.000000000000000000e+00
3.987999999999782386e+00,-8.554771766167668471e-18,3.571483668329773733e-17,3.986630478270315544e-16,0.000000000000000000e+00
3.989999999999782165e+00,-8.480288804867283505e-18,3.724148065019211951e-17,3.804912591878457736e-16,0.000000000000000000e+00
3.991999999999781945e+00,-8.402921190745119294e-18,3.868380706108207483e-17,3.627632387709529942e-16,0.000000000000000000e+00
3.993999999999781725e+00,-8.322833001455096496e-18,4.004409464501175018e-17,3.454738829563136936e-16,0.000000000000000000e+00
3.995999999999781505e+00,-8.240183821831691201e-18,4.132458981170281378e-17,3.286179872529128105e-16,0.000000000000000000e+00
3.997999999999781284e+00,-8.155128809083698927e-18,4.252750637399634030e-17,3.121902537347251918e-16,0.000000000000000000e+00
3.999999999999781064e+00,-8.067818758477345061e-18,4.365502530317672957e-17,2.961852982527737684e-16,0.000000000000000000e+00
4.001999999999781288e+00,-7.978400169445198381e-18,4.470929451607303806e-17,2.805976574270315413e-16,0.000000000000000000e+00
4.003999999999781068e+00,-7.887015312059490552e-18,4.569242869285417939e-17,2.654217954219258583e-16,0.000000000000000000e+00
4.005999999999780847e+00,-7.793802293810579965e-18,4.660650912445545371e-17,2.506521105092027676e-16,0.000000000000000000e+00
4.007999999999780627e+00,-7.698895126633390609e-18,4.745358358859481382e-17,2.362829414219127382e-16,0.000000000000000000e+00
4.009999999999780407e+00,-7.602423794126675049e-18,4.823566625335810047e-17,2.223085735032692248e-16,0.000000000000000000e+00
4.011999999999780186e+00,-7.504514318911968959e-18,4.895473760735319918e-17,2.087232446541319479e-16,0.000000000000000000e+00
4.013999999999779966e+00,-7.405288830081061389e-18,4.961274441545368005e-17,1.955211510828554214e-16,0.000000000000000000e+00
4.015999999999779746e+00,-7.304865630682715491e-18,5.021159969917286289e-17,1.826964528612343361e-16,0.000000000000000000e+00
4.017999999999779526e+00,-7.203359265201255650e-18,5.075318274072976658e-17,1.702432792902623686e-16,0.000000000000000000e+00
4.019999999999779305e+00,-7.100880586981479724e-18,5.123933910988830789e-17,1.581557340794119148e-16,0.000000000000000000e+00
4.021999999999779085e+00,-6.997536825556136177e-18,5.167188071267143458e-17,1.464279003431194175e-16,0.000000000000000000e+00
4.023999999999778865e+00,-6.893431653833993152e-18,5.205258586107148786e-17,1.350538454181475492e-16,0.000000000000000000e+00
4.025999999999778645e+00,-6.788665255108197487e-18,5.238319936289793424e-17,1.240276255054723374e-16,0.000000000000000000e+00
4.027999999999778424e+00,-6.683334389846351138e-18,5.266543263092304488e-17,1.133432901403236951e-16,0.000000000000000000e+00
4.029999999999778204e+00,-6.577532462225340258e-18,5.290096381050544606e-17,1.029948864939836152e-16,0.000000000000000000e+00
4.031999999999777984e+00,-6.471349586375559162e-18,5.309143792489066197e-17,9.297646351091941256e-17,0.000000000000000000e+00
4.033999999999777764e+00,-6.364872652300746063e-18,5.323846703740656211e-17,8.328207588480716348e-17,0.000000000000000000e+00
4.035999999999777543e+00,-6.258185391441165082e-18,5.334363042979056431e-17,7.390578787696869213e-17,0.000000000000000000e+00
4.037999999999777323e+00,-6.151368441849357413e-18,5.340847479590382235e-17,6.484167698071803884e-17,0.000000000000000000e+00
4.039999999999777103e+00,-6.044499412949145119e-18,5.343451445010603000e-17,5.608383743508336946e-17,0.000000000000000000e+00
4.041999999999776882e+00,-5.937652949849980083e-18,5.342323154958258586e-17,4.762638359133769509e-17,0.000000000000000000e+00
4.043999999999776662e+00,-5.830900797190112653e-18,5.337607632993369958e-17,3.946345313573942789e-17,0.000000000000000000e+00
4.045999999999776442e+00,-5.724311862483407312e-18,5.329446735335280601e-17,3.158921017185017383e-17,0.000000000000000000e+00
4.047999999999776222e+00,-5.617952278945929232e-18,5.317979176873891637e-17,2.399784816576299532e-17,0.000000000000000000e+00
4.049999999999776001e+00,-5.511885467779719032e-18,5.303340558310495841e-17,1.668359275753784293e-17,0.000000000000000000e+00
4.051999999999775781e+00,-5.406172199892397166e-18,5.285663394366098854e-17,9.640704442103877279e-18,0.000000000000000000e+00
4.053999999999775561e+00,-5.300870657032461205e-18,5.265077142996798986e-17,2.863481122852952870e-18,0.000000000000000000e+00
4.055999999999775341e+00,-5.196036492321312520e-18,5.241708235557443163e-17,-3.653739458890463768e-18,0.000000000000000000e+00
4.057999999999775120e+00,-5.091722890164184430e-18,5.215680107856406036e-17,-9.916577415377703818e-18,0.000000000000000000e+00
4.059999999999774900e+00,-4.987980625523265517e-18,5.187113232045949660e-17,-1.593060852181471910e-17,0.000000000000000000e+00
4.061999999999774680e+00,-4.884858122537381878e-18,5.156125149294182866e-17,-2.170136214054407903e-17,0.000000000000000000e+00
4.063999999999774460e+00,-4.782401512473657480e-18,5.122830503186215304e-17,-2.723431925700461359e-17,0.000000000000000000e+00
4.065999999999774239e+00,-4.680654690997584821e-18,5.087341073803615378e-17,-3.253491062448246924e-17,0.000000000000000000e+00
4.067999999999774019e+00,-4.579659374748928817e-18,5.049765812432795561e-17,-3.760851501470935179e-17,0.000000000000000000e+00
4.069999999999773799e+00,-4.479455157211840529e-18,5.010210876854423950e-17,-4.246045757140667364e-17,0.000000000000000000e+00
4.071999999999773578e+00,-4.380079563868491826e-18,4.968779667167425302e-17,-4.709600826391465339e-17,0.000000000000000000e+00
4.073999999999773358e+00,-4.281568106626440326e-18,4.925572862102557763e-17,-5.152038043808939499e-17,0.000000000000000000e+00
4.075999999999773138e+00,-4.183954337510801395e-18,4.880688455781964724e-17,-5.573872946169307862e-17,0.000000000000000000e+00
4.077999999999772918e+00,-4.087269901613152168e-18,4.834221794882479237e-17,-5.975615146154617788e-17,0.000000000000000000e+00
4.079999999999772697e+00,-3.991544589289916072e-18,4.786265616161819250e-17,-6.357768214975227886e-17,0.000000000000000000e+00
4.081999999999772477e+00,-3.896806387603752890e-18,4.736910084308143079e-17,-6.720829573635123976e-17,0.000000000000000000e+00
4.083999999999772257e+00,-3.803081531002258216e-18,4.686242830074742360e-17,-7.065290392579873155e-17,0.000000000000000000e+00
4.085999999999772037e+00,-3.710394551228999565e-18,4.634348988662934056e-17,-7.391635499471477159e-17,0.000000000000000000e+00
4.087999999999771816e+00,-3.618768326462649782e-18,4.581311238317471596e-17,-7.700343294838576977e-17,0.000000000000000000e+00
4.089999999999771596e+00,-3.528224129680649368e-18,4.527209839100029650e-17,-7.991885675355041023e-17,0.000000000000000000e+00
4.091999999999771376e+00,-3.438781676244498837e-18,4.472122671807530546e-17,-8.266727964504253676e-17,0.000000000000000000e+00
4.093999999999771156e+00,-3.350459170704433531e-18,4.416125277003258698e-17,-8.525328850390601952e-17,0.000000000000000000e+00
4.095999999999770935e+00,-3.263273352821835760e-18,4.359290894129882200e-17,-8.768140330464371515e-17,0.000000000000000000e+00
4.097999999999770715e+00,-3.177239542808343126e-18,4.301690500674629238e-17,-8.995607662930291357e-17,0.000000000000000000e+00
4.099999999999770495e+00,-3.092371685781183466e-18,4.243392851357986101e-17,-9.208169324614423546e-17,0.000000000000000000e+00
4.101999999999770274e+00,-3.008682395434816167e-18,4.184464517318374474e-17,-9.406256975068467684e-17,0.000000000000000000e+00
4.103999999999770054e+00,-2.926182996929489598e-18,4.124969925266332474e-17,-9.590295426694745472e-17,0.000000000000000000e+00
4.105999999999769834e+00,-2.844883568997834381e-18,4.064971396582764218e-17,-9.760702620679439928e-17,0.000000000000000000e+00
4.107999999999769614e+00,-2.764792985271097211e-18,4.004529186336853152e-17,-9.917889608526046917e-17,0.000000000000000000e+00
4.109999999999769393e+00,-2.685918954827092888e-18,3.943701522200218597e-17,-1.006226053898500506e-16,0.000000000000000000e+00
4.111999999999769173e+00,-2.608268061962395251e-18,3.882544643234884752e-17,-1.019421265017991724e-16,0.000000000000000000e+00
4.113999999999768953e+00,-2.531845805191723672e-18,3.821112838533575555e-17,-1.031413626673481506e-16,0.000000000000000000e+00
4.115999999999768733e+00,-2.456656635477888186e-18,3.759458485691779400e-17,-1.042241480171113032e-16,0.000000000000000000e+00
4.117999999999768512e+00,-2.382703993696049201e-18,3.697632089091943556e-17,-1.051942476316715484e-16,0.000000000000000000e+00
4.119999999999768292e+00,-2.309990347336428302e-18,3.635682317981036332e-17,-1.060553576515686424e-16,0.000000000000000000e+00
4.121999999999768072e+00,-2.238517226449956406e-18,3.573656044323586479e-17,-1.068111054298903936e-16,0.000000000000000000e+00
4.123999999999767851e+00,-2.168285258841693357e-18,3.511598380413154291e-17,-1.074650497257168624e-16,0.000000000000000000e+00
4.125999999999767631e+00,-2.099294204517173517e-18,3.449552716225999862e-17,-1.080206809367061138e-16,0.000000000000000000e+00
4.127999999999767411e+00,-2.031542989387142757e-18,3.387560756501539865e-17,-1.084814213691517748e-16,0.000000000000000000e+00
4.129999999999767191e+00,-1.965029738236443839e-18,3.325662557534939113e-17,-1.088506255438796281e-16,0.000000000000000000e+00
4.131999999999766970e+00,-1.899751806963084514e-18,3.263896563667964676e-17,-1.091315805363904067e-16,0.000000000000000000e+00
4.133999999999766750e+00,-1.835705814093785354e-18,3.202299643464962472e-17,-1.093275063496941694e-16,0.000000000000000000e+00
4.135999999999766530e+00,-1.772887671582554707e-18,3.140907125561540397e-17,-1.094415563183188553e-16,0.000000000000000000e+00
4.137999999999766310e+00,-1.711292614899069862e-18,3.079752834174242796e-17,-1.094768175420138317e-16,0.000000000000000000e+00
4.139999999999766089e+00,-1.650915232413866141e-18,3.018869124260189475e-17,-1.094363113477058790e-16,0.000000000000000000e+00
4.141999999999765869e+00,-1.591749494087539976e-18,2.958286916316310053e-17,-1.093229937783016155e-16,0.000000000000000000e+00
4.143999999999765649e+00,-1.533788779471370969e-18,2.898035730808450325e-17,-1.091397561069663577e-16,0.000000000000000000e+00
4.145999999999765429e+00,-1.477025905026945734e-18,2.838143722221265786e-17,-1.088894253755456011e-16,0.000000000000000000e+00
4.147999999999765208e+00,-1.421453150772537663e-18,2.778637712720405437e-17,-1.085747649558294219e-16,0.000000000000000000e+00
4.149999999999764988e+00,-1.367062286264155531e-18,2.719543225419106795e-17,-1.081984751323960950e-16,0.000000000000000000e+00
4.151999999999764768e+00,-1.313844595919318027e-18,2.660884517241872507e-17,-1.077631937058043554e-16,0.000000000000000000e+00
4.153999999999764547e+00,-1.261790903691748698e-18,2.602684611378471142e-17,-1.072714966149377956e-16,0.000000000000000000e+00
4.155999999999764327e+00,-1.210891597105307826e-18,2.544965329322039127e-17,-1.067258985773384979e-16,0.000000000000000000e+00
4.157999999999764107e+00,-1.161136650655596055e-18,2.487747322485584587e-17,-1.061288537463990794e-16,0.000000000000000000e+00
4.159999999999763887e+00,-1.112515648587762024e-18,2.431050103391700190e-17,-1.054827563843150563e-16,0.000000000000000000e+00
4.161999999999763666e+00,-1.065017807059146396e-18,2.374892076430784170e-17,-1.047899415497310250e-16,0.000000000000000000e+00
4.163999999999763446e+00,-1.018631995695475597e-18,2.319290568183541736e-17,-1.040526857990452912e-16,0.000000000000000000e+00
4.165999999999763226e+00,-9.733467585493955711e-19,2.264261857304000664e-17,-1.032732079003684075e-16,0.000000000000000000e+00
4.167999999999763006e+00,-9.291503344702011893e-19,2.209821203959718007e-17,-1.024536695591613516e-16,0.000000000000000000e+00
4.169999999999762785e+00,-8.860306768936754645e-19,2.155982878826283470e-17,-1.015961761546086343e-16,0.000000000000000000e+00
4.171999999999762565e+00,-8.439754730610026302e-19,2.102760191633642560e-17,-1.007027774858111975e-16,0.000000000000000000e+00
4.173999999999762345e+00,-8.029721626757594765e-19,2.050165519262159806e-17,-9.977546852691202788e-17,0.000000000000000000e+00
4.175999999999762125e+00,-7.630079560080248717e-19,1.998210333386730005e-17,-9.881619019029641532e-17,0.000000000000000000e+00
4.177999999999761904e+00,-7.240698514546725361e-19,1.946905227667618941e-17,-9.782683009703571699e-17,0.000000000000000000e+00
4.179999999999761684e+00,-6.861446525649310983e-19,1.896259944487072428e-17,-9.680922335377130794e-17,0.000000000000000000e+00
4.181999999999761464e+00,-6.492189845403095306e-19,1.846283401231079270e-17,-9.576515333526157917e-17,0.000000000000000000e+00
4.183999999999761243e+00,-6.132793102179894239e-19,1.796983716116007376e-17,-9.469635247184144385e-17,0.000000000000000000e+00
4.185999999999761023e+00,-5.783119455467864341e-19,1.748368233560149724e-17,-9.360450304106905546e-17,0.000000000000000000e+00
4.187999999999760803e+00,-5.443030745647758142e-19,1.700443549100528992e-17,-9.249123796286025265e-17,0.000000000000000000e+00
4.189999999999760583e+00,-5.112387638876637558e-19,1.653215533855600568e-17,-9.135814159743494808e-17,0.000000000000000000e+00
4.191999999999760362e+00,-4.791049767169681579e-19,1.606689358534781168e-17,-9.020675054542504540e-17,0.000000000000000000e+00
4.193999999999760142e+00,-4.478875863770481754e-19,1.560869516996000512e-17,-8.903855444951618540e-17,0.000000000000000000e+00
4.195999999999759922e+00,-4.175723893899934446e-19,1.515759849352735478e-17,-8.785499679701936187e-17,0.000000000000000000e+00
4.197999999999759702e+00,-3.881451180973487335e-19,1.471363564632234460e-17,-8.665747572279085661e-17,0.000000000000000000e+00
4.199999999999759481e+00,-3.595914528376111014e-19,1.427683262986881931e-17,-8.544734481194167177e-17,0.000000000000000000e+00
4.201999999999759261e+00,-3.318970336883936108e-19,1.384720957460875473e-17,-8.422591390179854278e-17,0.000000000000000000e+00
4.203999999999759041e+00,-3.050474717821013373e-19,1.342478095314613929e-17,-8.299444988260101117e-17,0.000000000000000000e+00
4.205999999999758820e+00,-2.790283602039134265e-19,1.300955578909395441e-17,-8.175417749643856113e-17,0.000000000000000000e+00
4.207999999999758600e+00,-2.538252844808088542e-19,1.260153786155228134e-17,-8.050628013395354159e-17,0.000000000000000000e+00
4.209999999999758380e+00,-2.294238326703140315e-19,1.220072590524740962e-17,-7.925190062835414676e-17,0.000000000000000000e+00
4.211999999999758160e+00,-2.058096050575867251e-19,1.180711380636365405e-17,-7.799214204630229939e-17,0.000000000000000000e+00
4.213999999999757939e+00,-1.829682234693842430e-19,1.142069079410124494e-17,-7.672806847525921583e-17,0.000000000000000000e+00
4.215999999999757719e+00,-1.608853402133936118e-19,1.104144162799531443e-17,-7.546070580689102997e-17,0.000000000000000000e+00
4.217999999999757499e+00,-1.395466466513286263e-19,1.066934678103249438e-17,-7.419104251615366570e-17,0.000000000000000000e+00
4.219999999999757279e+00,-1.189378814141224049e-19,1.030438261860311136e-17,-7.292003043569510506e-17,0.000000000000000000e+00
4.221999999999757058e+00,-9.904483826746577536e-20,9.946521573328317095e-18,-7.164858552522927203e-17,0.000000000000000000e+00
4.223999999999756838e+00,-7.985337363586026153e-20,9.595732315802757447e-18,-7.037758863555324270e-17,0.000000000000000000e+00
4.225999999999756618e+00,-6.134941379327100263e-20,9.251979921294629784e-18,-6.910788626689535575e-17,0.000000000000000000e+00
4.227999999999756398e+00,-4.351896172837885811e-20,8.915226032446073753e-18,-6.784029132129827733e-17,0.000000000000000000e+00
4.229999999999756177e+00,-2.634810369234305150e-20,8.585429018017903813e-18,-6.657558384875579130e-17,0.000000000000000000e+00
4.231999999999755957e+00,-9.823015436895639009e-21,8.262544127723705569e-18,-6.531451178683799873e-17,0.000000000000000000e+00
4.233999999999755737e+00,6.070031849502763183e-21,7.946523643199200843e-18,-6.405779169355382245e-17,0.000000000000000000e+00
4.235999999999755516e+00,2.134466589981006903e-20,7.637317025153652308e-18,-6.280610947321402274e-17,0.000000000000000000e+00
4.237999999999755296e+00,3.601440801331183481e-20,7.334871056750882772e-18,-6.156012109507200646e-17,0.000000000000000000e+00
4.239999999999755076e+00,5.009266797984819586e-20,7.039129983268180620e-18,-6.032045330453329543e-17,0.000000000000000000e+00
4.241999999999754856e+00,6.359273927601227323e-20,6.750035648082037770e-18,-5.908770432673728903e-17,0.000000000000000000e+00
4.243999999999754635e+00,7.652779452607283324e-20,6.467527625030280489e-18,-5.786244456232807134e-17,0.000000000000000000e+00
4.245999999999754415e+00,8.891088122047419717e-20,6.191543347200684178e-18,-5.664521727524341267e-17,0.000000000000000000e+00
4.247999999999754195e+00,1.007549176848675399e-19,5.922018232196670184e-18,-5.543653927236276350e-17,0.000000000000000000e+00
4.249999999999753975e+00,1.120726892927297512e-19,5.658885803931109427e-18,-5.423690157486725397e-17,0.000000000000000000e+00
4.251999999999753754e+00,1.228768449147290537e-19,5.402077810999653659e-18,-5.304677008117555242e-17,0.000000000000000000e+00
4.253999999999753534e+00,1.331798935980997628e-19,5.151524341685350236e-18,-5.186658622133078291e-17,0.000000000000000000e+00
4.255999999999753314e+00,1.429942014693929265e-19,4.907153935646581341e-18,-5.069676760272408601e-17,0.000000000000000000e+00
4.257999999999753094e+00,1.523319888540741575e-19,4.668893692340615911e-18,-4.953770864705085950e-17,0.000000000000000000e+00
4.259999999999752873e+00,1.612053276065446722e-19,4.436669376235261208e-18,-4.838978121840566306e-17,0.000000000000000000e+00
4.261999999999752653e+00,1.696261386442671600e-19,4.210405518861245125e-18,-4.725333524243133534e-17,0.000000000000000000e+00
4.263999999999752433e+00,1.776061896797833381e-19,3.990025517758091965e-18,-4.612869931644740046e-17,0.000000000000000000e+00
4.265999999999752212e+00,1.851570931445159479e-19,3.775451732366303025e-18,-4.501618131049170273e-17,0.000000000000000000e+00
4.267999999999751992e+00,1.922903042983533671e-19,3.566605576918708756e-18,-4.391606895921794173e-17,0.000000000000000000e+00
4.269999999999751772e+00,1.990171195191210398e-19,3.363407610383840015e-18,-4.282863044460040176e-17,0.000000000000000000e+00
4.271999999999751552e+00,2.053486747661493164e-19,3.165777623514138579e-18,-4.175411496940505202e-17,0.000000000000000000e+00
4.273999999999751331e+00,2.112959442122527938e-19,2.973634723051742353e-18,-4.069275332139416271e-17,0.000000000000000000e+00
4.275999999999751111e+00,2.168697390385417601e-19,2.786897413144482862e-18,-3.964475842823919985e-17,0.000000000000000000e+00
4.277999999999750891e+00,2.220807063865909268e-19,2.605483674024587780e-18,-3.861032590312397792e-17,0.000000000000000000e+00
4.279999999999750671e+00,2.269393284625957873e-19,2.429311038002421035e-18,-3.758963458102703281e-17,0.000000000000000000e+00
4.281999999999750450e+00,2.314559217882505319e-19,2.258296662827383078e-18,-3.658284704567910410e-17,0.000000000000000000e+00
4.283999999999750230e+00,2.356406365931863149e-19,2.092357402467879746e-18,-3.559011014719793931e-17,0.000000000000000000e+00
4.285999999999750010e+00,2.395034563439103128e-19,1.931409875362009711e-18,-3.461155551040890656e-17,0.000000000000000000e+00
4.287999999999749789e+00,2.430541974042909971e-19,1.775370530190346985e-18,-3.364730003386605256e-17,0.000000000000000000e+00
4.289999999999749569e+00,2.463025088227347870e-19,1.624155709221888764e-18,-3.269744637959389461e-17,0.000000000000000000e+00
4.291999999999749349e+00,2.492578722413026184e-19,1.477681709283916678e-18,-3.176208345357554135e-17,0.000000000000000000e+00
4.293999999999749129e+00,2.519296019221149737e-19,1.335864840406176864e-18,-3.084128687701861049e-17,0.000000000000000000e+00
4.295999999999748908e+00,2.543268448864937716e-19,1.198621482189407421e-18,-2.993511944843476264e-17,0.000000000000000000e+00
4.297999999999748688e+00,2.564585811623895244e-19,1.065868137947864858e-18,-2.904363159657408159e-17,0.000000000000000000e+00
4.299999999999748468e+00,2.583336241357397155e-19,9.375214866750867130e-19,-2.816686182425987018e-17,0.000000000000000000e+00
4.301999999999748248e+00,2.599606210015031516e-19,8.134984328817099699e-19,-2.730483714317393266e-17,0.000000000000000000e+00
4.303999999999748027e+00,2.613480533102105697e-19,6.937161543537196259e-19,-2.645757349964660258e-17,0.000000000000000000e+00
4.305999999999747807e+00,2.625042376059686534e-19,5.780921478790486843e-19,-2.562507619150988252e-17,0.000000000000000000e+00
4.307999999999747587e+00,2.634373261519485987e-19,4.665442729899770752e-19,-2.480734027607570450e-17,0.000000000000000000e+00
4.309999999999747367e+00,2.641553077394851724e-19,3.589907937682934008e-19,-2.400435096930516254e-17,0.000000000000000000e+00
4.311999999999747146e+00,2.646660085770045558e-19,2.553504187596830468e-19,-2.321608403623782884e-17,0.000000000000000000e+00
4.313999999999746926e+00,2.649770932550911325e-19,1.555423390432974180e-19,-2.244250617275367033e-17,0.000000000000000000e+00
4.315999999999746706e+00,2.650960657840950048e-19,5.948626450193483231e-20,-2.168357537874307741e-17,0.000000000000000000e+00
4.317999999999746485e+00,2.650302707007704737e-19,-3.289754166226868655e-20,-2.093924132276349043e-17,0.000000000000000000e+00
4.319999999999746265e+00,2.647868942405258955e-19,-1.216882301222831051e-19,-2.020944569826380564e-17,0.000000000000000000e+00
4.321999999999746045e+00,2.643729655719519983e-19,-2.069643342869595286e-19,-1.949412257146048190e-17,0.000000000000000000e+00
4.323999999999745825e+00,2.637953580903822149e-19,-2.888037407848945701e-19,-1.879319872095142332e-17,0.000000000000000000e+00
4.325999999999745604e+00,2.630607907673248198e-19,-3.672836615287090641e-19,-1.810659396915631076e-17,0.000000000000000000e+00
4.327999999999745384e+00,2.621758295526895263e-19,-4.424806073176424394e-19,-1.743422150567402105e-17,0.000000000000000000e+00
4.329999999999745164e+00,2.611468888268156448e-19,-5.144703629369453583e-19,-1.677598820264968949e-17,0.000000000000000000e+00
4.331999999999744944e+00,2.599802328993893666e-19,-5.833279637131410117e-19,-1.613179492224602047e-17,0.000000000000000000e+00
4.333999999999744723e+00,2.586819775524197275e-19,-6.491276734848166853e-19,-1.550153681631504703e-17,0.000000000000000000e+00
4.335999999999744503e+00,2.572580916245212910e-19,-7.119429639492070877e-19,-1.488510361836804735e-17,0.000000000000000000e+00
4.337999999999744283e+00,2.557143986338304570e-19,-7.718464953454280463e-19,-1.428237992794301142e-17,0.000000000000000000e+00
4.339999999999744063e+00,2.540565784369588085e-19,-8.289100984358269482e-19,-1.369324548747008833e-17,0.000000000000000000e+00
4.341999999999743842e+00,2.522901689214637537e-19,-8.832047577475220108e-19,-1.311757545173692344e-17,0.000000000000000000e+00
4.343999999999743622e+00,2.504205677293901484e-19,-9.348005960368109627e-19,-1.255524065005672263e-17,0.000000000000000000e+00
4.345999999999743402e+00,2.484530340095106814e-19,-9.837668599397440891e-19,-1.200610784124290180e-17,0.000000000000000000e+00
4.347999999999743181e+00,2.463926901959651749e-19,-1.030171906772764995e-18,-1.147003996149509403e-17,0.000000000000000000e+00
4.349999999999742961e+00,2.442445238110692939e-19,-1.074083192447939315e-18,-1.094689636530202900e-17,0.000000000000000000e+00
4.351999999999742741e+00,2.420133892901335059e-19,-1.115567260467905398e-18,-1.043653305946743575e-17,0.000000000000000000e+00
4.353999999999742521e+00,2.397040098262009219e-19,-1.154689731966290828e-18,-9.938802930365745586e-18,0.000000000000000000e+00
4.355999999999742300e+00,2.373209792326810243e-19,-1.191515296759957845e-18,-9.453555964534819955e-18,0.000000000000000000e+00
4.357999999999742080e+00,2.348687638219209453e-19,-1.226107705380048731e-18,-8.980639462713284236e-18,0.000000000000000000e+00
4.359999999999741860e+00,2.323517042978221198e-19,-1.258529762049415648e-18,-8.519898247430444399e-18,0.000000000000000000e+00
4.361999999999741640e+00,2.297740176606728708e-19,-1.288843318574629152e-18,-8.071174864256797216e-18,0.000000000000000000e+00
4.363999999999741419e+00,2.271397991224301278e-19,-1.317109269121365705e-18,-7.634309776823485351e-18,0.000000000000000000e+00
4.365999999999741199e+00,2.244530240307449639e-19,-1.343387545842582528e-18,-7.209141555718936114e-18,0.000000000000000000e+00
4.367999999999740979e+00,2.217175498000860024e-19,-1.367737115329488814e-18,-6.795507061370970457e-18,0.000000000000000000e+00
4.369999999999740758e+00,2.189371178483741618e-19,-1.390215975855924008e-18,-6.393241621022539337e-18,0.000000000000000000e+00
4.371999999999740538e+00,2.161153555375994763e-19,-1.410881155387347997e-18,-6.002179199909175288e-18,0.000000000000000000e+00
4.373999999999740318e+00,2.132557781169469958e-19,-1.429788710326245660e-18,-5.622152566745795542e-18,0.000000000000000000e+00
4.375999999999740098e+00,2.103617906670143247e-19,-1.446993724966332574e-18,-5.252993453630486928e-18,0.000000000000000000e+00
4.377999999999739877e+00,2.074366900437572452e-19,-1.462550311628538186e-18,-4.894532710472275674e-18,0.000000000000000000e+00
4.379999999999739657e+00,2.044836668208526109e-19,-1.476511611452321703e-18,-4.546600454049635631e-18,0.000000000000000000e+00
4.381999999999739437e+00,2.015058072292196986e-19,-1.488929795816454493e-18,-4.209026211805939947e-18,0.000000000000000000e+00
4.383999999999739217e+00,1.985060950924917641e-19,-1.499856068363971715e-18,-3.881639060487568176e-18,0.000000000000000000e+00
4.385999999999738996e+00,1.954874137572786300e-19,-1.509340667606566171e-18,-3.564267759729759875e-18,0.000000000000000000e+00
4.387999999999738776e+00,1.924525480171101063e-19,-1.517432870084259342e-18,-3.256740880694732612e-18,0.000000000000000000e+00
4.389999999999738556e+00,1.894041860289966222e-19,-1.524180994056736941e-18,-2.958886929865833476e-18,0.000000000000000000e+00
4.391999999999738336e+00,1.863449212215900354e-19,-1.529632403703293678e-18,-2.670534468100852254e-18,0.000000000000000000e+00
4.393999999999738115e+00,1.832772541939722884e-19,-1.533833513808871761e-18,-2.391512225046809369e-18,0.000000000000000000e+00
4.395999999999737895e+00,1.802035946041438544e-19,-1.536829794914222904e-18,-2.121649209017725886e-18,0.000000000000000000e+00
4.397999999999737675e+00,1.771262630463263577e-19,-1.538665778908752068e-18,-1.860774812436090922e-18,0.000000000000000000e+00
4.399999999999737454e+00,1.740474929162361015e-19,-1.539385065045133122e-18,-1.608718912937823533e-18,0.000000000000000000e+00
4.401999999999737234e+00,1.709694322635254841e-19,-1.539030326355305446e-18,-1.365311970239595541e-18,0.000000000000000000e+00
4.403999999999737014e+00,1.678941456306295175e-19,-1.537643316447978959e-18,-1.130385118866529724e-18,0.000000000000000000e+00
4.405999999999736794e+00,1.648236158772929603e-19,-1.535264876668279456e-18,-9.037702568372015637e-19,0.000000000000000000e+00
4.407999999999736573e+00,1.617597459900916154e-19,-1.531934943600672662e-18,-6.853001304019483234e-19,0.000000000000000000e+00
4.409999999999736353e+00,1.587043608762980079e-19,-1.527692556896799411e-18,-4.748084149294461125e-19,0.000000000000000000e+00
4.411999999999736133e+00,1.556592091414773129e-19,-1.522575867410342962e-18,-2.721297920354417202e-19,0.000000000000000000e+00
4.413999999999735913e+00,1.526259648502342366e-19,-1.516622145621533254e-18,-7.710002304647212016e-20,0.000000000000000000e+00
4.415999999999735692e+00,1.496062292695654999e-19,-1.509867790334366893e-18,1.104439811096955404e-19,0.000000000000000000e+00
4.417999999999735472e+00,1.466015325943053148e-19,-1.502348337630091565e-18,2.906640934963077206e-19,0.000000000000000000e+00
4.419999999999735252e+00,1.436133356541833813e-19,-1.494098470060964850e-18,4.637209081530486804e-19,0.000000000000000000e+00
4.421999999999735032e+00,1.406430316020458688e-19,-1.485152026068751723e-18,6.297736803863450513e-19,0.000000000000000000e+00
4.423999999999734811e+00,1.376919475828201322e-19,-1.475542009612873018e-18,7.889802702773739508e-19,0.000000000000000000e+00
4.425999999999734591e+00,1.347613463828330159e-19,-1.465300599993559296e-18,9.414970893218334830e-19,0.000000000000000000e+00
4.427999999999734371e+00,1.318524280591214183e-19,-1.454459161855793888e-18,1.087479050116637641e-18,0.000000000000000000e+00
4.429999999999734150e+00,1.289663315484008951e-19,-1.443048255360261592e-18,1.227079519010021127e-18,0.000000000000000000e+00
4.431999999999733930e+00,1.261041362553850198e-19,-1.431097646507933048e-18,1.360450271632662804e-18,0.000000000000000000e+00
4.433999999999733710e+00,1.232668636201743630e-19,-1.418636317605330782e-18,1.487741451228696826e-18,0.000000000000000000e+00
4.435999999999733490e+00,1.204554786644585099e-19,-1.405692477857926402e-18,1.609101529706730039e-18,0.000000000000000000e+00
4.437999999999733269e+00,1.176708915162994724e-19,-1.392293574079516917e-18,1.724677271332178316e-18,0.000000000000000000e+00
4.439999999999733049e+00,1.149139589132878244e-19,-1.378466301505819091e-18,1.834613698983527168e-18,0.000000000000000000e+00
4.441999999999732829e+00,1.121854856838860180e-19,-1.364236614700903830e-18,1.939054062896349967e-18,0.000000000000000000e+00
4.443999999999732609e+00,1.094862262067950827e-19,-1.349629738545470646e-18,2.038139811820158939e-18,0.000000000000000000e+00
4.445999999999732388e+00,1.068168858482024273e-19,-1.334670179296329538e-18,2.132010566514441352e-18,0.000000000000000000e+00
4.447999999999732168e+00,1.041781223767887752e-19,-1.319381735706823910e-18,2.220804095511489072e-18,0.000000000000000000e+00
4.449999999999731948e+00,1.015705473563922171e-19,-1.303787510198278308e-18,2.304656293074849870e-18,0.000000000000000000e+00
4.451999999999731727e+00,9.899472751624639913e-20,-1.287909920072908549e-18,2.383701159283557042e-18,0.000000000000000000e+00
4.453999999999731507e+00,9.645118609872845860e-20,-1.271770708758970169e-18,2.458070782173484857e-18,0.000000000000000000e+00
4.455999999999731287e+00,9.394040418456994479e-20,-1.255390957079256086e-18,2.527895321868453104e-18,0.000000000000000000e+00
4.457999999999731067e+00,9.146282199550117302e-20,-1.238791094534383476e-18,2.593302996634973583e-18,0.000000000000000000e+00
4.459999999999730846e+00,8.901884017431591588e-20,-1.221990910592628234e-18,2.654420070795753182e-18,0.000000000000000000e+00
4.461999999999730626e+00,8.660882104235915196e-20,-1.205009565978382970e-18,2.711370844438331604e-18,0.000000000000000000e+00
4.463999999999730406e+00,8.423308983445591572e-20,-1.187865603951617640e-18,2.764277644856467477e-18,0.000000000000000000e+00
4.465999999999730186e+00,8.189193591131385676e-20,-1.170576961571026589e-18,2.813260819663103782e-18,0.000000000000000000e+00
4.467999999999729965e+00,7.958561394944618839e-20,-1.153160980933835052e-18,2.858438731514985346e-18,0.000000000000000000e+00
4.469999999999729745e+00,7.731434510867512636e-20,-1.135634420385531689e-18,2.899927754390243016e-18,0.000000000000000000e+00
4.471999999999729525e+00,7.507831817728899123e-20,-1.118013465693067950e-18,2.937842271361423917e-18,0.000000000000000000e+00
4.473999999999729305e+00,7.287769069493830499e-20,-1.100313741175344565e-18,2.972294673807692120e-18,0.000000000000000000e+00
4.475999999999729084e+00,7.071259005336816552e-20,-1.082550320785070024e-18,3.003395362011107336e-18,0.000000000000000000e+00
4.477999999999728864e+00,6.858311457509548522e-20,-1.064737739136340197e-18,3.031252747083082568e-18,0.000000000000000000e+00
4.479999999999728644e+00,6.648933457015040517e-20,-1.046890002472541277e-18,3.055973254168297993e-18,0.000000000000000000e+00
4.481999999999728423e+00,6.443129337101154804e-20,-1.029020599569428808e-18,3.077661326874507007e-18,0.000000000000000000e+00
4.483999999999728203e+00,6.240900834587459523e-20,-1.011142512568478620e-18,3.096419432877861341e-18,0.000000000000000000e+00
4.485999999999727983e+00,6.042247189040291822e-20,-9.932682277358410060e-19,3.112348070654494590e-18,0.000000000000000000e+00
4.487999999999727763e+00,5.847165239811799775e-20,-9.754097461424627426e-19,3.125545777290262121e-18,0.000000000000000000e+00
4.489999999999727542e+00,5.655649520959567000e-20,-9.575785942611641623e-19,3.136109137321660084e-18,0.000000000000000000e+00
4.491999999999727322e+00,5.467692354064231609e-20,-9.397858344766796018e-19,3.144132792562051720e-18,0.000000000000000000e+00
4.493999999999727102e+00,5.283283938963254965e-20,-9.220420755048819713e-19,3.149709452868451606e-18,0.000000000000000000e+00
4.495999999999726882e+00,5.102412442419730623e-20,-9.043574827176205787e-19,3.152929907805180036e-18,0.000000000000000000e+00
4.497999999999726661e+00,4.925064084745770213e-20,-8.867417883698029871e-19,3.153883039161807534e-18,0.000000000000000000e+00
4.499999999999726441e+00,4.751223224400660231e-20,-8.692043017255490912e-19,3.152655834283864930e-18,0.000000000000000000e+00
4.501999999999726221e+00,4.580872440584573536e-20,-8.517539190804349175e-19,3.149333400175820511e-18,0.000000000000000000e+00
4.503999999999726001e+00,4.413992613849167038e-20,-8.343991336770331651e-19,3.143998978336932076e-18,0.000000000000000000e+00
4.505999999999725780e+00,4.250563004746940519e-20,-8.171480455111337258e-19,3.136733960291517295e-18,0.000000000000000000e+00
4.507999999999725560e+00,4.090561330541699193e-20,-8.000083710262059558e-19,3.127617903776288196e-18,0.000000000000000000e+00
4.509999999999725340e+00,3.933963840002932634e-20,-7.829874526938329915e-19,3.116728549548317729e-18,0.000000000000000000e+00
4.511999999999725119e+00,3.780745386307329568e-20,-7.660922684780149927e-19,3.104141838778256384e-18,0.000000000000000000e+00
4.513999999999724899e+00,3.630879498071050068e-20,-7.493294411813967999e-19,3.089931930994334345e-18,0.000000000000000000e+00
4.515999999999724679e+00,3.484338448536723939e-20,-7.327052476716319693e-19,3.074171222543676507e-18,0.000000000000000000e+00
4.517999999999724459e+00,3.341093322939474517e-20,-7.162256279862463414e-19,3.056930365538391022e-18,0.000000000000000000e+00
4.519999999999724238e+00,3.201114084076572841e-20,-6.998961943145078702e-19,3.038278287254804881e-18,0.000000000000000000e+00
4.521999999999724018e+00,3.064369636105582348e-20,-6.837222398549531191e-19,3.018282209955159171e-18,0.000000000000000000e+00
4.523999999999723798e+00,2.930827886596111204e-20,-6.677087475473567028e-19,2.997007671101964851e-18,0.000000000000000000e+00
4.525999999999723578e+00,2.800455806860498891e-20,-6.518603986780611088e-19,2.974518543936089661e-18,0.000000000000000000e+00
4.527999999999723357e+00,2.673219490588956178e-20,-6.361815813577142383e-19,2.950877058390548867e-18,0.000000000000000000e+00
4.529999999999723137e+00,2.549084210814839588e-20,-6.206763988705837230e-19,2.926143822312798017e-18,0.000000000000000000e+00
4.531999999999722917e+00,2.428014475235892168e-20,-6.053486778947375436e-19,2.900377842969186758e-18,0.000000000000000000e+00
4.533999999999722696e+00,2.309974079917392861e-20,-5.902019765924959325e-19,2.873636548806053219e-18,0.000000000000000000e+00
4.535999999999722476e+00,2.194926161403259052e-20,-5.752395925706688423e-19,2.845975811442743497e-18,0.000000000000000000e+00
4.537999999999722256e+00,2.082833247261218512e-20,-5.604645707102033269e-19,2.817449967872651613e-18,0.000000000000000000e+00
4.539999999999722036e+00,1.973657305088225330e-20,-5.458797108649659085e-19,2.788111842849147196e-18,0.000000000000000000e+00
4.541999999999721815e+00,1.867359790002328126e-20,-5.314875754294864048e-19,2.758012771434028545e-18,0.000000000000000000e+00
4.543999999999721595e+00,1.763901690647211177e-20,-5.172904967755845423e-19,2.727202621686907542e-18,0.000000000000000000e+00
4.545999999999721375e+00,1.663243573735632703e-20,-5.032905845578922580e-19,2.695729817474631997e-18,0.000000000000000000e+00
4.547999999999721155e+00,1.565345627157957782e-20,-4.894897328883751136e-19,2.663641361380634491e-18,0.000000000000000000e+00
4.549999999999720934e+00,1.470167701681949931e-20,-4.758896273800395407e-19,2.630982857694756573e-18,0.000000000000000000e+00
4.551999999999720714e+00,1.377669351269930979e-20,-4.624917520600945835e-19,2.597798535464812126e-18,0.000000000000000000e+00
4.553999999999720494e+00,1.287809872039347765e-20,-4.492973961529160587e-19,2.564131271591850065e-18,0.000000000000000000e+00
4.555999999999720274e+00,1.200548339892700764e-20,-4.363076607332352006e-19,2.530022613951721018e-18,0.000000000000000000e+00
4.557999999999720053e+00,1.115843646842691580e-20,-4.235234652500457919e-19,2.495512804526213167e-18,0.000000000000000000e+00
4.559999999999719833e+00,1.033654536058332828e-20,-4.109455539217935474e-19,2.460640802527681925e-18,0.000000000000000000e+00
4.561999999999719613e+00,9.539396356576376788e-21,-3.985745020034755097e-19,2.425444307501693959e-18,0.000000000000000000e+00
4.563999999999719392e+00,8.766574912723692823e-21,-3.864107219263416333e-19,2.389959782392837809e-18,0.000000000000000000e+00
4.565999999999719172e+00,8.017665974101793360e-21,-3.744544693109496715e-19,2.354222476559453831e-18,0.000000000000000000e+00
4.567999999999718952e+00,7.292254276393030580e-21,-3.627058488543816789e-19,2.318266448723610913e-18,0.000000000000000000e+00
4.569999999999718732e+00,6.589924636208061170e-21,-3.511648200924847529e-19,2.282124589843233250e-18,0.000000000000000000e+00
4.571999999999718511e+00,5.910262230131959689e-21,-3.398312030380505420e-19,2.245828645893847464e-18,0.000000000000000000e+00
4.573999999999718291e+00,5.252852862740167017e-21,-3.287046836958963900e-19,2.209409240547957687e-18,0.000000000000000000e+00
4.575999999999718071e+00,4.617283223828450971e-21,-3.177848194558580261e-19,2.172895897740588167e-18,0.000000000000000000e+00
4.577999999999717851e+00,4.003141135098956430e-21,-3.070710443647471863e-19,2.136317064110061061e-18,0.000000000000000000e+00
4.579999999999717630e+00,3.410015786542217298e-21,-2.965626742783696379e-19,2.099700131303579707e-18,0.000000000000000000e+00
4.581999999999717410e+00,2.837497962752742286e-21,-2.862589118947374474e-19,2.063071458137680383e-18,0.000000000000000000e+00
4.583999999999717190e+00,2.285180259413447534e-21,-2.761588516696473744e-19,2.026456392604103133e-18,0.000000000000000000e+00
4.585999999999716970e+00,1.752657290181786288e-21,-2.662614846158306366e-19,1.989879293712102232e-18,0.000000000000000000e+00
4.587999999999716749e+00,1.239525884207960282e-21,-2.565657029869129978e-19,1.953363553158667109e-18,0.000000000000000000e+00
4.589999999999716529e+00,7.453852745130527939e-22,-2.470703048474537402e-19,1.916931616818585608e-18,0.000000000000000000e+00
4.591999999999716309e+00,2.698372774523313157e-22,-2.377739985303607320e-19,1.880605006046699436e-18,0.000000000000000000e+00
4.593999999999716088e+00,-1.875135365136798062e-22,-2.286754069830055688e-19,1.844404338785138776e-18,0.000000000000000000e+00
4.595999999999715868e+00,-6.270596805204527035e-22,-2.197730720033864614e-19,1.808349350468727920e-18,0.000000000000000000e+00
4.597999999999715648e+00,-1.049190597255872682e-21,-2.110654583677099364e-19,1.772458914722149348e-18,0.000000000000000000e+00
4.599999999999715428e+00,-1.454292512957438293e-21,-2.025509578507827637e-19,1.736751063842857335e-18,0.000000000000000000e+00
4.601999999999715207e+00,-1.842748299238687875e-21,-1.942278931406247095e-19,1.701243009064092736e-18,0.000000000000000000e+00
4.603999999999714987e+00,-2.214937342536148227e-21,-1.860945216487301925e-19,1.665951160592733446e-18,0.000000000000000000e+00
4.605999999999714767e+00,-2.571235420970993396e-21,-1.781490392174225908e-19,1.630891147417060174e-18,0.000000000000000000e+00
4.607999999999714547e+00,-2.912014588422511014e-21,-1.703895837257588418e-19,1.596077836879871531e-18,0.000000000000000000e+00
4.609999999999714326e+00,-3.237643065613421020e-21,-1.628142385954550226e-19,1.561525354012713904e-18,0.000000000000000000e+00
4.611999999999714106e+00,-3.548485138010049728e-21,-1.554210361983144312e-19,1.527247100627319343e-18,0.000000000000000000e+00
4.613999999999713886e+00,-3.844901060343348492e-21,-1.482079611666492977e-19,1.493255774160662321e-18,0.000000000000000000e+00
4.615999999999713665e+00,-4.127246967559740076e-21,-1.411729536081957737e-19,1.459563386270345480e-18,0.000000000000000000e+00
4.617999999999713445e+00,-4.395874792013797528e-21,-1.343139122270286629e-19,1.426181281177333033e-18,0.000000000000000000e+00
4.619999999999713225e+00,-4.651132186717773364e-21,-1.276286973519880595e-19,1.393120153753326261e-18,0.000000000000000000e+00
4.621999999999713005e+00,-4.893362454466042252e-21,-1.211151338741343986e-19,1.360390067350358689e-18,0.000000000000000000e+00
4.623999999999712784e+00,-5.122904482655545452e-21,-1.147710140947517384e-19,1.328000471370457544e-18,0.000000000000000000e+00
4.625999999999712564e+00,-5.340092683626387578e-21,-1.085941004854210995e-19,1.295960218573479850e-18,0.000000000000000000e+00
4.627999999999712344e+00,-5.545256940349760545e-21,-1.025821283616865707e-19,1.264277582121473421e-18,0.000000000000000000e+00
4.629999999999712124e+00,-5.738722557293434506e-21,-9.673280847183685986e-20,1.232960272358169700e-18,0.000000000000000000e+00
4.631999999999711903e+00,-5.920810216298082167e-21,-9.104382950232380946e-20,1.202015453322436929e-18,0.000000000000000000e+00
4.633999999999711683e+00,-6.091835937300756502e-21,-8.551286050133702643e-20,1.171449758994756671e-18,0.000000000000000000e+00
4.635999999999711463e+00,-6.252111043744858686e-21,-8.013755322205105563e-20,1.141269309275997032e-18,0.000000000000000000e+00
4.637999999999711243e+00,-6.401942132518973167e-21,-7.491554438705720465e-20,1.111479725697975479e-18,0.000000000000000000e+00
4.639999999999711022e+00,-6.541631048269947817e-21,-6.984445787548728868e-20,1.082086146865494267e-18,0.000000000000000000e+00
4.641999999999710802e+00,-6.671474861938610077e-21,-6.492190683433102748e-20,1.053093243629737134e-18,0.000000000000000000e+00
4.643999999999710582e+00,-6.791765853369494506e-21,-6.014549571544210948e-20,1.024505233993096412e-18,0.000000000000000000e+00
4.645999999999710361e+00,-6.902791497848935529e-21,-5.551282223972078821e-20,9.963258977456811239e-19,0.000000000000000000e+00
4.647999999999710141e+00,-7.004834456428840297e-21,-5.102147928995266688e-20,9.685585908339286070e-19,0.000000000000000000e+00
4.649999999999709921e+00,-7.098172569896389883e-21,-4.666905673377498538e-20,9.412062594619111218e-19,0.000000000000000000e+00
4.651999999999709701e+00,-7.183078856252853288e-21,-4.245314317823190149e-20,9.142714539260833546e-19,0.000000000000000000e+00
4.653999999999709480e+00,-7.259821511567594437e-21,-3.837132765737064081e-20,8.877563421843727296e-19,0.000000000000000000e+00
4.655999999999709260e+00,-7.328663914076232924e-21,-3.442120125431950203e-20,8.616627231606546501e-19,0.000000000000000000e+00
4.657999999999709040e+00,-7.389864631394787884e-21,-3.060035865927778084e-20,8.359920397858052052e-19,0.000000000000000000e+00
4.659999999999708820e+00,-7.443677430724460052e-21,-2.690639966483572581e-20,8.107453917766426106e-19,0.000000000000000000e+00
4.661999999999708599e+00,-7.490351291924520727e-21,-2.333693060003059652e-20,7.859235481542063581e-19,0.000000000000000000e+00
4.663999999999708379e+00,-7.530130423333585527e-21,-1.988956570453209585e-20,7.615269595029436089e-19,0.000000000000000000e+00
4.665999999999708159e+00,-7.563254280222260640e-21,-1.656192844433730383e-20,7.375557699724792578e-19,0.000000000000000000e+00
4.667999999999707939e+00,-7.589957585762943412e-21,-1.335165277034168078e-20,7.140098290237688710e-19,0.000000000000000000e+00
4.669999999999707718e+00,-7.610470354405220768e-21,-1.025638432113864796e-20,6.908887029215268210e-19,0.000000000000000000e+00
4.671999999999707498e+00,-7.625017917547993266e-21,-7.273781571385954287e-21,6.681916859749270956e-19,0.000000000000000000e+00
4.673999999999707278e+00,-7.633820951402117260e-21,-4.401516927062249768e-21,6.459178115286673789e-19,0.000000000000000000e+00
4.675999999999707057e+00,-7.637095506939962180e-21,-1.637277768922274083e-21,6.240658627065752092e-19,0.000000000000000000e+00
4.677999999999706837e+00,-7.635053041830849851e-21,1.021232554556341825e-21,6.026343829100172535e-19,0.000000000000000000e+00
4.679999999999706617e+00,-7.627900454263935253e-21,3.576293783457260275e-21,5.816216860734567139e-19,0.000000000000000000e+00
4.681999999999706397e+00,-7.615840118562576773e-21,6.030167850679167751e-21,5.610258666795728239e-19,0.000000000000000000e+00
4.683999999999706176e+00,-7.599069922496749249e-21,8.385098032913739120e-21,5.408448095364300631e-19,0.000000000000000000e+00
4.685999999999705956e+00,-7.577783306202511633e-21,1.064330814711890303e-20,5.210761993192497185e-19,0.000000000000000000e+00
4.687999999999705736e+00,-7.552169302619962078e-21,1.280700179127506941e-20,5.017175298793964109e-19,0.000000000000000000e+00
4.689999999999705516e+00,-7.522412579363504125e-21,1.487836162822872369e-20,4.827661133232505645e-19,0.000000000000000000e+00
4.691999999999705295e+00,-7.488693481940614423e-21,1.685954871144473948e-20,4.642190888636912380e-19,0.000000000000000000e+00
4.693999999999705075e+00,-7.451188078237603027e-21,1.875270185150581534e-20,4.460734314469616954e-19,0.000000000000000000e+00
4.695999999999704855e+00,-7.410068204193174435e-21,2.055993702221465106e-20,4.283259601577367464e-19,0.000000000000000000e+00
4.697999999999704634e+00,-7.365501510582830414e-21,2.228334680517182411e-20,4.109733464052518162e-19,0.000000000000000000e+00
4.699999999999704414e+00,-7.317651510839391535e-21,2.392499987171968030e-20,3.940121218933938563e-19,0.000000000000000000e+00
4.701999999999704194e+00,-7.266677629837071995e-21,2.548694050116010072e-20,3.774386863776849780e-19,0.000000000000000000e+00
4.703999999999703974e+00,-7.212735253568728525e-21,2.697118813417155145e-20,3.612493152121258945e-19,0.000000000000000000e+00
4.705999999999703753e+00,-7.155975779647991107e-21,2.837973696036841444e-20,3.454401666888919248e-19,0.000000000000000000e+00
4.707999999999703533e+00,-7.096546668570064142e-21,2.971455553896327748e-20,3.300072891738988634e-19,0.000000000000000000e+00
4.709999999999703313e+00,-7.034591495667043543e-21,3.097758645151051057e-20,3.149466280412794229e-19,0.000000000000000000e+00
4.711999999999703093e+00,-6.970250003695588832e-21,3.217074598572718658e-20,3.002540324098295899e-19,0.000000000000000000e+00
4.713999999999702872e+00,-6.903658155996778515e-21,3.329592384940496598e-20,2.859252616845025293e-19,0.000000000000000000e+00
4.715999999999702652e+00,-6.834948190169889309e-21,3.435498291344444081e-20,2.719559919060356664e-19,0.000000000000000000e+00
4.717999999999702432e+00,-6.764248672203767307e-21,3.534975898306086840e-20,2.583418219118144373e-19,0.000000000000000000e+00
4.719999999999702212e+00,-6.691684551011311328e-21,3.628206059622797121e-20,2.450782793110811125e-19,0.000000000000000000e+00
4.721999999999701991e+00,-6.617377213314423601e-21,3.715366884844399292e-20,2.321608262776019086e-19,0.000000000000000000e+00
4.723999999999701771e+00,-6.541444538828580231e-21,3.796633724292169701e-20,2.195848651629128785e-19,0.000000000000000000e+00
4.725999999999701551e+00,-6.464000955697937318e-21,3.872179156532149563e-20,2.073457439332630445e-19,0.000000000000000000e+00
4.727999999999701330e+00,-6.385157496133609141e-21,3.942172978216417008e-20,1.954387614333753586e-19,0.000000000000000000e+00
4.729999999999701110e+00,-6.305021852209455060e-21,4.006782196207701941e-20,1.838591724801402495e-19,0.000000000000000000e+00
4.731999999999700890e+00,-6.223698431771366140e-21,4.066171021904437864e-20,1.726021927893542982e-19,0.000000000000000000e+00
4.733999999999700670e+00,-6.141288414417665228e-21,4.120500867685061858e-20,1.616630037386082576e-19,0.000000000000000000e+00
4.735999999999700449e+00,-6.057889807509823876e-21,4.169930345392065778e-20,1.510367569694206840e-19,0.000000000000000000e+00
4.737999999999700229e+00,-5.973597502174264320e-21,4.214615266777986254e-20,1.407185788317022332e-19,0.000000000000000000e+00
4.739999999999700009e+00,-5.888503329257520091e-21,4.254708645837206317e-20,1.307035746736250778e-19,0.000000000000000000e+00
4.741999999999699789e+00,-5.802696115198538016e-21,4.290360702949086311e-20,1.209868329799561605e-19,0.000000000000000000e+00
4.743999999999699568e+00,-5.716261737783345760e-21,4.321718870759605887e-20,1.115634293618991778e-19,0.000000000000000000e+00
4.745999999999699348e+00,-5.629283181748739258e-21,4.348927801730316655e-20,1.024284304014738203e-19,0.000000000000000000e+00
4.747999999999699128e+00,-5.541840594203038398e-21,4.372129377285036683e-20,9.357689735344013721e-20,0.000000000000000000e+00
4.749999999999698908e+00,-5.454011339833311988e-21,4.391462718486312957e-20,8.500388970775991045e-20,0.000000000000000000e+00
4.751999999999698687e+00,-5.365870055869806911e-21,4.407064198175268012e-20,7.670446861556313600e-20,0.000000000000000000e+00
4.753999999999698467e+00,-5.277488706779606568e-21,4.419067454510017758e-20,6.867370018156710480e-20,0.000000000000000000e+00
4.755999999999698247e+00,-5.188936638662818164e-21,4.427603405839405758e-20,6.090665862587299245e-20,0.000000000000000000e+00
4.757999999999698026e+00,-5.100280633325811630e-21,4.432800266850330901e-20,5.339842931803843421e-20,0.000000000000000000e+00
4.759999999999697806e+00,-5.011584962007241967e-21,4.434783565928465106e-20,4.614411168630217294e-20,0.000000000000000000e+00
4.761999999999697586e+00,-4.922911438733768672e-21,4.433676163673671351e-20,3.913882200480778571e-20,0.000000000000000000e+00
4.763999999999697366e+00,-4.834319473283510637e-21,4.429598272512897237e-20,3.237769606164908409e-20,0.000000000000000000e+00
4.765999999999697145e+00,-4.745866123736414646e-21,4.422667477354805258e-20,2.585589171052872701e-20,0.000000000000000000e+00
4.767999999999696925e+00,-4.657606148591777895e-21,4.412998757231829163e-20,1.956859130879592261e-20,0.000000000000000000e+00
4.769999999999696705e+00,-4.569592058434242246e-21,4.400704507876788421e-20,1.351100404459630604e-20,0.000000000000000000e+00
4.771999999999696485e+00,-4.481874167130590585e-21,4.385894565182590921e-20,7.678368155839973079e-21,0.000000000000000000e+00
4.773999999999696264e+00,-4.394500642540691217e-21,4.368676229494950326e-20,2.065953043659271308e-21,0.000000000000000000e+00
4.775999999999696044e+00,-4.307517556726903045e-21,4.349154290689408301e-20,-3.330938717000408443e-21,0.000000000000000000e+00
4.777999999999695824e+00,-4.220968935647196840e-21,4.327431053985306619e-20,-8.516969467048794346e-21,0.000000000000000000e+00
4.779999999999695603e+00,-4.134896808318183114e-21,4.303606366450676998e-20,-1.349676465059951073e-20,0.000000000000000000e+00
4.781999999999695383e+00,-4.049341255435116512e-21,4.277777644153333399e-20,-1.827491109745733891e-20,0.000000000000000000e+00
4.783999999999695163e+00,-3.964340457436821626e-21,4.250039899914735261e-20,-2.285595539823307876e-20,0.000000000000000000e+00
4.785999999999694943e+00,-3.879930742004332202e-21,4.220485771624464264e-20,-2.724440236961056491e-20,0.000000000000000000e+00
4.787999999999694722e+00,-3.796146630982844484e-21,4.189205551074397638e-20,-3.144471360732424024e-20,0.000000000000000000e+00
4.789999999999694502e+00,-3.713020886717386636e-21,4.156287213272898450e-20,-3.546130612444093306e-20,0.000000000000000000e+00
4.791999999999694282e+00,-3.630584557793375810e-21,4.121816446200545187e-20,-3.929855107257357417e-20,0.000000000000000000e+00
4.793999999999694062e+00,-3.548867024173973963e-21,4.085876680970110427e-20,-4.296077254369089309e-20,0.000000000000000000e+00
4.795999999999693841e+00,-3.467896041726880234e-21,4.048549122354668983e-20,-4.645224645022309993e-20,0.000000000000000000e+00
4.797999999999693621e+00,-3.387697786133903037e-21,4.009912779648852799e-20,-4.977719948119596294e-20,0.000000000000000000e+00
4.799999999999693401e+00,-3.308296896177314753e-21,3.970044497829410415e-20,-5.293980813216762884e-20,0.000000000000000000e+00
4.801999999999693181e+00,-3.229716516397668288e-21,3.929018988982315130e-20,-5.594419780677175938e-20,0.000000000000000000e+00
4.803999999999692960e+00,-3.151978339118372744e-21,3.886908863964768615e-20,-5.879444198771167564e-20,0.000000000000000000e+00
4.805999999999692740e+00,-3.075102645832942770e-21,3.843784664271495128e-20,-6.149456147508419472e-20,0.000000000000000000e+00
4.807999999999692520e+00,-2.999108347951427064e-21,3.799714894075778977e-20,-6.404852368994814702e-20,0.000000000000000000e+00
4.809999999999692299e+00,-2.924013026903092921e-21,3.754766052416710142e-20,-6.646024204108939573e-20,0.000000000000000000e+00
4.811999999999692079e+00,-2.849832973592990617e-21,3.709002665505114745e-20,-6.873357535296995434e-20,0.000000000000000000e+00
4.813999999999691859e+00,-2.776583227210558225e-21,3.662487319121623201e-20,-7.087232735288519808e-20,0.000000000000000000e+00
4.815999999999691639e+00,-2.704277613388932255e-21,3.615280691081299112e-20,-7.288024621538934856e-20,0.000000000000000000e+00
4.817999999999691418e+00,-2.632928781714128288e-21,3.567441583740190241e-20,-7.476102416208494425e-20,0.000000000000000000e+00
4.819999999999691198e+00,-2.562548242583726360e-21,3.519026956520089155e-20,-7.651829711490903562e-20,0.000000000000000000e+00
4.821999999999690978e+00,-2.493146403415152503e-21,3.470091958428695102e-20,-7.815564440108341395e-20,0.000000000000000000e+00
4.823999999999690758e+00,-2.424732604204087570e-21,3.420689960553251629e-20,-7.967658850793311269e-20,0.000000000000000000e+00
4.825999999999690537e+00,-2.357315152433955410e-21,3.370872588506602887e-20,-8.108459488581179817e-20,0.000000000000000000e+00
4.827999999999690317e+00,-2.290901357337846440e-21,3.320689754805452997e-20,-8.238307179740853659e-20,0.000000000000000000e+00
4.829999999999690097e+00,-2.225497563514617473e-21,3.270189691161450601e-20,-8.357537021174665625e-20,0.000000000000000000e+00
4.831999999999689877e+00,-2.161109183901287076e-21,3.219418980666510970e-20,-8.466478374121789947e-20,0.000000000000000000e+00
4.833999999999689656e+00,-2.097740732104195189e-21,3.168422589854599938e-20,-8.565454862003237391e-20,0.000000000000000000e+00
4.835999999999689436e+00,-2.035395854091736148e-21,3.117243900622957450e-20,-8.654784372249769814e-20,0.000000000000000000e+00
4.837999999999689216e+00,-1.974077359251806043e-21,3.065924741996499859e-20,-8.734779061957549930e-20,0.000000000000000000e+00
4.839999999999688995e+00,-1.913787250817408498e-21,3.014505421719877368e-20,-8.805745367219750957e-20,0.000000000000000000e+00
4.841999999999688775e+00,-1.854526755664160920e-21,2.963024757662372613e-20,-8.867984015985692346e-20,0.000000000000000000e+00
4.843999999999688555e+00,-1.796296353483730216e-21,2.911520109021532346e-20,-8.921790044302416441e-20,0.000000000000000000e+00
4.845999999999688335e+00,-1.739095805337488094e-21,2.860027407312103663e-20,-8.967452815796923947e-20,0.000000000000000000e+00
4.847999999999688114e+00,-1.682924181594937817e-21,2.808581187127514303e-20,-9.005256044260613087e-20,0.000000000000000000e+00
4.849999999999687894e+00,-1.627779889261702224e-21,2.757214616661778089e-20,-9.035477819200606620e-20,0.000000000000000000e+00
4.851999999999687674e+00,-1.573660698702095301e-21,2.705959527980342767e-20,-9.058390634225980328e-20,0.000000000000000000e+00
4.853999999999687454e+00,-1.520563769761515113e-21,2.654846447029012870e-20,-9.074261418139980853e-20,0.000000000000000000e+00
4.855999999999687233e+00,-1.468485677294101666e-21,2.603904623370674592e-20,-9.083351568612582806e-20,0.000000000000000000e+00
4.857999999999687013e+00,-1.417422436101299071e-21,2.553162059640131318e-20,-9.085916988310657673e-20,0.000000000000000000e+00
4.859999999999686793e+00,-1.367369525287140417e-21,2.502645540707930840e-20,-9.082208123366322783e-20,0.000000000000000000e+00
4.861999999999686572e+00,-1.318321912036248308e-21,2.452380662544608453e-20,-9.072470004066881760e-20,0.000000000000000000e+00
4.863999999999686352e+00,-1.270274074820702197e-21,2.402391860777307881e-20,-9.056942287652845770e-20,0.000000000000000000e+00
4.865999999999686132e+00,-1.223220026042076917e-21,2.352702438931263791e-20,-9.035859303113495595e-20,0.000000000000000000e+00
4.867999999999685912e+00,-1.177153334115094313e-21,2.303334596349130395e-20,-9.009450097872288954e-20,0.000000000000000000e+00
4.869999999999685691e+00,-1.132067144999461532e-21,2.254309455781634456e-20,-8.977938486257383389e-20,0.000000000000000000e+00
4.871999999999685471e+00,-1.087954203186591385e-21,2.205647090643504381e-20,-8.941543099655303974e-20,0.000000000000000000e+00
4.873999999999685251e+00,-1.044806872148009681e-21,2.157366551929087793e-20,-8.900477438248624595e-20,0.000000000000000000e+00
4.875999999999685031e+00,-1.002617154252359379e-21,2.109485894782518959e-20,-8.854949924241276043e-20,0.000000000000000000e+00
4.877999999999684810e+00,-9.613767101580048428e-22,2.062022204717731093e-20,-8.805163956477809698e-20,0.000000000000000000e+00
4.879999999999684590e+00,-9.210768776883243710e-22,2.014991623484025320e-20,-8.751317966365606992e-20,0.000000000000000000e+00
4.881999999999684370e+00,-8.817086901968579166e-22,1.968409374573319483e-20,-8.693605475011692234e-20,0.000000000000000000e+00
4.883999999999684150e+00,-8.432628944295461661e-22,1.922289788365586923e-20,-8.632215151488325755e-20,0.000000000000000000e+00
4.885999999999683929e+00,-8.057299678913584414e-22,1.876646326909384203e-20,-8.567330872144206089e-20,0.000000000000000000e+00
4.887999999999683709e+00,-7.691001357246638833e-22,1.831491608334727531e-20,-8.499131780880508885e-20,0.000000000000000000e+00
4.889999999999683489e+00,-7.333633871067451351e-22,1.786837430895935756e-20,-8.427792350313525266e-20,0.000000000000000000e+00
4.891999999999683268e+00,-6.985094911738970055e-22,1.742694796642405348e-20,-8.353482443748067340e-20,0.000000000000000000e+00
4.893999999999683048e+00,-6.645280124795849376e-22,1.699073934715605730e-20,-8.276367377888166638e-20,0.000000000000000000e+00
4.895999999999682828e+00,-6.314083259941666987e-22,1.655984324270913673e-20,-8.196607986213975796e-20,0.000000000000000000e+00
4.897999999999682608e+00,-5.991396316537026201e-22,1.613434717023203744e-20,-8.114360682956008237e-20,0.000000000000000000e+00
4.899999999999682387e+00,-5.677109684653941927e-22,1.571433159415419602e-20,-8.029777527600202675e-20,0.000000000000000000e+00
4.901999999999682167e+00,-5.371112281772016444e-22,1.529987014409626324e-20,-7.943006289859397285e-20,0.000000000000000000e+00
4.903999999999681947e+00,-5.073291685191950707e-22,1.489102982900329475e-20,-7.854190515049074629e-20,0.000000000000000000e+00
4.905999999999681727e+00,-4.783534260241929399e-22,1.448787124750106086e-20,-7.763469589807305172e-20,0.000000000000000000e+00
4.907999999999681506e+00,-4.501725284352359633e-22,1.409044879447849658e-20,-7.670978808100909260e-20,0.000000000000000000e+00
4.909999999999681286e+00,-4.227749067074324710e-22,1.369881086390173863e-20,-7.576849437461931435e-20,0.000000000000000000e+00
4.911999999999681066e+00,-3.961489066116973297e-22,1.331300004786757816e-20,-7.481208785400484193e-20,0.000000000000000000e+00
4.913999999999680846e+00,-3.702827999478845259e-22,1.293305333190640719e-20,-7.384180265942050145e-20,0.000000000000000000e+00
4.915999999999680625e+00,-3.451647953747908280e-22,1.255900228654685666e-20,-7.285883466239158783e-20,0.000000000000000000e+00
4.917999999999680405e+00,-3.207830488644779432e-22,1.219087325515644897e-20,-7.186434213209335330e-20,0.000000000000000000e+00
4.919999999999680185e+00,-2.971256737883288919e-22,1.182868753807452377e-20,-7.085944640152988636e-20,0.000000000000000000e+00
4.921999999999679964e+00,-2.741807506422176951e-22,1.147246157305560722e-20,-6.984523253306744291e-20,0.000000000000000000e+00
4.923999999999679744e+00,-2.519363364181313158e-22,1.112220711204319399e-20,-6.882274998289504663e-20,0.000000000000000000e+00
4.925999999999679524e+00,-2.303804736295400526e-22,1.077793139429563893e-20,-6.779301326400190647e-20,0.000000000000000000e+00
4.927999999999679304e+00,-2.095011989977650964e-22,1.043963731588747870e-20,-6.675700260727862945e-20,0.000000000000000000e+00
4.929999999999679083e+00,-1.892865518065428927e-22,1.010732359561109701e-20,-6.571566462036534804e-20,0.000000000000000000e+00
4.931999999999678863e+00,-1.697245819319327065e-22,9.780984937305091645e-21,-6.466991294388612003e-20,0.000000000000000000e+00
4.933999999999678643e+00,-1.508033575546583910e-22,9.460612188637151993e-21,-6.362062890472454617e-20,0.000000000000000000e+00
4.935999999999678423e+00,-1.325109725619172771e-22,9.146192496370558561e-21,-6.256866216601109121e-20,0.000000000000000000e+00
4.937999999999678202e+00,-1.148355536456278950e-22,8.837709458144687636e-21,-6.151483137350726685e-20,0.000000000000000000e+00
4.939999999999677982e+00,-9.776526710402565243e-23,8.535143270801119840e-21,-6.045992479808690559e-20,0.000000000000000000e+00
4.941999999999677762e+00,-8.128832535344957179e-23,8.238470875288042246e-21,-5.940470097402836846e-20,0.000000000000000000e+00
4.943999999999677541e+00,-6.539299315709609637e-23,7.947666098176739595e-21,-5.834988933284622679e-20,0.000000000000000000e+00
4.945999999999677321e+00,-5.006759357744627678e-23,7.662699789824910591e-21,-5.729619083240358503e-20,0.000000000000000000e+00
4.947999999999677101e+00,-3.530051365900118136e-23,7.383539959222545781e-21,-5.624427858106027099e-20,0.000000000000000000e+00
4.949999999999676881e+00,-2.108020984788733934e-23,7.110151905556920587e-21,-5.519479845662437360e-20,0.000000000000000000e+00
4.951999999999676660e+00,-7.395213154819123834e-24,6.842498346534107144e-21,-5.414836971988732536e-20,0.000000000000000000e+00
4.953999999999676440e+00,5.765865932171192168e-24,6.580539543495157924e-21,-5.310558562253495639e-20,0.000000000000000000e+00
4.955999999999676220e+00,1.841433277890282056e-23,6.324233423365813780e-21,-5.206701400923873729e-20,0.000000000000000000e+00
4.957999999999676000e+00,3.056140417386132609e-23,6.073535697479252554e-21,-5.103319791374292332e-20,0.000000000000000000e+00
4.959999999999675779e+00,4.221820412848525909e-23,5.828399977311967722e-21,-5.000465614877456118e-20,0.000000000000000000e+00
4.961999999999675559e+00,5.339575990283215240e-23,5.588777887173445761e-21,-4.898188388961414091e-20,0.000000000000000000e+00
4.963999999999675339e+00,6.410499825061371946e-23,5.354619173890786446e-21,-4.796535325117538838e-20,0.000000000000000000e+00
4.965999999999675119e+00,7.435674187767346248e-23,5.125871813529869909e-21,-4.695551385845283514e-20,0.000000000000000000e+00
4.967999999999674898e+00,8.416170610806361824e-23,4.902482115195079059e-21,-4.595279341020572099e-20,0.000000000000000000e+00
4.969999999999674678e+00,9.353049575196353535e-23,4.684394821949956109e-21,-4.495759823575673302e-20,0.000000000000000000e+00
4.971999999999674458e+00,1.024736021697664882e-22,4.471553208901475860e-21,-4.397031384479312499e-20,0.000000000000000000e+00
4.973999999999674237e+00,1.110014005267482969e-22,4.263899178490905057e-21,-4.299130547006710157e-20,0.000000000000000000e+00
4.975999999999674017e+00,1.191241472328172271e-22,4.061373353034460871e-21,-4.202091860290106664e-20,0.000000000000000000e+00
4.977999999999673797e+00,1.268519775619315598e-22,3.863915164557161359e-21,-4.105947952141181528e-20,0.000000000000000000e+00
4.979999999999673577e+00,1.341949034458584663e-22,3.671462941963449589e-21,-4.010729581137627100e-20,0.000000000000000000e+00
4.981999999999673356e+00,1.411628114370349986e-22,3.483953995588270174e-21,-3.916465687966895939e-20,0.000000000000000000e+00
4.983999999999673136e+00,1.477654608353797785e-22,3.301324699172393553e-21,-3.823183446020952807e-20,0.000000000000000000e+00
4.985999999999672916e+00,1.540124819739914395e-22,3.123510569305827384e-21,-3.730908311236593573e-20,0.000000000000000000e+00
4.987999999999672696e+00,1.599133746587578107e-22,2.950446342383181099e-21,-3.639664071176607666e-20,0.000000000000000000e+00
4.989999999999672475e+00,1.654775067569875284e-22,2.782066049114855348e-21,-3.549472893347784167e-20,0.000000000000000000e+00
4.991999999999672255e+00,1.707141129302632836e-22,2.618303086637877987e-21,-3.460355372752408620e-20,0.000000000000000000e+00
4.993999999999672035e+00,1.756322935068036099e-22,2.459090288270162035e-21,-3.372330578670558470e-20,0.000000000000000000e+00
4.995999999999671815e+00,1.802410134887073343e-22,2.304359990951857184e-21,-3.285416100671144196e-20,0.000000000000000000e+00
4.997999999999671594e+00,1.845491016895420607e-22,2.154044100417359999e-21,-3.199628093850224635e-20,0.000000000000000000e+00
