time,q,dq,tau,qd
0.000000000000000000e+00,8.000000000000000444e-01,0.000000000000000000e+00,-3.200000000000000000e+01,0.000000000000000000e+00
2.000000000000000042e-03,7.997577829345297040e-01,-1.211085327351595770e-01,-3.102144305549991188e+01,0.000000000000000000e+00
4.000000000000000083e-03,7.992827886797075898e-01,-2.374971274110540265e-01,-3.007133452789987160e+01,0.000000000000000000e+00
6.000000000000000125e-03,7.985841670601635522e-01,-3.493108097720313276e-01,-2.914888020423029147e+01,0.000000000000000000e+00
8.000000000000000167e-03,7.976707860973948350e-01,-4.566904813843604694e-01,-2.825330759282091009e+01,0.000000000000000000e+00
1.000000000000000021e-02,7.965512400212729771e-01,-5.597730380609124978e-01,-2.738386529636361999e+01,0.000000000000000000e+00
1.200000000000000025e-02,7.952338570525477879e-01,-6.586914843625799598e-01,-2.653982240720127095e+01,0.000000000000000000e+00
1.400000000000000029e-02,7.937267069638618278e-01,-7.535750443429881651e-01,-2.572046792381057045e+01,0.000000000000000000e+00
1.600000000000000033e-02,7.920376084264718619e-01,-8.445492686949640504e-01,-2.492511018749916474e+01,0.000000000000000000e+00
1.800000000000000211e-02,7.901741361495728810e-01,-9.317361384494694532e-01,-2.415307633838715873e+01,0.000000000000000000e+00
2.000000000000000389e-02,7.881436278188322930e-01,-1.015254165370270467e+00,-2.340371178979112798e+01,0.000000000000000000e+00
2.200000000000000566e-02,7.859531908404713274e-01,-1.095218489180505905e+00,-2.267637972017480763e+01,0.000000000000000000e+00
2.400000000000000744e-02,7.836097088969702362e-01,-1.171740971750530047e+00,-2.197046058187456907e+01,0.000000000000000000e+00
2.600000000000000921e-02,7.811198483202304033e-01,-1.244930288369929139e+00,-2.128535162584978480e+01,0.000000000000000000e+00
2.800000000000001099e-02,7.784900642877895516e-01,-1.314892016220449822e+00,-2.062046644174798260e+01,0.000000000000000000e+00
3.000000000000001277e-02,7.757266068474680809e-01,-1.381728720160710244e+00,-1.997523451261304217e+01,0.000000000000000000e+00
3.200000000000001454e-02,7.728355267756120695e-01,-1.445540035927994182e+00,-1.934910078360053021e+01,0.000000000000000000e+00
3.400000000000001632e-02,7.698226812738977465e-01,-1.506422750857136172e+00,-1.874152524409882048e+01,0.000000000000000000e+00
3.600000000000001810e-02,7.666937395094747254e-01,-1.564470882211487446e+00,-1.815198252268708856e+01,0.000000000000000000e+00
3.800000000000001987e-02,7.634541880030423222e-01,-1.619775753216198710e+00,-1.757996149439210143e+01,0.000000000000000000e+00
4.000000000000002165e-02,7.601093358692831981e-01,-1.672426066879545647e+00,-1.702496489973496452e+01,0.000000000000000000e+00
4.200000000000002343e-02,7.566643199139156950e-01,-1.722507977683765512e+00,-1.648650897508650104e+01,0.000000000000000000e+00
4.400000000000002520e-02,7.531241095914700256e-01,-1.770105161222835122e+00,-1.596412309387611828e+01,0.000000000000000000e+00
4.600000000000002698e-02,7.494935118277483710e-01,-1.815298881860811786e+00,-1.545734941822344055e+01,0.000000000000000000e+00
4.800000000000002875e-02,7.457771757107868327e-01,-1.858168058480751172e+00,-1.496574256058546304e+01,0.000000000000000000e+00
5.000000000000003053e-02,7.419795970540051799e-01,-1.898789328390820375e+00,-1.448886925503364331e+01,0.000000000000000000e+00
5.200000000000003231e-02,7.381051228351032112e-01,-1.937237109451003692e+00,-1.402630803779609714e+01,0.000000000000000000e+00
5.400000000000003408e-02,7.341579555141416469e-01,-1.973583660480774160e+00,-1.357764893671947348e+01,0.000000000000000000e+00
5.600000000000003586e-02,7.301421572341311172e-01,-2.007899140005237726e+00,-1.314249316932334466e+01,0.000000000000000000e+00
5.800000000000003764e-02,7.260616539073420084e-01,-2.040251663394562875e+00,-1.272045284913717822e+01,0.000000000000000000e+00
6.000000000000003941e-02,7.219202391904441241e-01,-2.070707358448962143e+00,-1.231115070002606871e+01,0.000000000000000000e+00
6.200000000000004119e-02,7.177215783514859782e-01,-2.099330419479093379e+00,-1.191421977822669120e+01,0.000000000000000000e+00
6.400000000000004297e-02,7.134692120316270536e-01,-2.126183159929488031e+00,-1.152930320182917612e+01,0.000000000000000000e+00
6.600000000000004474e-02,7.091665599044461032e-01,-2.151326063590482729e+00,-1.115605388745398230e+01,0.000000000000000000e+00
6.800000000000004652e-02,7.048169242355618591e-01,-2.174817834442116293e+00,-1.079413429388554491e+01,0.000000000000000000e+00
7.000000000000004829e-02,7.004234933452186951e-01,-2.196715445171573133e+00,-1.044321617243616274e+01,0.000000000000000000e+00
7.200000000000005007e-02,6.959893449764107398e-01,-2.217074184403953208e+00,-1.010298032382480571e+01,0.000000000000000000e+00
7.400000000000005185e-02,6.915174495710417757e-01,-2.235947702684482064e+00,-9.773116361365815408e+00,0.000000000000000000e+00
7.600000000000005362e-02,6.870106734565444295e-01,-2.253388057248674414e+00,-9.453322480272383643e+00,0.000000000000000000e+00
7.800000000000005540e-02,6.824717819453134382e-01,-2.269445755615486338e+00,-9.143305232888646827e+00,0.000000000000000000e+00
8.000000000000005718e-02,6.779034423492392714e-01,-2.284169798037062993e+00,-8.842779309673066024e+00,0.000000000000000000e+00
8.200000000000005895e-02,6.733082269115645557e-01,-2.297607718837375135e+00,-8.551467325763582039e+00,0.000000000000000000e+00
8.400000000000006073e-02,6.686886156582230178e-01,-2.309805626670774270e+00,-8.269099612962726553e+00,0.000000000000000000e+00
8.600000000000006251e-02,6.640469991707623754e-01,-2.320808243730313691e+00,-7.995414016987986372e+00,0.000000000000000000e+00
8.800000000000006428e-02,6.593856812828932101e-01,-2.330658943934567517e+00,-7.730155699839187378e+00,0.000000000000000000e+00
9.000000000000006606e-02,6.547068817026520104e-01,-2.339399790120623823e+00,-7.473076947141091608e+00,0.000000000000000000e+00
9.200000000000006783e-02,6.500127385621121689e-01,-2.347071570269923857e+00,-7.223936980325095902e+00,0.000000000000000000e+00
9.400000000000006961e-02,6.453053108965267626e-01,-2.353713832792688532e+00,-6.982501773519562249e+00,0.000000000000000000e+00
9.600000000000007139e-02,6.405865810547352046e-01,-2.359364920895766993e+00,-6.748543875023273131e+00,0.000000000000000000e+00
9.800000000000007316e-02,6.358584570426193405e-01,-2.364062006057909837e+00,-6.521842233241496700e+00,0.000000000000000000e+00
1.000000000000000749e-01,6.311227748013480410e-01,-2.367841120635660435e+00,-6.302182026968637274e+00,0.000000000000000000e+00
1.020000000000000767e-01,6.263813004221033820e-01,-2.370737189622305063e+00,-6.089354499905695661e+00,0.000000000000000000e+00
1.040000000000000785e-01,6.216357322989402023e-01,-2.372784061581602266e+00,-5.883156799304789075e+00,0.000000000000000000e+00
1.060000000000000803e-01,6.168877032213855305e-01,-2.374014538777324823e+00,-5.683391818636820858e+00,0.000000000000000000e+00
1.080000000000000820e-01,6.121387824083475149e-01,-2.374460406519007805e+00,-5.489868044181839934e+00,0.000000000000000000e+00
1.100000000000000838e-01,6.073904774848601917e-01,-2.374152461743669562e+00,-5.302399405445051173e+00,0.000000000000000000e+00
1.120000000000000856e-01,6.026442364031547871e-01,-2.373120540852692528e+00,-5.120805129304649483e+00,0.000000000000000000e+00
1.140000000000000874e-01,5.979014493095098359e-01,-2.371393546822489373e+00,-4.944909597800478451e+00,0.000000000000000000e+00
1.160000000000000892e-01,5.931634503582957629e-01,-2.368999475607043603e+00,-4.774542209475480803e+00,0.000000000000000000e+00
1.180000000000000909e-01,5.884315194745959321e-01,-2.365965441849910089e+00,-4.609537244184554794e+00,0.000000000000000000e+00
1.200000000000000927e-01,5.837068840667504199e-01,-2.362317703922770740e+00,-4.449733731287849992e+00,0.000000000000000000e+00
1.220000000000000945e-01,5.789907206901360182e-01,-2.358081688307177348e+00,-4.294975321148022829e+00,0.000000000000000000e+00
1.240000000000000963e-01,5.742841566634646622e-01,-2.353282013335664669e+00,-4.145110159853270915e+00,0.000000000000000000e+00
1.260000000000000842e-01,5.695882716388486200e-01,-2.347942512307995777e+00,-3.999990767089979471e+00,0.000000000000000000e+00
1.280000000000000859e-01,5.649040991268527989e-01,-2.342086255997886557e+00,-3.859473917091019501e+00,0.000000000000000000e+00
1.300000000000000877e-01,5.602326279777224416e-01,-2.335735574565165340e+00,-3.723420522587574055e+00,0.000000000000000000e+00
1.320000000000000895e-01,5.555748038199465055e-01,-2.328912078887944936e+00,-3.591695521694301618e+00,0.000000000000000000e+00
1.340000000000000913e-01,5.509315304572884875e-01,-2.321636681329018792e+00,-3.464167767659390051e+00,0.000000000000000000e+00
1.360000000000000930e-01,5.463036712253878102e-01,-2.313929615950343521e+00,-3.340709921412763350e+00,0.000000000000000000e+00
1.380000000000000948e-01,5.416920503090095762e-01,-2.305810458189131218e+00,-3.221198346847334193e+00,0.000000000000000000e+00
1.400000000000000966e-01,5.370974540209920711e-01,-2.297298144008746323e+00,-3.105513008769712258e+00,0.000000000000000000e+00
1.420000000000000984e-01,5.325206320439175300e-01,-2.288410988537287416e+00,-2.993537373458401873e+00,0.000000000000000000e+00
1.440000000000001001e-01,5.279622986355047010e-01,-2.279166704206426974e+00,-2.885158311768773132e+00,0.000000000000000000e+00
1.460000000000001019e-01,5.234231337986990917e-01,-2.269582418402789514e+00,-2.780266004725646667e+00,0.000000000000000000e+00
1.480000000000001037e-01,5.189037844174113623e-01,-2.259674690643855399e+00,-2.678753851545611298e+00,0.000000000000000000e+00
1.500000000000001055e-01,5.144048653588311204e-01,-2.249459529290103177e+00,-2.580518380032419401e+00,0.000000000000000000e+00
1.520000000000001072e-01,5.099269605432213970e-01,-2.238952407804834621e+00,-2.485459159290179798e+00,0.000000000000000000e+00
1.540000000000001090e-01,5.054706239820756508e-01,-2.228168280572854432e+00,-2.393478714700190579e+00,0.000000000000000000e+00
1.560000000000001108e-01,5.010363807854977258e-01,-2.217121598288935402e+00,-2.304482445108426703e+00,0.000000000000000000e+00
1.580000000000001126e-01,4.966247281396442559e-01,-2.205826322926737415e+00,-2.218378542171869583e+00,0.000000000000000000e+00
1.600000000000001144e-01,4.922361362550470298e-01,-2.194295942298612356e+00,-2.135077911812981455e+00,0.000000000000000000e+00
1.620000000000001161e-01,4.878710492866140669e-01,-2.182543484216490803e+00,-2.054494097732636249e+00,0.000000000000000000e+00
1.640000000000001179e-01,4.835298862260864472e-01,-2.170581530263815395e+00,-1.976543206932934282e+00,0.000000000000000000e+00
1.660000000000001197e-01,4.792130417677099019e-01,-2.158422229188259767e+00,-1.901143837202319276e+00,0.000000000000000000e+00
1.680000000000001215e-01,4.749208871478604044e-01,-2.146077309924752985e+00,-1.828217006516393184e+00,0.000000000000000000e+00
1.700000000000001232e-01,4.706537709593441865e-01,-2.133558094258115378e+00,-1.757686084308843988e+00,0.000000000000000000e+00
1.720000000000001250e-01,4.664120199410753953e-01,-2.120875509134400261e+00,-1.689476724567814614e+00,0.000000000000000000e+00
1.740000000000001268e-01,4.621959397438157313e-01,-2.108040098629835324e+00,-1.623516800713947106e+00,0.000000000000000000e+00
1.760000000000001286e-01,4.580058156726436458e-01,-2.095062035586051863e+00,-1.559736342217330929e+00,0.000000000000000000e+00
1.780000000000001303e-01,4.538419134068034655e-01,-2.081951132920094594e+00,-1.498067472911380094e+00,0.000000000000000000e+00
1.800000000000001321e-01,4.497044796975684378e-01,-2.068716854617518308e+00,-1.438444350962591045e+00,0.000000000000000000e+00
1.820000000000001339e-01,4.455937430447350911e-01,-2.055368326416683100e+00,-1.380803110455939731e+00,0.000000000000000000e+00
1.840000000000001357e-01,4.415099143523507630e-01,-2.041914346192177376e+00,-1.325081804556610621e+00,0.000000000000000000e+00
1.860000000000001374e-01,4.374531875642605483e-01,-2.028363394045120671e+00,-1.271220350209457450e+00,0.000000000000000000e+00
1.880000000000001392e-01,4.334237402800447114e-01,-2.014723642107917989e+00,-1.219160474338444544e+00,0.000000000000000000e+00
1.900000000000001410e-01,4.294217343519030061e-01,-2.001002964070865975e+00,-1.168845661509191558e+00,0.000000000000000000e+00
1.920000000000001428e-01,4.254473164630273030e-01,-1.987208944437841796e+00,-1.120221103018357311e+00,0.000000000000000000e+00
1.940000000000001446e-01,4.215006186879910466e-01,-1.973348887518138639e+00,-1.073233647374532751e+00,0.000000000000000000e+00
1.960000000000001463e-01,4.175817590356683540e-01,-1.959429826161348531e+00,-1.027831752135947241e+00,0.000000000000000000e+00
1.980000000000001481e-01,4.136908419751842980e-01,-1.945458530242034856e+00,-9.839654370710935183e-01,0.000000000000000000e+00
2.000000000000001499e-01,4.098279589453827643e-01,-1.931441514900778200e+00,-9.415862386090854130e-01,0.000000000000000000e+00
2.020000000000001517e-01,4.059931888482867235e-01,-1.917385048548027271e+00,-9.006471655472516602e-01,0.000000000000000000e+00
2.040000000000001534e-01,4.021865985270126620e-01,-1.903295160637036298e+00,-8.611026559842169803e-01,0.000000000000000000e+00
2.060000000000001552e-01,3.984082432285886433e-01,-1.889177649212021137e+00,-8.229085354473770764e-01,0.000000000000000000e+00
2.080000000000001570e-01,3.946581670521135954e-01,-1.875038088237522604e+00,-7.860219761843634245e-01,0.000000000000000000e+00
2.100000000000001588e-01,3.909364033826839280e-01,-1.860881834714824157e+00,-7.504014575887634209e-01,0.000000000000000000e+00
2.120000000000001605e-01,3.872429753115016471e-01,-1.846714035591130898e+00,-7.160067277310186995e-01,0.000000000000000000e+00
2.140000000000001623e-01,3.835778960425674788e-01,-1.832539634467081235e+00,-6.827987659660497144e-01,0.000000000000000000e+00
2.160000000000001641e-01,3.799411692863514101e-01,-1.818363378108029504e+00,-6.507397465898208111e-01,0.000000000000000000e+00
2.180000000000001659e-01,3.763327896408226181e-01,-1.804189822764405093e+00,-6.197930035176639763e-01,0.000000000000000000e+00
2.200000000000001676e-01,3.727527429602099374e-01,-1.790023340306327704e+00,-5.899229959577763083e-01,0.000000000000000000e+00
2.220000000000001694e-01,3.692010067118548511e-01,-1.775868124177529594e+00,-5.610952750539581757e-01,0.000000000000000000e+00
2.240000000000001712e-01,3.656775503215078382e-01,-1.761728195173516198e+00,-5.332764514721830551e-01,0.000000000000000000e+00
2.260000000000001730e-01,3.621823355074103024e-01,-1.747607407048772377e+00,-5.064341639062330813e-01,0.000000000000000000e+00
2.280000000000001747e-01,3.587153166034948715e-01,-1.733509451957704783e+00,-4.805370484781565921e-01,0.000000000000000000e+00
2.300000000000001765e-01,3.552764408720270883e-01,-1.719437865733895565e+00,-4.555547090099185681e-01,0.000000000000000000e+00
2.320000000000001783e-01,3.518656488060028509e-01,-1.705396033012127166e+00,-4.314576881430962629e-01,0.000000000000000000e+00
2.340000000000001801e-01,3.484828744216078023e-01,-1.691387192197529421e+00,-4.082174392840762778e-01,0.000000000000000000e+00
2.360000000000001819e-01,3.451280455410355996e-01,-1.677414440286088881e+00,-3.858062993527138218e-01,0.000000000000000000e+00
2.380000000000001836e-01,3.418010840659542748e-01,-1.663480737540656174e+00,-3.641974623129211608e-01,0.000000000000000000e+00
2.400000000000001854e-01,3.385019062419012958e-01,-1.649588912026480392e+00,-3.433649534642082557e-01,0.000000000000000000e+00
2.420000000000001872e-01,3.352304229138808878e-01,-1.635741664010199603e+00,-3.232836044736391301e-01,0.000000000000000000e+00
2.440000000000001890e-01,3.319865397734286794e-01,-1.621941570226115736e+00,-3.039290291282217282e-01,0.000000000000000000e+00
2.460000000000001907e-01,3.287701575974016910e-01,-1.608191088013483760e+00,-2.852775997881984438e-01,0.000000000000000000e+00
2.480000000000001925e-01,3.255811724787447958e-01,-1.594492559328451131e+00,-2.673064245221823398e-01,0.000000000000000000e+00
2.500000000000001665e-01,3.224194760494764056e-01,-1.580848214634188897e+00,-2.499933249055441564e-01,0.000000000000000000e+00
2.520000000000001683e-01,3.192849556961310786e-01,-1.567260176672663485e+00,-2.333168144639348185e-01,0.000000000000000000e+00
2.540000000000001701e-01,3.161774947678882564e-01,-1.553730464121410915e+00,-2.172560777442420488e-01,0.000000000000000000e+00
2.560000000000001719e-01,3.130969727776110600e-01,-1.540260995138585498e+00,-2.017909499957593056e-01,0.000000000000000000e+00
2.580000000000001736e-01,3.100432655960121409e-01,-1.526853590799472027e+00,-1.869018974447094195e-01,0.000000000000000000e+00
2.600000000000001754e-01,3.070162456391570260e-01,-1.513509978427564295e+00,-1.725699981457662346e-01,0.000000000000000000e+00
2.620000000000001772e-01,3.040157820495105745e-01,-1.500231794823231990e+00,-1.587769233945675040e-01,0.000000000000000000e+00
2.640000000000001790e-01,3.010417408707247167e-01,-1.487020589392920478e+00,-1.455049196856244009e-01,0.000000000000000000e+00
2.660000000000001807e-01,2.980939852163612125e-01,-1.473877827181744982e+00,-1.327367912004877581e-01,0.000000000000000000e+00
2.680000000000001825e-01,2.951723754327366667e-01,-1.460804891812271356e+00,-1.204558828112958224e-01,0.000000000000000000e+00
2.700000000000001843e-01,2.922767692560722663e-01,-1.447803088332192623e+00,-1.086460635853505607e-01,0.000000000000000000e+00
2.720000000000001861e-01,2.894070219641251551e-01,-1.434873645973547829e+00,-9.729171077662357447e-02,0.000000000000000000e+00
2.740000000000001878e-01,2.865629865224730843e-01,-1.422017720826048937e+00,-8.637769429053143710e-02,0.000000000000000000e+00
2.760000000000001896e-01,2.837445137256190408e-01,-1.409236398427019310e+00,-7.588936160860626501e-02,0.000000000000000000e+00
2.780000000000001914e-01,2.809514523330782776e-01,-1.396530696270376959e+00,-6.581252316011543257e-02,0.000000000000000000e+00
2.800000000000001932e-01,2.781836492006042327e-01,-1.383901566237028646e+00,-5.613343812794013843e-02,0.000000000000000000e+00
2.820000000000001950e-01,2.754409494067062703e-01,-1.371349896948979463e+00,-4.683880067641510436e-02,0.000000000000000000e+00
2.840000000000001967e-01,2.727231963746074572e-01,-1.358876516049396743e+00,-3.791572658912478744e-02,0.000000000000000000e+00
2.860000000000001985e-01,2.700302319897858183e-01,-1.346482192410807244e+00,-2.935174030497478270e-02,0.000000000000000000e+00
2.880000000000002003e-01,2.673618967132387336e-01,-1.334167638273547007e+00,-2.113476234117328545e-02,0.000000000000000000e+00
2.900000000000002021e-01,2.647180296906057051e-01,-1.321933511316523813e+00,-1.325309709203814634e-02,0.000000000000000000e+00
2.920000000000002038e-01,2.620984688572811083e-01,-1.309780416662296387e+00,-5.695420992873678756e-03,0.000000000000000000e+00
2.940000000000002056e-01,2.595030510396442724e-01,-1.297708908818417717e+00,1.549228961570392471e-03,0.000000000000000000e+00
2.960000000000002074e-01,2.569316120525304004e-01,-1.285719493556937154e+00,8.491466354280774453e-03,0.000000000000000000e+00
2.980000000000002092e-01,2.543839867930626220e-01,-1.273812629733902302e+00,1.514156614871353668e-02,0.000000000000000000e+00
3.000000000000002109e-01,2.518600093309613097e-01,-1.261988731050650347e+00,2.150947516675039139e-02,0.000000000000000000e+00
3.020000000000002127e-01,2.493595129954440659e-01,-1.250248167758628348e+00,2.760482225126459355e-02,0.000000000000000000e+00
3.040000000000002145e-01,2.468823304588252110e-01,-1.238591268309433335e+00,3.343692812245890877e-02,0.000000000000000000e+00
3.060000000000002163e-01,2.444282938169217712e-01,-1.227018320951716257e+00,3.901481493685921009e-02,0.000000000000000000e+00
3.080000000000002180e-01,2.419972346663686880e-01,-1.215529575276544927e+00,4.434721555761278466e-02,0.000000000000000000e+00
3.100000000000002198e-01,2.395889841789431429e-01,-1.204125243712779181e+00,4.944258254450772938e-02,0.000000000000000000e+00
3.120000000000002216e-01,2.372033731729952244e-01,-1.192805502973964593e+00,5.430909687190776935e-02,0.000000000000000000e+00
3.140000000000002234e-01,2.348402321820788063e-01,-1.181570495458210246e+00,5.895467638253037990e-02,0.000000000000000000e+00
3.160000000000002252e-01,2.324993915208738715e-01,-1.170420330602473635e+00,6.338698398483444407e-02,0.000000000000000000e+00
3.180000000000002269e-01,2.301806813484885972e-01,-1.159355086192634499e+00,6.761343560153143528e-02,0.000000000000000000e+00
3.200000000000002287e-01,2.278839317292271904e-01,-1.148374809630700044e+00,7.164120787651206967e-02,0.000000000000000000e+00
3.220000000000002305e-01,2.256089726909062954e-01,-1.137479519160446984e+00,7.547724564732405383e-02,0.000000000000000000e+00
3.240000000000002323e-01,2.233556342808007689e-01,-1.126669205052766465e+00,7.912826919010029769e-02,0.000000000000000000e+00
3.260000000000002340e-01,2.211237466192968737e-01,-1.115943830751940924e+00,8.260078124365222152e-02,0.000000000000000000e+00
3.280000000000002358e-01,2.189131399513287723e-01,-1.105303333984049452e+00,8.590107381924383390e-02,0.000000000000000000e+00
3.300000000000002376e-01,2.167236446956714579e-01,-1.094747627828660086e+00,8.903523480242192534e-02,0.000000000000000000e+00
3.320000000000002394e-01,2.145550914921615926e-01,-1.084276601754937230e+00,9.200915435303436141e-02,0.000000000000000000e+00
3.340000000000002411e-01,2.124073112469150870e-01,-1.073890122623255117e+00,9.482853110943700869e-02,0.000000000000000000e+00
3.360000000000002429e-01,2.102801351756083126e-01,-1.063588035653381780e+00,9.749887820272107319e-02,0.000000000000000000e+00
3.380000000000002447e-01,2.081733948448877825e-01,-1.053370165360263178e+00,1.000255290865936786e-01,0.000000000000000000e+00
3.400000000000002465e-01,2.060869222119709743e-01,-1.043236316458407531e+00,1.024136431884219434e-01,0.000000000000000000e+00
3.420000000000002482e-01,2.040205496624993009e-01,-1.033186274735842680e+00,1.046682113867696273e-01,0.000000000000000000e+00
3.440000000000002500e-01,2.019741100467021266e-01,-1.023219807898587463e+00,1.067940613206150857e-01,0.000000000000000000e+00
3.460000000000002518e-01,1.999474367139290054e-01,-1.013336666386553953e+00,1.087958625352714037e-01,0.000000000000000000e+00
3.480000000000002536e-01,1.979403635456054578e-01,-1.003536584161767387e+00,1.106781314699212260e-01,0.000000000000000000e+00
3.500000000000002554e-01,1.959527249866659382e-01,-9.938192794697663368e-01,1.124452362914931669e-01,0.000000000000000000e+00
3.520000000000002571e-01,1.939843560755158958e-01,-9.841844555750192125e-01,1.141014015795178693e-01,0.000000000000000000e+00
3.540000000000002589e-01,1.920350924725735542e-01,-9.746318014711689015e-01,1.156507128664090445e-01,0.000000000000000000e+00
3.560000000000002607e-01,1.901047704874397615e-01,-9.651609925668928058e-01,1.170971210375517657e-01,0.000000000000000000e+00
3.580000000000002625e-01,1.881932271047434824e-01,-9.557716913481428822e-01,1.184444465954035408e-01,0.000000000000000000e+00
3.600000000000002642e-01,1.863003000087084804e-01,-9.464635480175065396e-01,1.196963837917133233e-01,0.000000000000000000e+00
3.620000000000002660e-01,1.844258276064856539e-01,-9.372362011114079294e-01,1.208565046318375025e-01,0.000000000000000000e+00
3.640000000000002678e-01,1.825696490502939640e-01,-9.280892780958471810e-01,1.219282627550191123e-01,0.000000000000000000e+00
3.660000000000002696e-01,1.807316042584112548e-01,-9.190223959413551524e-01,1.229149971943908071e-01,0.000000000000000000e+00
3.680000000000002713e-01,1.789115339350556277e-01,-9.100351616778190600e-01,1.238199360203271482e-01,0.000000000000000000e+00
3.700000000000002731e-01,1.771092795891960059e-01,-9.011271729298166999e-01,1.246461998706935859e-01,0.000000000000000000e+00
3.720000000000002749e-01,1.753246835523298575e-01,-8.922980184330771003e-01,1.253968053714222819e-01,0.000000000000000000e+00
3.740000000000002767e-01,1.735575889952645223e-01,-8.835472785326665690e-01,1.260746684507516591e-01,0.000000000000000000e+00
3.760000000000002784e-01,1.718078399439375570e-01,-8.748745256634804512e-01,1.266826075503413307e-01,0.000000000000000000e+00
3.780000000000002802e-01,1.700752812943103487e-01,-8.662793248136052560e-01,1.272233467364278781e-01,0.000000000000000000e+00
3.800000000000002820e-01,1.683597588263681666e-01,-8.577612339710971590e-01,1.276995187140510524e-01,0.000000000000000000e+00
3.820000000000002838e-01,1.666611192172587630e-01,-8.493198045547061259e-01,1.281136677472982655e-01,0.000000000000000000e+00
3.840000000000002855e-01,1.649792100536006390e-01,-8.409545818290610208e-01,1.284682524884628307e-01,0.000000000000000000e+00
3.860000000000002873e-01,1.633138798429910055e-01,-8.326651053048117479e-01,1.287656487188542087e-01,0.000000000000000000e+00
3.880000000000002891e-01,1.616649780247425838e-01,-8.244509091242139265e-01,1.290081520040082808e-01,0.000000000000000000e+00
3.900000000000002909e-01,1.600323549798773337e-01,-8.163115224326221719e-01,1.291979802658840271e-01,0.000000000000000000e+00
3.920000000000002927e-01,1.584158620404046425e-01,-8.082464697363477280e-01,1.293372762745965687e-01,0.000000000000000000e+00
3.940000000000002944e-01,1.568153514979100105e-01,-8.002552712473196550e-01,1.294281100621565983e-01,0.000000000000000000e+00
3.960000000000002962e-01,1.552306766114800451e-01,-7.923374432149766777e-01,1.294724812606116160e-01,0.000000000000000000e+00
3.980000000000002980e-01,1.536616916149884382e-01,-7.844924982458030271e-01,1.294723213668866890e-01,0.000000000000000000e+00
4.000000000000002998e-01,1.521082517237666298e-01,-7.767199456109097344e-01,1.294294959366126818e-01,0.000000000000000000e+00
4.020000000000003015e-01,1.505702131406825295e-01,-7.690192915420491770e-01,1.293458067090922370e-01,0.000000000000000000e+00
4.040000000000003033e-01,1.490474330616496368e-01,-7.613900395164405754e-01,1.292229936655395761e-01,0.000000000000000000e+00
4.060000000000003051e-01,1.475397696805881009e-01,-7.538316905307707039e-01,1.290627370226413717e-01,0.000000000000000000e+00
4.080000000000003069e-01,1.460470821938586461e-01,-7.463437433647237551e-01,1.288666591634441971e-01,0.000000000000000000e+00
4.100000000000003086e-01,1.445692308041898744e-01,-7.389256948343838616e-01,1.286363265074754736e-01,0.000000000000000000e+00
4.120000000000003104e-01,1.431060767241181808e-01,-7.315770400358414527e-01,1.283732513220048332e-01,0.000000000000000000e+00
4.140000000000003122e-01,1.416574821789595151e-01,-7.242972725793261901e-01,1.280788934762284725e-01,0.000000000000000000e+00
4.160000000000003140e-01,1.402233104093311700e-01,-7.170858848141791198e-01,1.277546621401866034e-01,0.000000000000000000e+00
4.180000000000003157e-01,1.388034256732412486e-01,-7.099423680449642449e-01,1.274019174300642376e-01,0.000000000000000000e+00
4.200000000000003175e-01,1.373976932477632140e-01,-7.028662127390150616e-01,1.270219720015921538e-01,0.000000000000000000e+00
4.220000000000003193e-01,1.360059794303118130e-01,-6.958569087256979424e-01,1.266160925931112402e-01,0.000000000000000000e+00
4.240000000000003211e-01,1.346281515395364725e-01,-6.889139453876680363e-01,1.261855015198856123e-01,0.000000000000000000e+00
4.260000000000003229e-01,1.332640779158477118e-01,-6.820368118443843608e-01,1.257313781211664150e-01,0.000000000000000000e+00
4.280000000000003246e-01,1.319136279215914198e-01,-6.752249971281416574e-01,1.252548601614762447e-01,0.000000000000000000e+00
4.300000000000003264e-01,1.305766719408856802e-01,-6.684779903528690337e-01,1.247570451875255060e-01,0.000000000000000000e+00
4.320000000000003282e-01,1.292530813791337996e-01,-6.617952808759381966e-01,1.242389918421533679e-01,0.000000000000000000e+00
4.340000000000003300e-01,1.279427286622273618e-01,-6.551763584532149798e-01,1.237017211366255864e-01,0.000000000000000000e+00
4.360000000000003317e-01,1.266454872354521866e-01,-6.486207133875819819e-01,1.231462176825681709e-01,0.000000000000000000e+00
4.380000000000003335e-01,1.253612315621098761e-01,-6.421278366711522523e-01,1.225734308848229759e-01,0.000000000000000000e+00
4.400000000000003353e-01,1.240898371218671081e-01,-6.356972201213869633e-01,1.219842760964118256e-01,0.000000000000000000e+00
4.420000000000003371e-01,1.228311804088444564e-01,-6.293283565113239053e-01,1.213796357368126522e-01,0.000000000000000000e+00
4.440000000000003388e-01,1.215851389294562296e-01,-6.230207396941164211e-01,1.207603603746818521e-01,0.000000000000000000e+00
4.460000000000003406e-01,1.203515912000120702e-01,-6.167738647220764037e-01,1.201272697761286423e-01,0.000000000000000000e+00
4.480000000000003424e-01,1.191304167440912498e-01,-6.105872279604092068e-01,1.194811539196241057e-01,0.000000000000000000e+00
4.500000000000003442e-01,1.179214960896996095e-01,-6.044603271958214341e-01,1.188227739785867598e-01,0.000000000000000000e+00
4.520000000000003459e-01,1.167247107662192501e-01,-5.983926617401775783e-01,1.181528632726509542e-01,0.000000000000000000e+00
4.540000000000003477e-01,1.155399433011604915e-01,-5.923837325293763723e-01,1.174721281885915403e-01,0.000000000000000000e+00
4.560000000000003495e-01,1.143670772167252742e-01,-5.864330422176108337e-01,1.167812490718755924e-01,0.000000000000000000e+00
4.580000000000003513e-01,1.132059970261909271e-01,-5.805400952671718739e-01,1.160808810897382415e-01,0.000000000000000000e+00
4.600000000000003531e-01,1.120565882301230304e-01,-5.747043980339501257e-01,1.153716550666796792e-01,0.000000000000000000e+00
4.620000000000003548e-01,1.109187373124254639e-01,-5.689254588487850928e-01,1.146541782932626319e-01,0.000000000000000000e+00
4.640000000000003566e-01,1.097923317362358431e-01,-5.632027880948070608e-01,1.139290353090229857e-01,0.000000000000000000e+00
4.660000000000003584e-01,1.086772599396740174e-01,-5.575358982809113240e-01,1.131967886603302276e-01,0.000000000000000000e+00
4.680000000000003602e-01,1.075734113314510132e-01,-5.519243041115003967e-01,1.124579796339624238e-01,0.000000000000000000e+00
4.700000000000003619e-01,1.064806762863457629e-01,-5.463675225526264390e-01,1.117131289671808858e-01,0.000000000000000000e+00
4.720000000000003637e-01,1.053989461405564487e-01,-5.408650728946593489e-01,1.109627375350168421e-01,0.000000000000000000e+00
4.740000000000003655e-01,1.043281131869332329e-01,-5.354164768116053130e-01,1.102072870155135220e-01,0.000000000000000000e+00
4.760000000000003673e-01,1.032680706700988410e-01,-5.300212584171934971e-01,1.094472405335942256e-01,0.000000000000000000e+00
4.780000000000003690e-01,1.022187127814631474e-01,-5.246789443178466739e-01,1.086830432842473826e-01,0.000000000000000000e+00
4.800000000000003708e-01,1.011799346541378541e-01,-5.193890636626475876e-01,1.079151231356663132e-01,0.000000000000000000e+00
4.820000000000003726e-01,1.001516323577570367e-01,-5.141511481904079695e-01,1.071438912129822896e-01,0.000000000000000000e+00
4.840000000000003744e-01,9.913370289320914963e-02,-5.089647322739456747e-01,1.063697424631993016e-01,0.000000000000000000e+00
4.860000000000003761e-01,9.812604418728580746e-02,-5.038293529616704181e-01,1.055930562019309349e-01,0.000000000000000000e+00
4.880000000000003779e-01,9.712855508725265485e-02,-4.987445500165757495e-01,1.048141966424998017e-01,0.000000000000000000e+00
4.900000000000003797e-01,9.614113535534718480e-02,-4.937098659527322519e-01,1.040335134079706236e-01,0.000000000000000000e+00
4.920000000000003815e-01,9.516368566320844435e-02,-4.887248460693729979e-01,1.032513420266463200e-01,0.000000000000000000e+00
4.940000000000003832e-01,9.419610758624312463e-02,-4.837890384826599721e-01,1.024680044115546806e-01,0.000000000000000000e+00
4.960000000000003850e-01,9.323830359793268407e-02,-4.789019941552171700e-01,1.016838093244301078e-01,0.000000000000000000e+00
4.980000000000003868e-01,9.229017706408565447e-02,-4.740632669235130825e-01,1.008990528246784812e-01,0.000000000000000000e+00
5.000000000000003331e-01,9.135163223703930691e-02,-4.692724135231725602e-01,1.001140187038083162e-01,0.000000000000000000e+00
5.020000000000003348e-01,9.042257424981471614e-02,-4.645289936122957708e-01,9.932897890577763178e-02,0.000000000000000000e+00
5.040000000000003366e-01,8.950290911022899809e-02,-4.598325697928589695e-01,9.854419393371172120e-02,0.000000000000000000e+00
5.060000000000003384e-01,8.859254369496845360e-02,-4.551827076302698560e-01,9.775991324342081512e-02,0.000000000000000000e+00
5.080000000000003402e-01,8.769138574362615735e-02,-4.505789756711469640e-01,9.697637562412930734e-02,0.000000000000000000e+00
5.100000000000003419e-01,8.679934385270737796e-02,-4.460209454593918599e-01,9.619380956683976081e-02,0.000000000000000000e+00
5.120000000000003437e-01,8.591632746960614631e-02,-4.415081915506184895e-01,9.541243362070206402e-02,0.000000000000000000e+00
5.140000000000003455e-01,8.504224688655613595e-02,-4.370402915250041209e-01,9.463245673778741818e-02,0.000000000000000000e+00
5.160000000000003473e-01,8.417701323455889506e-02,-4.326168259986225562e-01,9.385407860662464685e-02,0.000000000000000000e+00
5.180000000000003491e-01,8.332053847729226081e-02,-4.282373786333187882e-01,9.307748997485987275e-02,0.000000000000000000e+00
5.200000000000003508e-01,8.247273540500189848e-02,-4.239015361451826114e-01,9.230287296138506292e-02,0.000000000000000000e+00
5.220000000000003526e-01,8.163351762837854630e-02,-4.196088883116765866e-01,9.153040135827072987e-02,0.000000000000000000e+00
5.240000000000003544e-01,8.080279957242360311e-02,-4.153590279774716509e-01,9.076024092282919398e-02,0.000000000000000000e+00
5.260000000000003562e-01,7.998049647030551490e-02,-4.111515510590418865e-01,8.999254966011438484e-02,0.000000000000000000e+00
5.280000000000003579e-01,7.916652435720937520e-02,-4.069860565480692416e-01,8.922747809617881387e-02,0.000000000000000000e+00
5.300000000000003597e-01,7.836080006418195965e-02,-4.028621465137053326e-01,8.846516954236438579e-02,0.000000000000000000e+00
5.320000000000003615e-01,7.756324121197448462e-02,-3.987794261037382326e-01,8.770576035092636502e-02,0.000000000000000000e+00
5.340000000000003633e-01,7.677376620488507442e-02,-3.947375035447082126e-01,8.694938016226272381e-02,0.000000000000000000e+00
5.360000000000003650e-01,7.599229422460304639e-02,-3.907359901410168979e-01,8.619615214401310510e-02,0.000000000000000000e+00
5.380000000000003668e-01,7.521874522405690155e-02,-3.867745002730715309e-01,8.544619322229607405e-02,0.000000000000000000e+00
5.400000000000003686e-01,7.445303992126789394e-02,-3.828526513945048060e-01,8.469961430532269020e-02,0.000000000000000000e+00
5.420000000000003704e-01,7.369509979321087201e-02,-3.789700640285103561e-01,8.395652049964796859e-02,0.000000000000000000e+00
5.440000000000003721e-01,7.294484706968420995e-02,-3.751263617633307512e-01,8.321701131927783379e-02,0.000000000000000000e+00
5.460000000000003739e-01,7.220220472719034166e-02,-3.713211712469357551e-01,8.248118088787226299e-02,0.000000000000000000e+00
5.480000000000003757e-01,7.146709648282849325e-02,-3.675541221809254244e-01,8.174911813426355423e-02,0.000000000000000000e+00
5.500000000000003775e-01,7.073944678820111298e-02,-3.638248473136926342e-01,8.102090698149666537e-02,0.000000000000000000e+00
5.520000000000003793e-01,7.001918082333535853e-02,-3.601329824328780571e-01,8.029662652961011560e-02,0.000000000000000000e+00
5.540000000000003810e-01,6.930622449062105728e-02,-3.564781663571493509e-01,7.957635123235240471e-02,0.000000000000000000e+00
5.560000000000003828e-01,6.860050440876638844e-02,-3.528600409273354166e-01,7.886015106802757302e-02,0.000000000000000000e+00
5.580000000000003846e-01,6.790194790677249459e-02,-3.492782509969452054e-01,7.814809170466174848e-02,0.000000000000000000e+00
5.600000000000003864e-01,6.721048301792829915e-02,-3.457324444221003268e-01,7.744023465967053710e-02,0.000000000000000000e+00
5.620000000000003881e-01,6.652603847382648761e-02,-3.422222720509083826e-01,7.673663745420755689e-02,0.000000000000000000e+00
5.640000000000003899e-01,6.584854369840187349e-02,-3.387473877123043930e-01,7.603735376236020471e-02,0.000000000000000000e+00
5.660000000000003917e-01,6.517792880199310690e-02,-3.353074482043857940e-01,7.534243355536185405e-02,0.000000000000000000e+00
5.680000000000003935e-01,6.451412457542857193e-02,-3.319021132822658759e-01,7.465192324098390841e-02,0.000000000000000000e+00
5.700000000000003952e-01,6.385706248413763886e-02,-3.285310456454697547e-01,7.396586579825248364e-02,0.000000000000000000e+00
5.720000000000003970e-01,6.320667466228784004e-02,-3.251939109248960236e-01,7.328430090765447602e-02,0.000000000000000000e+00
5.740000000000003988e-01,6.256289390694910746e-02,-3.218903776693664009e-01,7.260726507696668719e-02,0.000000000000000000e+00
5.760000000000004006e-01,6.192565367228553691e-02,-3.186201173317848578e-01,7.193479176285721977e-02,0.000000000000000000e+00
5.780000000000004023e-01,6.129488806377568488e-02,-3.153828042549272626e-01,7.126691148839059409e-02,0.000000000000000000e+00
5.800000000000004041e-01,6.067053183246192555e-02,-3.121781156568811944e-01,7.060365195657247739e-02,0.000000000000000000e+00
5.820000000000004059e-01,6.005252036922961723e-02,-3.090057316161554657e-01,6.994503816005925856e-02,0.000000000000000000e+00
5.840000000000004077e-01,5.944078969911666122e-02,-3.058653350564780604e-01,6.929109248715814573e-02,0.000000000000000000e+00
5.860000000000004095e-01,5.883527647565406360e-02,-3.027566117313001404e-01,6.864183482423857896e-02,0.000000000000000000e+00
5.880000000000004112e-01,5.823591797523801350e-02,-2.996792502080238840e-01,6.799728265467042121e-02,0.000000000000000000e+00
5.900000000000004130e-01,5.764265209153407454e-02,-2.966329418519702554e-01,6.735745115439906172e-02,0.000000000000000000e+00
5.920000000000004148e-01,5.705541732991387116e-02,-2.936173808101033011e-01,6.672235328427156276e-02,0.000000000000000000e+00
5.940000000000004166e-01,5.647415280192481790e-02,-2.906322639945260189e-01,6.609199987921554609e-02,0.000000000000000000e+00
5.960000000000004183e-01,5.589879821979329422e-02,-2.876772910657630633e-01,6.546639973437295978e-02,0.000000000000000000e+00
5.980000000000004201e-01,5.532929389096160472e-02,-2.847521644158444443e-01,6.484555968829130990e-02,0.000000000000000000e+00
6.000000000000004219e-01,5.476558071265919675e-02,-2.818565891512039845e-01,6.422948470326383941e-02,0.000000000000000000e+00
6.020000000000004237e-01,5.420760016650838509e-02,-2.789902730754061366e-01,6.361817794291368955e-02,0.000000000000000000e+00
6.040000000000004254e-01,5.365529431316495845e-02,-2.761529266717135389e-01,6.301164084710997315e-02,0.000000000000000000e+00
6.060000000000004272e-01,5.310860578699394541e-02,-2.733442630855081323e-01,6.240987320430724239e-02,0.000000000000000000e+00
6.080000000000004290e-01,5.256747779078078942e-02,-2.705639981065771638e-01,6.181287322138562246e-02,0.000000000000000000e+00
6.100000000000004308e-01,5.203185409047823839e-02,-2.678118501512761762e-01,6.122063759107998493e-02,0.000000000000000000e+00
6.120000000000004325e-01,5.150167900998908060e-02,-2.650875402445791451e-01,6.063316155707010324e-02,0.000000000000000000e+00
6.140000000000004343e-01,5.097689742598502521e-02,-2.623907920020270290e-01,6.005043897681527909e-02,0.000000000000000000e+00
6.160000000000004361e-01,5.045745476276185942e-02,-2.597213316115845605e-01,5.947246238220227355e-02,0.000000000000000000e+00
6.180000000000004379e-01,4.994329698713102783e-02,-2.570788878154150470e-01,5.889922303807937354e-02,0.000000000000000000e+00
6.200000000000004396e-01,4.943437060334786304e-02,-2.544631918915825075e-01,5.833071099874542753e-02,0.000000000000000000e+00
6.220000000000004414e-01,4.893062264807648137e-02,-2.518739776356905824e-01,5.776691516246534874e-02,0.000000000000000000e+00
6.240000000000004432e-01,4.843200068539155190e-02,-2.493109813424660148e-01,5.720782332406604276e-02,0.000000000000000000e+00
6.260000000000004450e-01,4.793845280181695950e-02,-2.467739417872961416e-01,5.665342222569069719e-02,0.000000000000000000e+00
6.280000000000004468e-01,4.744992760140150784e-02,-2.442626002077273872e-01,5.610369760575872888e-02,0.000000000000000000e+00
6.300000000000004485e-01,4.696637420083164122e-02,-2.417767002849329216e-01,5.555863424619778002e-02,0.000000000000000000e+00
6.320000000000004503e-01,4.648774222458132432e-02,-2.393159881251568644e-01,5.501821601800194195e-02,0.000000000000000000e+00
6.340000000000004521e-01,4.601398180009903804e-02,-2.368802122411418354e-01,5.448242592517327232e-02,0.000000000000000000e+00
6.360000000000004539e-01,4.554504355303194696e-02,-2.344691235335467916e-01,5.395124614709634336e-02,0.000000000000000000e+00
6.380000000000004556e-01,4.508087860248722462e-02,-2.320824752723616435e-01,5.342465807940421918e-02,0.000000000000000000e+00
6.400000000000004574e-01,4.462143855633057821e-02,-2.297200230783247865e-01,5.290264237337516384e-02,0.000000000000000000e+00
6.420000000000004592e-01,4.416667550652188245e-02,-2.273815249043495967e-01,5.238517897392158673e-02,0.000000000000000000e+00
6.440000000000004610e-01,4.371654202448795046e-02,-2.250667410169654714e-01,5.187224715620586402e-02,0.000000000000000000e+00
6.460000000000004627e-01,4.327099115653239292e-02,-2.227754339777789916e-01,5.136382556093632701e-02,0.000000000000000000e+00
6.480000000000004645e-01,4.282997641928246862e-02,-2.205073686249605369e-01,5.085989222838560586e-02,0.000000000000000000e+00
6.500000000000004663e-01,4.239345179517294698e-02,-2.182623120547609319e-01,5.036042463116952028e-02,0.000000000000000000e+00
6.520000000000004681e-01,4.196137172796682302e-02,-2.160400336030634527e-01,4.986539970583470094e-02,0.000000000000000000e+00
6.540000000000004698e-01,4.153369111831287097e-02,-2.138403048269754414e-01,4.937479388328869234e-02,0.000000000000000000e+00
6.560000000000004716e-01,4.111036531933994626e-02,-2.116628994864639124e-01,4.888858311811339341e-02,0.000000000000000000e+00
6.580000000000004734e-01,4.069135013228786929e-02,-2.095075935260393707e-01,4.840674291680024943e-02,0.000000000000000000e+00
6.600000000000004752e-01,4.027660180217488423e-02,-2.073741650564919492e-01,4.792924836494028007e-02,0.000000000000000000e+00
6.620000000000004770e-01,3.986607701350151911e-02,-2.052623943366834458e-01,4.745607415340669100e-02,0.000000000000000000e+00
6.640000000000004787e-01,3.945973288599072260e-02,-2.031720637553989239e-01,4.698719460356248767e-02,0.000000000000000000e+00
6.660000000000004805e-01,3.905752697036420085e-02,-2.011029578132615681e-01,4.652258369152462159e-02,0.000000000000000000e+00
6.680000000000004823e-01,3.865941724415477426e-02,-1.990548631047137362e-01,4.606221507151886385e-02,0.000000000000000000e+00
6.700000000000004841e-01,3.826536210755463602e-02,-1.970275683000675404e-01,4.560606209835493807e-02,0.000000000000000000e+00
6.720000000000004858e-01,3.787532037929938061e-02,-1.950208641276279242e-01,4.515409784904811374e-02,0.000000000000000000e+00
6.740000000000004876e-01,3.748925129258760119e-02,-1.930345433558909307e-01,4.470629514362345347e-02,0.000000000000000000e+00
6.760000000000004894e-01,3.710711449103595849e-02,-1.910684007758200464e-01,4.426262656512203186e-02,0.000000000000000000e+00
6.780000000000004912e-01,3.672887002466955486e-02,-1.891222331832029813e-01,4.382306447884154466e-02,0.000000000000000000e+00
6.800000000000004929e-01,3.635447834594737054e-02,-1.871958393610914095e-01,4.338758105083639904e-02,0.000000000000000000e+00
6.820000000000004947e-01,3.598390030582272053e-02,-1.852890200623258932e-01,4.295614826569837952e-02,0.000000000000000000e+00
6.840000000000004965e-01,3.561709714983842673e-02,-1.834015779921481237e-01,4.252873794364786519e-02,0.000000000000000000e+00
6.860000000000004983e-01,3.525403051425662210e-02,-1.815333177909026485e-01,4.210532175695624879e-02,0.000000000000000000e+00
6.880000000000005000e-01,3.489466242222296483e-02,-1.796840460168299403e-01,4.168587124572087355e-02,0.000000000000000000e+00
6.900000000000005018e-01,3.453895527996506121e-02,-1.778535711289525034e-01,4.127035783301757910e-02,0.000000000000000000e+00
6.920000000000005036e-01,3.418687187302495156e-02,-1.760417034700559880e-01,4.085875283944995218e-02,0.000000000000000000e+00
6.940000000000005054e-01,3.383837536252541633e-02,-1.742482552497666148e-01,4.045102749711615431e-02,0.000000000000000000e+00
6.960000000000005071e-01,3.349342928146996357e-02,-1.724730405277267176e-01,4.004715296301508687e-02,0.000000000000000000e+00
6.980000000000005089e-01,3.315199753107622715e-02,-1.707158751968695654e-01,3.964710033190743665e-02,0.000000000000000000e+00
7.000000000000005107e-01,3.281404437714263711e-02,-1.689765769667949391e-01,3.925084064865402844e-02,0.000000000000000000e+00
7.020000000000005125e-01,3.247953444644814669e-02,-1.672549653472465980e-01,3.885834492004702767e-02,0.000000000000000000e+00
7.040000000000005143e-01,3.214843272318475970e-02,-1.655508616316929693e-01,3.846958412615331113e-02,0.000000000000000000e+00
7.060000000000005160e-01,3.182070454542273302e-02,-1.638640888810118379e-01,3.808452923118532674e-02,0.000000000000000000e+00
7.080000000000005178e-01,3.149631560160816995e-02,-1.621944719072801744e-01,3.770315119391454139e-02,0.000000000000000000e+00
7.100000000000005196e-01,3.117523192709283075e-02,-1.605418372576701558e-01,3.732542097764812716e-02,0.000000000000000000e+00
7.120000000000005214e-01,3.085741990069592808e-02,-1.589060131984519342e-01,3.695130955977843357e-02,0.000000000000000000e+00
7.140000000000005231e-01,3.054284624129771988e-02,-1.572868296991041526e-01,3.658078794092434194e-02,0.000000000000000000e+00
7.160000000000005249e-01,3.023147800446465347e-02,-1.556841184165327352e-01,3.621382715367582605e-02,0.000000000000000000e+00
7.180000000000005267e-01,2.992328257910585598e-02,-1.540977126793987018e-01,3.585039827095526377e-02,0.000000000000000000e+00
7.200000000000005285e-01,2.961822768416074586e-02,-1.525274474725556162e-01,3.549047241401503960e-02,0.000000000000000000e+00
7.220000000000005302e-01,2.931628136531755358e-02,-1.509731594215969197e-01,3.513402076007321462e-02,0.000000000000000000e+00
7.240000000000005320e-01,2.901741199176252617e-02,-1.494346867775140641e-01,3.478101454961146644e-02,0.000000000000000000e+00
7.260000000000005338e-01,2.872158825295959700e-02,-1.479118694014653346e-01,3.443142509333885215e-02,0.000000000000000000e+00
7.280000000000005356e-01,2.842877915546028478e-02,-1.464045487496560549e-01,3.408522377883715926e-02,0.000000000000000000e+00
7.300000000000005373e-01,2.813895401974362415e-02,-1.449125678583303989e-01,3.374238207689828073e-02,0.000000000000000000e+00
7.320000000000005391e-01,2.785208247708587451e-02,-1.434357713288749170e-01,3.340287154756427235e-02,0.000000000000000000e+00
7.340000000000005409e-01,2.756813446645980589e-02,-1.419740053130341684e-01,3.306666384588119456e-02,0.000000000000000000e+00
7.360000000000005427e-01,2.728708023146332942e-02,-1.405271174982385129e-01,3.273373072737495448e-02,0.000000000000000000e+00
7.380000000000005445e-01,2.700889031727723988e-02,-1.390949570930441193e-01,3.240404405326335890e-02,0.000000000000000000e+00
7.400000000000005462e-01,2.673353556765186920e-02,-1.376773748126854102e-01,3.207757579540859716e-02,0.000000000000000000e+00
7.420000000000005480e-01,2.646098712192239064e-02,-1.362742228647398357e-01,3.175429804102303244e-02,0.000000000000000000e+00
7.440000000000005498e-01,2.619121641205257936e-02,-1.348853549349050274e-01,3.143418299713696129e-02,0.000000000000000000e+00
7.460000000000005516e-01,2.592419515970680391e-02,-1.335106261728882526e-01,3.111720299483389240e-02,0.000000000000000000e+00
7.480000000000005533e-01,2.565989537334998835e-02,-1.321498931784081954e-01,3.080333049326600126e-02,0.000000000000000000e+00
7.500000000000005551e-01,2.539828934537537164e-02,-1.308030139873088138e-01,3.049253808345575578e-02,0.000000000000000000e+00
7.520000000000005569e-01,2.513934964925980051e-02,-1.294698480577851085e-01,3.018479849188882014e-02,0.000000000000000000e+00
7.540000000000005587e-01,2.488304913674635813e-02,-1.281502562567208847e-01,2.988008458391278044e-02,0.000000000000000000e+00
7.560000000000005604e-01,2.462936093505408222e-02,-1.268441008461378972e-01,2.957836936693991614e-02,0.000000000000000000e+00
7.580000000000005622e-01,2.437825844411456791e-02,-1.255512454697565727e-01,2.927962599346989325e-02,0.000000000000000000e+00
7.600000000000005640e-01,2.412971533383523326e-02,-1.242715551396676305e-01,2.898382776393171323e-02,0.000000000000000000e+00
7.620000000000005658e-01,2.388370554138900467e-02,-1.230048962231147097e-01,2.869094812935746308e-02,0.000000000000000000e+00
7.640000000000005675e-01,2.364020326853023130e-02,-1.217511364293873827e-01,2.840096069388986511e-02,0.000000000000000000e+00
7.660000000000005693e-01,2.339918297893658211e-02,-1.205101447968243839e-01,2.811383921713173084e-02,0.000000000000000000e+00
7.680000000000005711e-01,2.316061939557672797e-02,-1.192817916799266686e-01,2.782955761634420266e-02,0.000000000000000000e+00
7.700000000000005729e-01,2.292448749810356914e-02,-1.180659487365798704e-01,2.754808996849622549e-02,0.000000000000000000e+00
7.720000000000005747e-01,2.269076252027279680e-02,-1.168624889153858371e-01,2.726941051217479650e-02,0.000000000000000000e+00
7.740000000000005764e-01,2.245941994738659062e-02,-1.156712864431027749e-01,2.699349364935854645e-02,0.000000000000000000e+00
7.760000000000005782e-01,2.223043551376220270e-02,-1.144922168121935702e-01,2.672031394706042562e-02,0.000000000000000000e+00
7.780000000000005800e-01,2.200378520022524056e-02,-1.133251567684818717e-01,2.644984613884537872e-02,0.000000000000000000e+00
7.800000000000005818e-01,2.177944523162740967e-02,-1.121699842989153928e-01,2.618206512622678339e-02,0.000000000000000000e+00
7.820000000000005835e-01,2.155739207438853861e-02,-1.110265786194360588e-01,2.591694597994698146e-02,0.000000000000000000e+00
7.840000000000005853e-01,2.133760243406262677e-02,-1.098948201629563887e-01,2.565446394114601070e-02,0.000000000000000000e+00
7.860000000000005871e-01,2.112005325292774446e-02,-1.087745905674416258e-01,2.539459442242320009e-02,0.000000000000000000e+00
7.880000000000005889e-01,2.090472170759954951e-02,-1.076657726640971868e-01,2.513731300879551434e-02,0.000000000000000000e+00
7.900000000000005906e-01,2.069158520666822959e-02,-1.065682504656607354e-01,2.488259545855675547e-02,0.000000000000000000e+00
7.920000000000005924e-01,2.048062138835863438e-02,-1.054819091547984228e-01,2.463041770404206243e-02,0.000000000000000000e+00
7.940000000000005942e-01,2.027180811821342396e-02,-1.044066350726047532e-01,2.438075585230103925e-02,0.000000000000000000e+00
7.960000000000005960e-01,2.006512348679901150e-02,-1.033423157072054094e-01,2.413358618568284264e-02,0.000000000000000000e+00
7.980000000000005977e-01,1.986054580743408515e-02,-1.022888396824625373e-01,2.388888516233689252e-02,0.000000000000000000e+00
8.000000000000005995e-01,1.965805361394052167e-02,-1.012460967467818940e-01,2.364662941663431273e-02,0.000000000000000000e+00
8.020000000000006013e-01,1.945762565841648029e-02,-1.002139777620211641e-01,2.340679575951010172e-02,0.000000000000000000e+00
8.040000000000006031e-01,1.925924090903148242e-02,-9.919237469249898853e-02,2.316936117873258372e-02,0.000000000000000000e+00
8.060000000000006048e-01,1.906287854784327607e-02,-9.818118059410393950e-02,2.293430283910047329e-02,0.000000000000000000e+00
8.080000000000006066e-01,1.886851796863626973e-02,-9.718028960350291734e-02,2.270159808257254941e-02,0.000000000000000000e+00
8.100000000000006084e-01,1.867613877478137285e-02,-9.618959692744830092e-02,2.247122442833149325e-02,0.000000000000000000e+00
8.120000000000006102e-01,1.848572077711700679e-02,-9.520899883218324200e-02,2.224315957278566458e-02,0.000000000000000000e+00
8.140000000000006120e-01,1.829724399185111636e-02,-9.423839263294439550e-02,2.201738138951048196e-02,0.000000000000000000e+00
8.160000000000006137e-01,1.811068863848399463e-02,-9.327767668356150288e-02,2.179386792913218240e-02,0.000000000000000000e+00
8.180000000000006155e-01,1.792603513775168841e-02,-9.232675036615321795e-02,2.157259741915817930e-02,0.000000000000000000e+00
8.200000000000006173e-01,1.774326410958985273e-02,-9.138551408091837025e-02,2.135354826375290838e-02,0.000000000000000000e+00
8.220000000000006191e-01,1.756235637111780781e-02,-9.045386923602212470e-02,2.113669904346471284e-02,0.000000000000000000e+00
8.240000000000006208e-01,1.738329293464265651e-02,-8.953171823757639924e-02,2.092202851490487792e-02,0.000000000000000000e+00
8.260000000000006226e-01,1.720605500568322954e-02,-8.861896447971374935e-02,2.070951561038081312e-02,0.000000000000000000e+00
8.280000000000006244e-01,1.703062398101371985e-02,-8.771551233475416431e-02,2.049913943748449263e-02,0.000000000000000000e+00
8.300000000000006262e-01,1.685698144672679102e-02,-8.682126714346403984e-02,2.029087927864070551e-02,0.000000000000000000e+00
8.320000000000006279e-01,1.668510917631597923e-02,-8.593613520540670236e-02,2.008471459061444975e-02,0.000000000000000000e+00
8.340000000000006297e-01,1.651498912877721187e-02,-8.506002376938376353e-02,1.988062500398157795e-02,0.000000000000000000e+00
8.360000000000006315e-01,1.634660344672927978e-02,-8.419284102396662473e-02,1.967859032256180640e-02,0.000000000000000000e+00
8.380000000000006333e-01,1.617993445455304449e-02,-8.333449608811750731e-02,1.947859052281830650e-02,0.000000000000000000e+00
8.400000000000006350e-01,1.601496465654924511e-02,-8.248489900189928670e-02,1.928060575322443349e-02,0.000000000000000000e+00
8.420000000000006368e-01,1.585167673511469685e-02,-8.164396071727346438e-02,1.908461633359981313e-02,0.000000000000000000e+00
8.440000000000006386e-01,1.569005354893672488e-02,-8.081159308898558380e-02,1.889060275441567516e-02,0.000000000000000000e+00
8.460000000000006404e-01,1.553007813120564976e-02,-7.998770886553742410e-02,1.869854567607343032e-02,0.000000000000000000e+00
8.480000000000006422e-01,1.537173368784515957e-02,-7.917222168024526385e-02,1.850842592815571397e-02,0.000000000000000000e+00
8.500000000000006439e-01,1.521500359576039192e-02,-7.836504604238360427e-02,1.832022450865311569e-02,0.000000000000000000e+00
8.520000000000006457e-01,1.505987140110356427e-02,-7.756609732841357463e-02,1.813392258316604000e-02,0.000000000000000000e+00
8.540000000000006475e-01,1.490632081755697419e-02,-7.677529177329543708e-02,1.794950148408458457e-02,0.000000000000000000e+00
8.560000000000006493e-01,1.475433572463320624e-02,-7.599254646188438600e-02,1.776694270974688017e-02,0.000000000000000000e+00
8.580000000000006510e-01,1.460390016599238776e-02,-7.521777932040916992e-02,1.758622792357789066e-02,0.000000000000000000e+00
8.600000000000006528e-01,1.445499834777632178e-02,-7.445090910803259243e-02,1.740733895320789593e-02,0.000000000000000000e+00
8.620000000000006546e-01,1.430761463695933572e-02,-7.369185540849346183e-02,1.723025778957421039e-02,0.000000000000000000e+00
8.640000000000006564e-01,1.416173355971567759e-02,-7.294053862182918457e-02,1.705496658600635929e-02,0.000000000000000000e+00
8.660000000000006581e-01,1.401733979980332098e-02,-7.219687995617832255e-02,1.688144765729371333e-02,0.000000000000000000e+00
8.680000000000006599e-01,1.387441819696399667e-02,-7.146080141966254518e-02,1.670968347874046689e-02,0.000000000000000000e+00
8.700000000000006617e-01,1.373295374533930156e-02,-7.073222581234721307e-02,1.653965668520562815e-02,0.000000000000000000e+00
8.720000000000006635e-01,1.359293159190274117e-02,-7.001107671827994094e-02,1.637135007012990862e-02,0.000000000000000000e+00
8.740000000000006652e-01,1.345433703490752850e-02,-6.929727849760651537e-02,1.620474658455095529e-02,0.000000000000000000e+00
8.760000000000006670e-01,1.331715552235000072e-02,-6.859075627876351500e-02,1.603982933610814676e-02,0.000000000000000000e+00
8.780000000000006688e-01,1.318137265044850605e-02,-6.789143595074692561e-02,1.587658158803517683e-02,0.000000000000000000e+00
8.800000000000006706e-01,1.304697416213759439e-02,-6.719924415545606988e-02,1.571498675814475554e-02,0.000000000000000000e+00
8.820000000000006724e-01,1.291394594557736947e-02,-6.651410828011236620e-02,1.555502841780409540e-02,0.000000000000000000e+00
8.840000000000006741e-01,1.278227403267786534e-02,-6.583595644975198669e-02,1.539669029090129371e-02,0.000000000000000000e+00
8.860000000000006759e-01,1.265194459763828091e-02,-6.516471751979208138e-02,1.523995625280538668e-02,0.000000000000000000e+00
8.880000000000006777e-01,1.252294395550094218e-02,-6.450032106866969428e-02,1.508481032931985322e-02,0.000000000000000000e+00
8.900000000000006795e-01,1.239525856071983616e-02,-6.384269739055276061e-02,1.493123669562862466e-02,0.000000000000000000e+00
8.920000000000006812e-01,1.226887500574358990e-02,-6.319177748812272732e-02,1.477921967523820879e-02,0.000000000000000000e+00
8.940000000000006830e-01,1.214378001961273490e-02,-6.254749306542790876e-02,1.462874373891387414e-02,0.000000000000000000e+00
8.960000000000006848e-01,1.201996046657111995e-02,-6.190977652080710547e-02,1.447979350361205952e-02,0.000000000000000000e+00
8.980000000000006866e-01,1.189740334469135442e-02,-6.127856093988286179e-02,1.433235373140873126e-02,0.000000000000000000e+00
9.000000000000006883e-01,1.177609578451410677e-02,-6.065378008862362669e-02,1.418640932842474278e-02,0.000000000000000000e+00
9.020000000000006901e-01,1.165602504770115767e-02,-6.003536840647431816e-02,1.404194534374825221e-02,0.000000000000000000e+00
9.040000000000006919e-01,1.153717852570204823e-02,-5.942326099955461821e-02,1.389894696835503041e-02,0.000000000000000000e+00
9.060000000000006937e-01,1.141954373843419995e-02,-5.881739363392436692e-02,1.375739953402693727e-02,0.000000000000000000e+00
9.080000000000006954e-01,1.130310833297636965e-02,-5.821770272891547970e-02,1.361728851226906567e-02,0.000000000000000000e+00
9.100000000000006972e-01,1.118786008227531069e-02,-5.762412535052979096e-02,1.347859951322588623e-02,0.000000000000000000e+00
9.120000000000006990e-01,1.107378688386550548e-02,-5.703659920490217888e-02,1.334131828459722557e-02,0.000000000000000000e+00
9.140000000000007008e-01,1.096087675860184935e-02,-5.645506263182840240e-02,1.320543071055324535e-02,0.000000000000000000e+00
9.160000000000007025e-01,1.084911784940513491e-02,-5.587945459835707424e-02,1.307092281065119765e-02,0.000000000000000000e+00
9.180000000000007043e-01,1.073849842002024511e-02,-5.530971469244511107e-02,1.293778073875107015e-02,0.000000000000000000e+00
9.200000000000007061e-01,1.062900685378689349e-02,-5.474578311667615410e-02,1.280599078193350726e-02,0.000000000000000000e+00
9.220000000000007079e-01,1.052063165242281099e-02,-5.418760068204135638e-02,1.267553935941839738e-02,0.000000000000000000e+00
9.240000000000007097e-01,1.041336143481924777e-02,-5.363510880178187779e-02,1.254641302148512549e-02,0.000000000000000000e+00
9.260000000000007114e-01,1.030718493584866294e-02,-5.308824948529266424e-02,1.241859844839482419e-02,0.000000000000000000e+00
9.280000000000007132e-01,1.020209100518448993e-02,-5.254696533208679660e-02,1.229208244931478955e-02,0.000000000000000000e+00
9.300000000000007150e-01,1.009806860613285048e-02,-5.201119952581992334e-02,1.216685196124533963e-02,0.000000000000000000e+00
9.320000000000007168e-01,9.995106814476101276e-03,-5.148089582837419437e-02,1.204289404794950391e-02,0.000000000000000000e+00
9.340000000000007185e-01,9.893194817328098550e-03,-5.095599857400111982e-02,1.192019589888498876e-02,0.000000000000000000e+00
9.360000000000007203e-01,9.792321912001052467e-03,-5.043645266352285439e-02,1.179874482814075032e-02,0.000000000000000000e+00
9.380000000000007221e-01,9.692477504883870512e-03,-4.992220355859126879e-02,1.167852827337534372e-02,0.000000000000000000e+00
9.400000000000007239e-01,9.593651110331861617e-03,-4.941319727600435724e-02,1.155953379476037934e-02,0.000000000000000000e+00
9.420000000000007256e-01,9.495832349567702099e-03,-4.890938038207936350e-02,1.144174907392681018e-02,0.000000000000000000e+00
9.440000000000007274e-01,9.399010949593538528e-03,-4.841069998708212585e-02,1.132516191291543795e-02,0.000000000000000000e+00
9.460000000000007292e-01,9.303176742114114758e-03,-4.791710373971211356e-02,1.120976023313230430e-02,0.000000000000000000e+00
9.480000000000007310e-01,9.208319662470829461e-03,-4.742853982164259297e-02,1.109553207430757915e-02,0.000000000000000000e+00
9.500000000000007327e-01,9.114429748586599239e-03,-4.694495694211540948e-02,1.098246559345927853e-02,0.000000000000000000e+00
9.520000000000007345e-01,9.021497139921419786e-03,-4.646630433258991388e-02,1.087054906386253350e-02,0.000000000000000000e+00
9.540000000000007363e-01,8.929512076438529677e-03,-4.599253174144541517e-02,1.075977087402213428e-02,0.000000000000000000e+00
9.560000000000007381e-01,8.838464897581055357e-03,-4.552358942873673681e-02,1.065011952665168016e-02,0.000000000000000000e+00
9.580000000000007399e-01,8.748346041259050590e-03,-4.505942816100233506e-02,1.054158363765667072e-02,0.000000000000000000e+00
9.600000000000007416e-01,8.659146042846802005e-03,-4.459999920612446600e-02,1.043415193512364780e-02,0.000000000000000000e+00
9.620000000000007434e-01,8.570855534190320937e-03,-4.414525432824089463e-02,1.032781325831433339e-02,0.000000000000000000e+00
9.640000000000007452e-01,8.483465242624905339e-03,-4.369514578270769500e-02,1.022255655666537422e-02,0.000000000000000000e+00
9.660000000000007470e-01,8.396965990002679819e-03,-4.324962631111258643e-02,1.011837088879347091e-02,0.000000000000000000e+00
9.680000000000007487e-01,8.311348691730002791e-03,-4.280864913633837532e-02,1.001524542150689090e-02,0.000000000000000000e+00
9.700000000000007505e-01,8.226604355814650521e-03,-4.237216795767596161e-02,9.913169428821644313e-03,0.000000000000000000e+00
9.720000000000007523e-01,8.142724081922677465e-03,-4.194013694598648645e-02,9.812132290984765248e-03,0.000000000000000000e+00
9.740000000000007541e-01,8.059699060444854013e-03,-4.151251073891209370e-02,9.712123493502589078e-03,0.000000000000000000e+00
9.760000000000007558e-01,7.977520571572584498e-03,-4.108924443613486827e-02,9.613132626175580064e-03,0.000000000000000000e+00
9.780000000000007576e-01,7.896179984383216999e-03,-4.067029359468346539e-02,9.515149382139043155e-03,0.000000000000000000e+00
9.800000000000007594e-01,7.815668755934642581e-03,-4.025561422428698688e-02,9.418163556910164047e-03,0.000000000000000000e+00
9.820000000000007612e-01,7.735978430369091184e-03,-3.984516278277560469e-02,9.322165047441210994e-03,0.000000000000000000e+00
9.840000000000007629e-01,7.657100638026036535e-03,-3.943889617152752242e-02,9.227143851178731815e-03,0.000000000000000000e+00
9.860000000000007647e-01,7.579027094564112950e-03,-3.903677173096178898e-02,9.133090065129800816e-03,0.000000000000000000e+00
9.880000000000007665e-01,7.501749600091959895e-03,-3.863874723607652051e-02,9.039993884933761326e-03,0.000000000000000000e+00
9.900000000000007683e-01,7.425260038307895417e-03,-3.824478089203211389e-02,8.947845603941073644e-03,0.000000000000000000e+00
9.920000000000007701e-01,7.349550375648337790e-03,-3.785483132977898041e-02,8.856635612298324745e-03,0.000000000000000000e+00
9.940000000000007718e-01,7.274612660444879086e-03,-3.746885760172934815e-02,8.766354396039621744e-03,0.000000000000000000e+00
9.960000000000007736e-01,7.200439022089933500e-03,-3.708681917747276569e-02,8.676992536184813254e-03,0.000000000000000000e+00
9.980000000000007754e-01,7.127021670210864114e-03,-3.670867593953482111e-02,8.588540707843983490e-03,0.000000000000000000e+00
1.000000000000000666e+00,7.054352893852506613e-03,-3.633438817917865327e-02,8.500989679328940785e-03,0.000000000000000000e+00
1.002000000000000668e+00,6.982425060668009248e-03,-3.596391659224885962e-02,8.414330311270479257e-03,0.000000000000000000e+00
1.004000000000000670e+00,6.911230616117894528e-03,-3.559722227505739134e-02,8.328553555743356540e-03,0.000000000000000000e+00
1.006000000000000671e+00,6.840762082677272378e-03,-3.523426672031095691e-02,8.243650455396767107e-03,0.000000000000000000e+00
1.008000000000000673e+00,6.771012059051112822e-03,-3.487501181307960801e-02,8.159612142592365114e-03,0.000000000000000000e+00
1.010000000000000675e+00,6.701973219397500993e-03,-3.451941982680604981e-02,8.076429838548337958e-03,0.000000000000000000e+00
1.012000000000000677e+00,6.633638312558790343e-03,-3.416745341935528701e-02,7.994094852490696290e-03,0.000000000000000000e+00
1.014000000000000679e+00,6.566000161300582054e-03,-3.381907562910420328e-02,7.912598580810337179e-03,0.000000000000000000e+00
1.016000000000000680e+00,6.499051661558440454e-03,-3.347424987107067845e-02,7.831932506227823332e-03,0.000000000000000000e+00
1.018000000000000682e+00,6.432785781692276772e-03,-3.313293993308186886e-02,7.752088196963879962e-03,0.000000000000000000e+00
1.020000000000000684e+00,6.367195561748314504e-03,-3.279510997198123445e-02,7.673057305917274640e-03,0.000000000000000000e+00
1.022000000000000686e+00,6.302274112728567003e-03,-3.246072450987394498e-02,7.594831569848858877e-03,0.000000000000000000e+00
1.024000000000000687e+00,6.238014615867746616e-03,-3.212974843041027651e-02,7.517402808572354322e-03,0.000000000000000000e+00
1.026000000000000689e+00,6.174410321917533397e-03,-3.180214697510665156e-02,7.440762924151883562e-03,0.000000000000000000e+00
1.028000000000000691e+00,6.111454550438125306e-03,-3.147788573970388554e-02,7.364903900106078982e-03,0.000000000000000000e+00
1.030000000000000693e+00,6.049140689097000541e-03,-3.115693067056233764e-02,7.289817800618686450e-03,0.000000000000000000e+00
1.032000000000000695e+00,5.987462192974813031e-03,-3.083924806109355349e-02,7.215496769755913586e-03,0.000000000000000000e+00
1.034000000000000696e+00,5.926412583878356947e-03,-3.052480454822804889e-02,7.141933030690106321e-03,0.000000000000000000e+00
1.036000000000000698e+00,5.865985449660519532e-03,-3.021356710891889147e-02,7.069118884930336577e-03,0.000000000000000000e+00
1.038000000000000700e+00,5.806174443547158087e-03,-2.990550305668068787e-02,6.997046711559179455e-03,0.000000000000000000e+00
1.040000000000000702e+00,5.746973283470830848e-03,-2.960058003816366801e-02,6.925708966476096240e-03,0.000000000000000000e+00
1.042000000000000703e+00,5.688375751411306296e-03,-2.929876602976246719e-02,6.855098181647478750e-03,0.000000000000000000e+00
1.044000000000000705e+00,5.630375692742787576e-03,-2.900002933425930782e-02,6.785206964362966442e-03,0.000000000000000000e+00
1.046000000000000707e+00,5.572967015587785254e-03,-2.870433857750119555e-02,6.716027996498147301e-03,0.000000000000000000e+00
1.048000000000000709e+00,5.516143690177563799e-03,-2.841166270511082115e-02,6.647554033784031091e-03,0.000000000000000000e+00
1.050000000000000711e+00,5.459899748219101956e-03,-2.812197097923080716e-02,6.579777905082379030e-03,0.000000000000000000e+00
1.052000000000000712e+00,5.404229282268500217e-03,-2.783523297530098375e-02,6.512692511667861339e-03,0.000000000000000000e+00
1.054000000000000714e+00,5.349126445110763406e-03,-2.755141857886835716e-02,6.446290826516321015e-03,0.000000000000000000e+00
1.056000000000000716e+00,5.294585449145904586e-03,-2.727049798242943759e-02,6.380565893599310368e-03,0.000000000000000000e+00
1.058000000000000718e+00,5.240600565781295718e-03,-2.699244168230460414e-02,6.315510827185011333e-03,0.000000000000000000e+00
1.060000000000000719e+00,5.187166124830206934e-03,-2.671722047554420110e-02,6.251118811145317533e-03,0.000000000000000000e+00
1.062000000000000721e+00,5.134276513916474598e-03,-2.644480545686601902e-02,6.187383098269161330e-03,0.000000000000000000e+00
1.064000000000000723e+00,5.081926177885227013e-03,-2.617516801562387585e-02,6.124297009581919360e-03,0.000000000000000000e+00
1.066000000000000725e+00,5.030109618219613145e-03,-2.590827983280695468e-02,6.061853933671118577e-03,0.000000000000000000e+00
1.068000000000000727e+00,4.978821392463473640e-03,-2.564411287806962758e-02,6.000047326018081995e-03,0.000000000000000000e+00
1.070000000000000728e+00,4.928056113649890817e-03,-2.538263940679141503e-02,5.938870708335680648e-03,0.000000000000000000e+00
1.072000000000000730e+00,4.877808449735556925e-03,-2.512383195716682768e-02,5.878317667912330569e-03,0.000000000000000000e+00
1.074000000000000732e+00,4.828073123040907758e-03,-2.486766334732472966e-02,5.818381856961540866e-03,0.000000000000000000e+00
1.076000000000000734e+00,4.778844909695953956e-03,-2.461410667247699788e-02,5.759056991977817841e-03,0.000000000000000000e+00
1.078000000000000735e+00,4.730118639091761452e-03,-2.436313530209611306e-02,5.700336853098453282e-03,0.000000000000000000e+00
1.080000000000000737e+00,4.681889193337518580e-03,-2.411472287712144655e-02,5.642215283470836118e-03,0.000000000000000000e+00
1.082000000000000739e+00,4.634151506723130885e-03,-2.386884330719391337e-02,5.584686188626064585e-03,0.000000000000000000e+00
1.084000000000000741e+00,4.586900565187293326e-03,-2.362547076791873812e-02,5.527743535858165025e-03,0.000000000000000000e+00
1.086000000000000743e+00,4.540131405790980880e-03,-2.338457969815602860e-02,5.471381353609000575e-03,0.000000000000000000e+00
1.088000000000000744e+00,4.493839116196302920e-03,-2.314614479733888633e-02,5.415593730858980770e-03,0.000000000000000000e+00
1.090000000000000746e+00,4.448018834150664971e-03,-2.291014102281877310e-02,5.360374816523599817e-03,0.000000000000000000e+00
1.092000000000000748e+00,4.402665746976189287e-03,-2.267654358723785943e-02,5.305718818855303942e-03,0.000000000000000000e+00
1.094000000000000750e+00,4.357775091064333521e-03,-2.244532795592809465e-02,5.251620004851409451e-03,0.000000000000000000e+00
1.096000000000000751e+00,4.313342151375659794e-03,-2.221646984433669689e-02,5.198072699667183327e-03,0.000000000000000000e+00
1.098000000000000753e+00,4.269362260944703849e-03,-2.198994521547784076e-02,5.145071286034585967e-03,0.000000000000000000e+00
1.100000000000000755e+00,4.225830800389883575e-03,-2.176573027741024458e-02,5.092610203686620540e-03,0.000000000000000000e+00
1.102000000000000757e+00,4.182743197428402671e-03,-2.154380148074039672e-02,5.040683948787066937e-03,0.000000000000000000e+00
1.104000000000000759e+00,4.140094926396100002e-03,-2.132413551615119571e-02,4.989287073365572533e-03,0.000000000000000000e+00
1.106000000000000760e+00,4.097881507772188278e-03,-2.110670931195569866e-02,4.938414184758044279e-03,0.000000000000000000e+00
1.108000000000000762e+00,4.056098507708836946e-03,-2.089150003167576999e-02,4.888059945052675159e-03,0.000000000000000000e+00
1.110000000000000764e+00,4.014741537565546387e-03,-2.067848507164534236e-02,4.838219070540883404e-03,0.000000000000000000e+00
1.112000000000000766e+00,3.973806253448270050e-03,-2.046764205863806432e-02,4.788886331173719535e-03,0.000000000000000000e+00
1.114000000000000767e+00,3.933288355753231623e-03,-2.025894884751908154e-02,4.740056550023380444e-03,0.000000000000000000e+00
1.116000000000000769e+00,3.893183588715390386e-03,-2.005238351892070850e-02,4.691724602750052542e-03,0.000000000000000000e+00
1.118000000000000771e+00,3.853487739961507057e-03,-1.984792437694174114e-02,4.643885417073639887e-03,0.000000000000000000e+00
1.120000000000000773e+00,3.814196640067766750e-03,-1.964554994687017775e-02,4.596533972250738120e-03,0.000000000000000000e+00
1.122000000000000774e+00,3.775306162121908320e-03,-1.944523897292912279e-02,4.549665298556659909e-03,0.000000000000000000e+00
1.124000000000000776e+00,3.736812221289817146e-03,-1.924697041604560288e-02,4.503274476772123336e-03,0.000000000000000000e+00
1.126000000000000778e+00,3.698710774386532781e-03,-1.905072345164212158e-02,4.457356637675657929e-03,0.000000000000000000e+00
1.128000000000000780e+00,3.660997819451631587e-03,-1.885647746745066147e-02,4.411906961540035255e-03,0.000000000000000000e+00
1.130000000000000782e+00,3.623669395328933587e-03,-1.866421206134893929e-02,4.366920677634167358e-03,0.000000000000000000e+00
1.132000000000000783e+00,3.586721581250496265e-03,-1.847390703921868854e-02,4.322393063729668139e-03,0.000000000000000000e+00
1.134000000000000785e+00,3.550150496424844988e-03,-1.828554241282574072e-02,4.278319445612133176e-03,0.000000000000000000e+00
1.136000000000000787e+00,3.513952299629401459e-03,-1.809909839772168641e-02,4.234695196597443312e-03,0.000000000000000000e+00
1.138000000000000789e+00,3.478123188807067702e-03,-1.791455541116687700e-02,4.191515737052314838e-03,0.000000000000000000e+00
1.140000000000000790e+00,3.442659400666918303e-03,-1.773189407007459695e-02,4.148776533920039977e-03,0.000000000000000000e+00
1.142000000000000792e+00,3.407557210288966222e-03,-1.755109518897614643e-02,4.106473100250529473e-03,0.000000000000000000e+00
1.144000000000000794e+00,3.372812930732952720e-03,-1.737213977800664347e-02,4.064600994735045880e-03,0.000000000000000000e+00
1.146000000000000796e+00,3.338422912651130194e-03,-1.719500904091134444e-02,4.023155821245544272e-03,0.000000000000000000e+00
1.148000000000000798e+00,3.304383543904985867e-03,-1.701968437307223650e-02,3.982133228378453849e-03,0.000000000000000000e+00
1.150000000000000799e+00,3.270691249185876410e-03,-1.684614735955475631e-02,3.941528909002983694e-03,0.000000000000000000e+00
1.152000000000000801e+00,3.237342489639527532e-03,-1.667437977317437134e-02,3.901338599813869434e-03,0.000000000000000000e+00
1.154000000000000803e+00,3.204333762494361668e-03,-1.650436357258285372e-02,3.861558080888366495e-03,0.000000000000000000e+00
1.156000000000000805e+00,3.171661600693613439e-03,-1.633608090037405591e-02,3.822183175247906295e-03,0.000000000000000000e+00
1.158000000000000806e+00,3.139322572531195576e-03,-1.616951408120896258e-02,3.783209748423888019e-03,0.000000000000000000e+00
1.160000000000000808e+00,3.107313281291275864e-03,-1.600464561995982790e-02,3.744633708027592101e-03,0.000000000000000000e+00
1.162000000000000810e+00,3.075630364891529522e-03,-1.584145819987323872e-02,3.706451003324728877e-03,0.000000000000000000e+00
1.164000000000000812e+00,3.044270495530025829e-03,-1.567993468075186067e-02,3.668657624813859153e-03,0.000000000000000000e+00
1.166000000000000814e+00,3.013230379335716472e-03,-1.552005809715472154e-02,3.631249603809116877e-03,0.000000000000000000e+00
1.168000000000000815e+00,2.982506756022484853e-03,-1.536181165661580812e-02,3.594223012027067399e-03,0.000000000000000000e+00
1.170000000000000817e+00,2.952096398546723375e-03,-1.520517873788082390e-02,3.557573961177659672e-03,0.000000000000000000e+00
1.172000000000000819e+00,2.921996112768399708e-03,-1.505014288916189068e-02,3.521298602559133628e-03,0.000000000000000000e+00
1.174000000000000821e+00,2.892202737115579479e-03,-1.489668782641003983e-02,3.485393126657132523e-03,0.000000000000000000e+00
1.176000000000000822e+00,2.862713142252368975e-03,-1.474479743160529537e-02,3.449853762747603914e-03,0.000000000000000000e+00
1.178000000000000824e+00,2.833524230750240555e-03,-1.459445575106417363e-02,3.414676778503766830e-03,0.000000000000000000e+00
1.180000000000000826e+00,2.804632936762711717e-03,-1.444564699376442787e-02,3.379858479606950850e-03,0.000000000000000000e+00
1.182000000000000828e+00,2.776036225703337919e-03,-1.429835552968685732e-02,3.345395209361348710e-03,0.000000000000000000e+00
1.184000000000000830e+00,2.747731093926990102e-03,-1.415256588817400546e-02,3.311283348312432651e-03,0.000000000000000000e+00
1.186000000000000831e+00,2.719714568414378746e-03,-1.400826275630558809e-02,3.277519313869547979e-03,0.000000000000000000e+00
1.188000000000000833e+00,2.691983706459798002e-03,-1.386543097729046187e-02,3.244099559931767907e-03,0.000000000000000000e+00
1.190000000000000835e+00,2.664535595362047850e-03,-1.372405554887498429e-02,3.211020576517967240e-03,0.000000000000000000e+00
1.192000000000000837e+00,2.637367352118512569e-03,-1.358412162176758121e-02,3.178278889400143470e-03,0.000000000000000000e+00
1.194000000000000838e+00,2.610476123122353921e-03,-1.344561449807937271e-02,3.145871059740831810e-03,0.000000000000000000e+00
1.196000000000000840e+00,2.583859083862792561e-03,-1.330851962978068896e-02,3.113793683733809270e-03,0.000000000000000000e+00
1.198000000000000842e+00,2.557513438628446038e-03,-1.317282261717330101e-02,3.082043392248559610e-03,0.000000000000000000e+00
1.200000000000000844e+00,2.531436420213689555e-03,-1.303850920737823459e-02,3.050616850478291009e-03,0.000000000000000000e+00
1.202000000000000846e+00,2.505625289628011718e-03,-1.290556529283897434e-02,3.019510757591326033e-03,0.000000000000000000e+00
1.204000000000000847e+00,2.480077335808331899e-03,-1.277397690983993889e-02,2.988721846386238612e-03,0.000000000000000000e+00
1.206000000000000849e+00,2.454789875334251886e-03,-1.264373023704003576e-02,2.958246882950210654e-03,0.000000000000000000e+00
1.208000000000000851e+00,2.429760252146209720e-03,-1.251481159402116974e-02,2.928082666320969141e-03,0.000000000000000000e+00
1.210000000000000853e+00,2.404985837266506669e-03,-1.238720743985153964e-02,2.898226028152053879e-03,0.000000000000000000e+00
1.212000000000000854e+00,2.380464028523179582e-03,-1.226090437166356927e-02,2.868673832381374300e-03,0.000000000000000000e+00
1.214000000000000856e+00,2.356192250276686970e-03,-1.213588912324634582e-02,2.839422974903291208e-03,0.000000000000000000e+00
1.216000000000000858e+00,2.332167953149382345e-03,-1.201214856365238198e-02,2.810470383243765524e-03,0.000000000000000000e+00
1.218000000000000860e+00,2.308388613757745341e-03,-1.188966969581859399e-02,2.781813016238934844e-03,0.000000000000000000e+00
1.220000000000000862e+00,2.284851734447342856e-03,-1.176843965520132408e-02,2.753447863716881883e-03,0.000000000000000000e+00
1.222000000000000863e+00,2.261554843030492458e-03,-1.164844570842527363e-02,2.725371946182497673e-03,0.000000000000000000e+00
1.224000000000000865e+00,2.238495492526599868e-03,-1.152967525194621354e-02,2.697582314505717060e-03,0.000000000000000000e+00
1.226000000000000867e+00,2.215671260905145365e-03,-1.141211581072731386e-02,2.670076049612696290e-03,0.000000000000000000e+00
1.228000000000000869e+00,2.193079750831287457e-03,-1.129575503692896790e-02,2.642850262180251875e-03,0.000000000000000000e+00
1.230000000000000870e+00,2.170718589414063430e-03,-1.118058070861197191e-02,2.615902092333241558e-03,0.000000000000000000e+00
1.232000000000000872e+00,2.148585427957155555e-03,-1.106658072845391645e-02,2.589228709345109403e-03,0.000000000000000000e+00
1.234000000000000874e+00,2.126677941712198233e-03,-1.095374312247866973e-02,2.562827311341428493e-03,0.000000000000000000e+00
1.236000000000000876e+00,2.104993829634600484e-03,-1.084205603879879500e-02,2.536695125006344087e-03,0.000000000000000000e+00
1.238000000000000878e+00,2.083530814141859068e-03,-1.073150774637080494e-02,2.510829405292083760e-03,0.000000000000000000e+00
1.240000000000000879e+00,2.062286640874332749e-03,-1.062208663376308648e-02,2.485227435131381890e-03,0.000000000000000000e+00
1.242000000000000881e+00,2.041259078458459910e-03,-1.051378120793639188e-02,2.459886525152735204e-03,0.000000000000000000e+00
1.244000000000000883e+00,2.020445918272386569e-03,-1.040658009303676093e-02,2.434804013398628175e-03,0.000000000000000000e+00
1.246000000000000885e+00,1.999844974213985278e-03,-1.030047202920074054e-02,2.409977265046520101e-03,0.000000000000000000e+00
1.248000000000000886e+00,1.979454082471239756e-03,-1.019544587137279079e-02,2.385403672132732633e-03,0.000000000000000000e+00
1.250000000000000888e+00,1.959271101294970084e-03,-1.009149058813473693e-02,2.361080653279085118e-03,0.000000000000000000e+00
1.252000000000000890e+00,1.939293910773875725e-03,-9.988595260547157920e-03,2.337005653422236096e-03,0.000000000000000000e+00
1.254000000000000892e+00,1.919520412611870532e-03,-9.886749081002585079e-03,2.313176143545855878e-03,0.000000000000000000e+00
1.256000000000000894e+00,1.899948529907689821e-03,-9.785941352090389220e-03,2.289589620415519167e-03,0.000000000000000000e+00
1.258000000000000895e+00,1.880576206936743254e-03,-9.686161485473240157e-03,2.266243606316192816e-03,0.000000000000000000e+00
1.260000000000000897e+00,1.861401408935193158e-03,-9.587399000775013655e-03,2.243135648792388137e-03,0.000000000000000000e+00
1.262000000000000899e+00,1.842422121886233121e-03,-9.489643524480043460e-03,2.220263320391019368e-03,0.000000000000000000e+00
1.264000000000000901e+00,1.823636352308545842e-03,-9.392884788843586588e-03,2.197624218406857288e-03,0.000000000000000000e+00
1.266000000000000902e+00,1.805042127046918967e-03,-9.297112630813399517e-03,2.175215964630439203e-03,0.000000000000000000e+00
1.268000000000000904e+00,1.786637493064994423e-03,-9.202316990962303850e-03,2.153036205098657341e-03,0.000000000000000000e+00
1.270000000000000906e+00,1.768420517240131083e-03,-9.108487912431639105e-03,2.131082609847873011e-03,0.000000000000000000e+00
1.272000000000000908e+00,1.750389286160360146e-03,-9.015615539885481200e-03,2.109352872669445489e-03,0.000000000000000000e+00
1.274000000000000909e+00,1.732541905923409191e-03,-8.923690118475522542e-03,2.087844710867814424e-03,0.000000000000000000e+00
1.276000000000000911e+00,1.714876501937776226e-03,-8.832701992816506184e-03,2.066555865020996974e-03,0.000000000000000000e+00
1.278000000000000913e+00,1.697391218725832068e-03,-8.742641605972104740e-03,2.045484098743555190e-03,0.000000000000000000e+00
1.280000000000000915e+00,1.680084219728929804e-03,-8.653499498451133060e-03,2.024627198451867116e-03,0.000000000000000000e+00
1.282000000000000917e+00,1.662953687114501799e-03,-8.565266307213999231e-03,2.003982973131923639e-03,0.000000000000000000e+00
1.284000000000000918e+00,1.645997821585123240e-03,-8.477932764689288109e-03,1.983549254109373550e-03,0.000000000000000000e+00
1.286000000000000920e+00,1.629214842189522471e-03,-8.391489697800354197e-03,1.963323894821927817e-03,0.000000000000000000e+00
1.288000000000000922e+00,1.612602986135518819e-03,-8.305928027001857963e-03,1.943304770594109221e-03,0.000000000000000000e+00
1.290000000000000924e+00,1.596160508604866669e-03,-8.221238765326112016e-03,1.923489778414236295e-03,0.000000000000000000e+00
1.292000000000000925e+00,1.579885682569988434e-03,-8.137413017439150409e-03,1.903876836713669363e-03,0.000000000000000000e+00
1.294000000000000927e+00,1.563776798612575604e-03,-8.054441978706425656e-03,1.884463885148388029e-03,0.000000000000000000e+00
1.296000000000000929e+00,1.547832164744039445e-03,-7.972316934268031119e-03,1.865248884382671168e-03,0.000000000000000000e+00
1.298000000000000931e+00,1.532050106227792700e-03,-7.891029258123344672e-03,1.846229815875052860e-03,0.000000000000000000e+00
1.300000000000000933e+00,1.516428965403342774e-03,-7.810570412225010389e-03,1.827404681666373876e-03,0.000000000000000000e+00
1.302000000000000934e+00,1.500967101512178407e-03,-7.730931945582155893e-03,1.808771504170109123e-03,0.000000000000000000e+00
1.304000000000000936e+00,1.485662890525432916e-03,-7.652105493372751699e-03,1.790328325964693490e-03,0.000000000000000000e+00
1.306000000000000938e+00,1.470514724973302767e-03,-7.574082776065021484e-03,1.772073209588061193e-03,0.000000000000000000e+00
1.308000000000000940e+00,1.455521013776207156e-03,-7.496855598547806990e-03,1.754004237334169658e-03,0.000000000000000000e+00
1.310000000000000941e+00,1.440680182077667569e-03,-7.420415849269800836e-03,1.736119511051702202e-03,0.000000000000000000e+00
1.312000000000000943e+00,1.425990671078892352e-03,-7.344755499387557902e-03,1.718417151944769128e-03,0.000000000000000000e+00
1.314000000000000945e+00,1.411450937875047881e-03,-7.269866601922187269e-03,1.700895300375579455e-03,0.000000000000000000e+00
1.316000000000000947e+00,1.397059455293198516e-03,-7.195741290924646642e-03,1.683552115669235960e-03,0.000000000000000000e+00
1.318000000000000949e+00,1.382814711731899333e-03,-7.122371780649543009e-03,1.666385775920369017e-03,0.000000000000000000e+00
1.320000000000000950e+00,1.368715211002424683e-03,-7.049750364737362301e-03,1.649394477801907621e-03,0.000000000000000000e+00
1.322000000000000952e+00,1.354759472171614609e-03,-6.977869415405030078e-03,1.632576436375654527e-03,0.000000000000000000e+00
1.324000000000000954e+00,1.340946029406325226e-03,-6.906721382644729484e-03,1.615929884904825087e-03,0.000000000000000000e+00
1.326000000000000956e+00,1.327273431819463558e-03,-6.836298793430886298e-03,1.599453074668549801e-03,0.000000000000000000e+00
1.328000000000000957e+00,1.313740243317593160e-03,-6.766594250935239509e-03,1.583144274778187921e-03,0.000000000000000000e+00
1.330000000000000959e+00,1.300345042450093413e-03,-6.697600433749913325e-03,1.567001771995570059e-03,0.000000000000000000e+00
1.332000000000000961e+00,1.287086422259856641e-03,-6.629310095118411648e-03,1.551023870553024098e-03,0.000000000000000000e+00
1.334000000000000963e+00,1.273962990135507666e-03,-6.561716062174453509e-03,1.535208891975323175e-03,0.000000000000000000e+00
1.336000000000000965e+00,1.260973367665130631e-03,-6.494811235188568781e-03,1.519555174903326755e-03,0.000000000000000000e+00
1.338000000000000966e+00,1.248116190491485936e-03,-6.428588586822374384e-03,1.504061074919557650e-03,0.000000000000000000e+00
1.340000000000000968e+00,1.235390108168704952e-03,-6.363041161390455523e-03,1.488724964375444382e-03,0.000000000000000000e+00
1.342000000000000970e+00,1.222793784020445368e-03,-6.298162074129770409e-03,1.473545232220346834e-03,0.000000000000000000e+00
1.344000000000000972e+00,1.210325894999492429e-03,-6.233944510476505628e-03,1.458520283832344389e-03,0.000000000000000000e+00
1.346000000000000973e+00,1.197985131548791760e-03,-6.170381725350303215e-03,1.443648540850758777e-03,0.000000000000000000e+00
1.348000000000000975e+00,1.185770197463900102e-03,-6.107467042445790043e-03,1.428928441010314521e-03,0.000000000000000000e+00
1.350000000000000977e+00,1.173679809756837493e-03,-6.045193853531322797e-03,1.414358437977082661e-03,0.000000000000000000e+00
1.352000000000000979e+00,1.161712698521327660e-03,-5.983555617754889554e-03,1.399937001186006558e-03,0.000000000000000000e+00
1.354000000000000981e+00,1.149867606799413397e-03,-5.922545860957085552e-03,1.385662615680148535e-03,0.000000000000000000e+00
1.356000000000000982e+00,1.138143290449431314e-03,-5.862158174991095524e-03,1.371533781951511655e-03,0.000000000000000000e+00
1.358000000000000984e+00,1.126538518015332080e-03,-5.802386217049606242e-03,1.357549015783568458e-03,0.000000000000000000e+00
1.360000000000000986e+00,1.115052070597334893e-03,-5.743223708998586828e-03,1.343706848095295447e-03,0.000000000000000000e+00
1.362000000000000988e+00,1.103682741723899241e-03,-5.684664436717854451e-03,1.330005824786865964e-03,0.000000000000000000e+00
1.364000000000000989e+00,1.092429337225002493e-03,-5.626702249448373334e-03,1.316444506586890439e-03,0.000000000000000000e+00
1.366000000000000991e+00,1.081290675106710061e-03,-5.569331059146200372e-03,1.303021468901197077e-03,0.000000000000000000e+00
1.368000000000000993e+00,1.070265585427024064e-03,-5.512544839843020947e-03,1.289735301663208489e-03,0.000000000000000000e+00
1.370000000000000995e+00,1.059352910172997684e-03,-5.456337627013206452e-03,1.276584609185747732e-03,0.000000000000000000e+00
1.372000000000000997e+00,1.048551503139103077e-03,-5.400703516947324111e-03,1.263568010014468057e-03,0.000000000000000000e+00
1.374000000000000998e+00,1.037860229806838964e-03,-5.345636666132032311e-03,1.250684136782698186e-03,0.000000000000000000e+00
1.376000000000001000e+00,1.027277967225566401e-03,-5.291131290636301616e-03,1.237931636067758634e-03,0.000000000000000000e+00
1.378000000000001002e+00,1.016803603894558643e-03,-5.237181665503893788e-03,1.225309168248804592e-03,0.000000000000000000e+00
1.380000000000001004e+00,1.006436039646254471e-03,-5.183782124152033766e-03,1.212815407366091280e-03,0.000000000000000000e+00
1.382000000000001005e+00,9.961741855307019739e-04,-5.130927057776213038e-03,1.200449040981627080e-03,0.000000000000000000e+00
1.384000000000001007e+00,9.860169637011797703e-04,-5.078610914761062800e-03,1.188208770041311590e-03,0.000000000000000000e+00
1.386000000000001009e+00,9.759633073009852701e-04,-5.026828200097231865e-03,1.176093308738447585e-03,0.000000000000000000e+00
1.388000000000001011e+00,9.660121603513768503e-04,-4.975573474804215537e-03,1.164101384378647686e-03,0.000000000000000000e+00
1.390000000000001013e+00,9.561624776406587797e-04,-4.924841355359060001e-03,1.152231737246128818e-03,0.000000000000000000e+00
1.392000000000001014e+00,9.464132246143969673e-04,-4.874626513130903178e-03,1.140483120471345868e-03,0.000000000000000000e+00
1.394000000000001016e+00,9.367633772667544739e-04,-4.824923673821270541e-03,1.128854299899985369e-03,0.000000000000000000e+00
1.396000000000001018e+00,9.272119220329343202e-04,-4.775727616910085960e-03,1.117344053963312267e-03,0.000000000000000000e+00
1.398000000000001020e+00,9.177578556827197236e-04,-4.727033175107325617e-03,1.105951173549814259e-03,0.000000000000000000e+00
1.400000000000001021e+00,9.084001852150991882e-04,-4.678835233810266399e-03,1.094674461878164529e-03,0.000000000000000000e+00
1.402000000000001023e+00,8.991379277539666894e-04,-4.631128730566267185e-03,1.083512734371468167e-03,0.000000000000000000e+00
1.404000000000001025e+00,8.899701104448845936e-04,-4.583908654541027534e-03,1.072464818532833930e-03,0.000000000000000000e+00
1.406000000000001027e+00,8.808957703529000970e-04,-4.537170045992269113e-03,1.061529553822146421e-03,0.000000000000000000e+00
1.408000000000001029e+00,8.719139543614024988e-04,-4.490907995748780017e-03,1.050705791534142786e-03,0.000000000000000000e+00
1.410000000000001030e+00,8.630237190720129598e-04,-4.445117644694777763e-03,1.039992394677703713e-03,0.000000000000000000e+00
1.412000000000001032e+00,8.542241307054939531e-04,-4.399794183259524150e-03,1.029388237856435073e-03,0.000000000000000000e+00
1.414000000000001034e+00,8.455142650036696255e-04,-4.354932850912145159e-03,1.018892207150373652e-03,0.000000000000000000e+00
1.416000000000001036e+00,8.368932071323464429e-04,-4.310528935661603854e-03,1.008503199998976585e-03,0.000000000000000000e+00
1.418000000000001037e+00,8.283600515852229543e-04,-4.266577773561769024e-03,9.982201250852348884e-04,0.000000000000000000e+00
1.420000000000001039e+00,8.199139020887798905e-04,-4.223074748221534482e-03,9.880419022210776281e-04,0.000000000000000000e+00
1.422000000000001041e+00,8.115538715081400825e-04,-4.180015290319927419e-03,9.779674622338169199e-04,0.000000000000000000e+00
1.424000000000001043e+00,8.032790817538877897e-04,-4.137394877126166805e-03,9.679957468538211152e-04,0.000000000000000000e+00
1.426000000000001044e+00,7.950886636898385484e-04,-4.095209032024611957e-03,9.581257086033537207e-04,0.000000000000000000e+00
1.428000000000001046e+00,7.869817570417494577e-04,-4.053453324044555342e-03,9.483563106864670300e-04,0.000000000000000000e+00
1.430000000000001048e+00,7.789575103069598183e-04,-4.012123367394809272e-03,9.386865268800823059e-04,0.000000000000000000e+00
1.432000000000001050e+00,7.710150806649537780e-04,-3.971214821003042281e-03,9.291153414261871246e-04,0.000000000000000000e+00
1.434000000000001052e+00,7.631536338888341396e-04,-3.930723388059805326e-03,9.196417489250770239e-04,0.000000000000000000e+00
1.436000000000001053e+00,7.553723442576997437e-04,-3.890644815567213984e-03,9.102647542297212513e-04,0.000000000000000000e+00
1.438000000000001055e+00,7.476703944699152581e-04,-3.850974893892229831e-03,9.009833723412283280e-04,0.000000000000000000e+00
1.440000000000001057e+00,7.400469755572662177e-04,-3.811709456324495482e-03,8.917966283053142817e-04,0.000000000000000000e+00
1.442000000000001059e+00,7.325012867999889082e-04,-3.772844378638679462e-03,8.827035571098776345e-04,0.000000000000000000e+00
1.444000000000001060e+00,7.250325356426663096e-04,-3.734375578661284535e-03,8.737032035836256316e-04,0.000000000000000000e+00
1.446000000000001062e+00,7.176399376109826199e-04,-3.696299015841871330e-03,8.647946222956649776e-04,0.000000000000000000e+00
1.448000000000001064e+00,7.103227162293252990e-04,-3.658610690828653905e-03,8.559768774562201421e-04,0.000000000000000000e+00
1.450000000000001066e+00,7.030801029392284547e-04,-3.621306645048424748e-03,8.472490428182606614e-04,0.000000000000000000e+00
1.452000000000001068e+00,6.959113370186469430e-04,-3.584382960290761078e-03,8.386102015802109066e-04,0.000000000000000000e+00
1.454000000000001069e+00,6.888156655020540291e-04,-3.547835758296470805e-03,8.300594462896035419e-04,0.000000000000000000e+00
1.456000000000001071e+00,6.817923431013536099e-04,-3.511661200350236524e-03,8.215958787477495306e-04,0.000000000000000000e+00
1.458000000000001073e+00,6.748406321275987564e-04,-3.475855486877411134e-03,8.132186099153379533e-04,0.000000000000000000e+00
1.460000000000001075e+00,6.679598024135088808e-04,-3.440414857044925626e-03,8.049267598190489037e-04,0.000000000000000000e+00
1.462000000000001076e+00,6.611491312367763105e-04,-3.405335588366266517e-03,7.967194574590788503e-04,0.000000000000000000e+00
1.464000000000001078e+00,6.544079032441553305e-04,-3.370613996310480032e-03,7.885958407176270335e-04,0.000000000000000000e+00
1.466000000000001080e+00,6.477354103763250217e-04,-3.336246433915164827e-03,7.805550562683186144e-04,0.000000000000000000e+00
1.468000000000001082e+00,6.411309517935181957e-04,-3.302229291403408623e-03,7.725962594865402877e-04,0.000000000000000000e+00
1.470000000000001084e+00,6.345938338019089468e-04,-3.268558995804631863e-03,7.647186143606987674e-04,0.000000000000000000e+00
1.472000000000001085e+00,6.281233697807503619e-04,-3.235232010579298500e-03,7.569212934043743901e-04,0.000000000000000000e+00
1.474000000000001087e+00,6.217188801102554530e-04,-3.202244835247450121e-03,7.492034775693837134e-04,0.000000000000000000e+00
1.476000000000001089e+00,6.153796921002133938e-04,-3.169594005021032172e-03,7.415643561597233535e-04,0.000000000000000000e+00
1.478000000000001091e+00,6.091051399193334742e-04,-3.137276090439964586e-03,7.340031267463777154e-04,0.000000000000000000e+00
1.480000000000001092e+00,6.028945645253096144e-04,-3.105287697011927320e-03,7.265189950830322485e-04,0.000000000000000000e+00
1.482000000000001094e+00,5.967473135955979596e-04,-3.073625464855815267e-03,7.191111750226020227e-04,0.000000000000000000e+00
1.484000000000001096e+00,5.906627414589002900e-04,-3.042286068348830884e-03,7.117788884346346046e-04,0.000000000000000000e+00
1.486000000000001098e+00,5.846402090273459824e-04,-3.011266215777174630e-03,7.045213651235594787e-04,0.000000000000000000e+00
1.488000000000001100e+00,5.786790837293653671e-04,-2.980562648990297669e-03,6.973378427477666675e-04,0.000000000000000000e+00
1.490000000000001101e+00,5.727787394432479759e-04,-2.950172143058677789e-03,6.902275667395041392e-04,0.000000000000000000e+00
1.492000000000001103e+00,5.669385564313777657e-04,-2.920091505935087754e-03,6.831897902255905375e-04,0.000000000000000000e+00
1.494000000000001105e+00,5.611579212751391377e-04,-2.890317578119315760e-03,6.762237739489605770e-04,0.000000000000000000e+00
1.496000000000001107e+00,5.554362268104864886e-04,-2.860847232326304158e-03,6.693287861909737180e-04,0.000000000000000000e+00
1.498000000000001108e+00,5.497728720641711139e-04,-2.831677373157673924e-03,6.625041026945450995e-04,0.000000000000000000e+00
1.500000000000001110e+00,5.441672621906178727e-04,-2.802804936776596284e-03,6.557490065880536290e-04,0.000000000000000000e+00
1.502000000000001112e+00,5.386188084094458697e-04,-2.774226890585981126e-03,6.490627883100133499e-04,0.000000000000000000e+00
1.504000000000001114e+00,5.331269279436259964e-04,-2.745940232909944902e-03,6.424447455345184965e-04,0.000000000000000000e+00
1.506000000000001116e+00,5.276910439582689367e-04,-2.717941992678528547e-03,6.358941830974726428e-04,0.000000000000000000e+00
1.508000000000001117e+00,5.223105855000376727e-04,-2.690229229115628957e-03,6.294104129235256195e-04,0.000000000000000000e+00
1.510000000000001119e+00,5.169849874371774436e-04,-2.662799031430112835e-03,6.229927539538049341e-04,0.000000000000000000e+00
1.512000000000001121e+00,5.117136904001573028e-04,-2.635648518510079041e-03,6.166405320743410801e-04,0.000000000000000000e+00
1.514000000000001123e+00,5.064961407229167691e-04,-2.608774838620239993e-03,6.103530800452491856e-04,0.000000000000000000e+00
1.516000000000001124e+00,5.013317903847120402e-04,-2.582175169102387396e-03,6.041297374306184298e-04,0.000000000000000000e+00
1.518000000000001126e+00,4.962200969525541825e-04,-2.555846716078913686e-03,5.979698505291439203e-04,0.000000000000000000e+00
1.520000000000001128e+00,4.911605235242354987e-04,-2.529786714159354064e-03,5.918727723054142964e-04,0.000000000000000000e+00
1.522000000000001130e+00,4.861525386719356737e-04,-2.503992426149923099e-03,5.858378623219591408e-04,0.000000000000000000e+00
1.524000000000001132e+00,4.811956163864036318e-04,-2.478461142766012065e-03,5.798644866719521174e-04,0.000000000000000000e+00
1.526000000000001133e+00,4.762892360217083824e-04,-2.453190182347617532e-03,5.739520179126045285e-04,0.000000000000000000e+00
1.528000000000001135e+00,4.714328822405530555e-04,-2.428176890577671710e-03,5.680998349992527618e-04,0.000000000000000000e+00
1.530000000000001137e+00,4.666260449601465415e-04,-2.403418640203245499e-03,5.623073232201014626e-04,0.000000000000000000e+00
1.532000000000001139e+00,4.618682192986273702e-04,-2.378912830759593016e-03,5.565738741316501870e-04,0.000000000000000000e+00
1.534000000000001140e+00,4.571589055220333223e-04,-2.354656888297011145e-03,5.508988854947549640e-04,0.000000000000000000e+00
1.536000000000001142e+00,4.524976089918123293e-04,-2.330648265110483314e-03,5.452817612113733392e-04,0.000000000000000000e+00
1.538000000000001144e+00,4.478838401128681554e-04,-2.306884439472080620e-03,5.397219112619200398e-04,0.000000000000000000e+00
1.540000000000001146e+00,4.433171142821359847e-04,-2.283362915366090370e-03,5.342187516432818362e-04,0.000000000000000000e+00
1.542000000000001148e+00,4.387969518376822723e-04,-2.260081222226846889e-03,5.287717043074846579e-04,0.000000000000000000e+00
1.544000000000001149e+00,4.343228780083238216e-04,-2.237036914679233802e-03,5.233801971009158227e-04,0.000000000000000000e+00
1.546000000000001151e+00,4.298944228637601762e-04,-2.214227572281833936e-03,5.180436637042644399e-04,0.000000000000000000e+00
1.548000000000001153e+00,4.255111212652147742e-04,-2.191650799272696921e-03,5.127615435729857007e-04,0.000000000000000000e+00
1.550000000000001155e+00,4.211725128165793881e-04,-2.169304224317700203e-03,5.075332818784278333e-04,0.000000000000000000e+00
1.552000000000001156e+00,4.168781418160564319e-04,-2.147185500261473978e-03,5.023583294495349849e-04,0.000000000000000000e+00
1.554000000000001158e+00,4.126275572082946873e-04,-2.125292303880868799e-03,4.972361427151641977e-04,0.000000000000000000e+00
1.556000000000001160e+00,4.084203125370128133e-04,-2.103622335640933320e-03,4.921661836469540252e-04,0.000000000000000000e+00
1.558000000000001162e+00,4.042559658981060297e-04,-2.082173319453383114e-03,4.871479197028245889e-04,0.000000000000000000e+00
1.560000000000001164e+00,4.001340798932309889e-04,-2.060943002437531056e-03,4.821808237710084599e-04,0.000000000000000000e+00
1.562000000000001165e+00,3.960542215838636841e-04,-2.039929154683654995e-03,4.772643741146921637e-04,0.000000000000000000e+00
1.564000000000001167e+00,3.920159624458261134e-04,-2.019129569018778859e-03,4.723980543171850399e-04,0.000000000000000000e+00
1.566000000000001169e+00,3.880188783242764393e-04,-1.998542060774842477e-03,4.675813532276813789e-04,0.000000000000000000e+00
1.568000000000001171e+00,3.840625493891579832e-04,-1.978164467559232788e-03,4.628137649075429738e-04,0.000000000000000000e+00
1.570000000000001172e+00,3.801465600911026633e-04,-1.957994649027658667e-03,4.580947885771628064e-04,0.000000000000000000e+00
1.572000000000001174e+00,3.762704991177839961e-04,-1.938030486659337919e-03,4.534239285633439448e-04,0.000000000000000000e+00
1.574000000000001176e+00,3.724339593507150557e-04,-1.918269883534478876e-03,4.488006942472283489e-04,0.000000000000000000e+00
1.576000000000001178e+00,3.686365378224869976e-04,-1.898710764114029930e-03,4.442246000127599709e-04,0.000000000000000000e+00
1.578000000000001180e+00,3.648778356744436491e-04,-1.879351074021674882e-03,4.396951651956526597e-04,0.000000000000000000e+00
1.580000000000001181e+00,3.611574581147875582e-04,-1.860188779828051558e-03,4.352119140329097080e-04,0.000000000000000000e+00
1.582000000000001183e+00,3.574750143771132172e-04,-1.841221868837170051e-03,4.307743756128325913e-04,0.000000000000000000e+00
1.584000000000001185e+00,3.538301176793631807e-04,-1.822448348875009344e-03,4.263820838255483886e-04,0.000000000000000000e+00
1.586000000000001187e+00,3.502223851832026304e-04,-1.803866248080268891e-03,4.220345773140454781e-04,0.000000000000000000e+00
1.588000000000001188e+00,3.466514379538081052e-04,-1.785473614697254130e-03,4.177313994257088325e-04,0.000000000000000000e+00
1.590000000000001190e+00,3.431169009200663316e-04,-1.767268516870873583e-03,4.134720981643358328e-04,0.000000000000000000e+00
1.592000000000001192e+00,3.396184028351788699e-04,-1.749249042443726948e-03,4.092562261426603565e-04,0.000000000000000000e+00
1.594000000000001194e+00,3.361555762376683496e-04,-1.731413298755260987e-03,4.050833405353539141e-04,0.000000000000000000e+00
1.596000000000001195e+00,3.327280574127823901e-04,-1.713759412442974117e-03,4.009530030324968963e-04,0.000000000000000000e+00
1.598000000000001197e+00,3.293354863542910863e-04,-1.696285529245647808e-03,3.968647797935390131e-04,0.000000000000000000e+00
1.600000000000001199e+00,3.259775067266739400e-04,-1.678989813808584412e-03,3.928182414017176993e-04,0.000000000000000000e+00
1.602000000000001201e+00,3.226537658276922797e-04,-1.661870449490830378e-03,3.888129628189518350e-04,0.000000000000000000e+00
1.604000000000001203e+00,3.193639145513435355e-04,-1.644925638174365773e-03,3.848485233411847589e-04,0.000000000000000000e+00
1.606000000000001204e+00,3.161076073511930344e-04,-1.628153600075239087e-03,3.809245065541904535e-04,0.000000000000000000e+00
1.608000000000001206e+00,3.128845022040797896e-04,-1.611552573556627576e-03,3.770405002898290225e-04,0.000000000000000000e+00
1.610000000000001208e+00,3.096942605741921672e-04,-1.595120814943803847e-03,3.731960965827445242e-04,0.000000000000000000e+00
1.612000000000001210e+00,3.065365473775101741e-04,-1.578856598340989178e-03,3.693908916275068927e-04,0.000000000000000000e+00
1.614000000000001211e+00,3.034110309466100334e-04,-1.562758215450074260e-03,3.656244857361927447e-04,0.000000000000000000e+00
1.616000000000001213e+00,3.003173829958276299e-04,-1.546823975391188512e-03,3.618964832964033373e-04,0.000000000000000000e+00
1.618000000000001215e+00,2.972552785867774118e-04,-1.531052204525098224e-03,3.582064927296884499e-04,0.000000000000000000e+00
1.620000000000001217e+00,2.942243960942225733e-04,-1.515441246277416613e-03,3.545541264504299683e-04,0.000000000000000000e+00
1.622000000000001219e+00,2.912244171722933755e-04,-1.499989460964605429e-03,3.509390008251088433e-04,0.000000000000000000e+00
1.624000000000001220e+00,2.882550267210498627e-04,-1.484695225621751385e-03,3.473607361320161374e-04,0.000000000000000000e+00
1.626000000000001222e+00,2.853159128533856704e-04,-1.469556933832097921e-03,3.438189565213561200e-04,0.000000000000000000e+00
1.628000000000001224e+00,2.824067668622690184e-04,-1.454572995558315587e-03,3.403132899757639607e-04,0.000000000000000000e+00
1.630000000000001226e+00,2.795272831883180193e-04,-1.439741836975493277e-03,3.368433682712258792e-04,0.000000000000000000e+00
1.632000000000001227e+00,2.766771593877063421e-04,-1.425061900305831441e-03,3.334088269383982811e-04,0.000000000000000000e+00
1.634000000000001229e+00,2.738560961003963057e-04,-1.410531643655020800e-03,3.300093052243137370e-04,0.000000000000000000e+00
1.636000000000001231e+00,2.710637970186957147e-04,-1.396149540850290943e-03,3.266444460544998263e-04,0.000000000000000000e+00
1.638000000000001233e+00,2.682999688561355108e-04,-1.381914081280108007e-03,3.233138959954431901e-04,0.000000000000000000e+00
1.640000000000001235e+00,2.655643213166644992e-04,-1.367823769735508621e-03,3.200173052174890009e-04,0.000000000000000000e+00
1.642000000000001236e+00,2.628565670641583849e-04,-1.353877126253050841e-03,3.167543274580717633e-04,0.000000000000000000e+00
1.644000000000001238e+00,2.601764216922396503e-04,-1.340072685959366443e-03,3.135246199853451016e-04,0.000000000000000000e+00
1.646000000000001240e+00,2.575236036944050745e-04,-1.326408998917298762e-03,3.103278435621862480e-04,0.000000000000000000e+00
1.648000000000001242e+00,2.548978344344578597e-04,-1.312884629973608708e-03,3.071636624105561486e-04,0.000000000000000000e+00
1.650000000000001243e+00,2.522988381172413825e-04,-1.299498158608233594e-03,3.040317441762134532e-04,0.000000000000000000e+00
1.652000000000001245e+00,2.497263417596712093e-04,-1.286248178785083561e-03,3.009317598938205524e-04,0.000000000000000000e+00
1.654000000000001247e+00,2.471800751620625023e-04,-1.273133298804359154e-03,2.978633839523740084e-04,0.000000000000000000e+00
1.656000000000001249e+00,2.446597708797497266e-04,-1.260152141156374410e-03,2.948262940610062166e-04,0.000000000000000000e+00
1.658000000000001251e+00,2.421651641949959749e-04,-1.247303342376870515e-03,2.918201712151253374e-04,0.000000000000000000e+00
1.660000000000001252e+00,2.396959930891883589e-04,-1.234585552903804621e-03,2.888446996629021740e-04,0.000000000000000000e+00
1.662000000000001254e+00,2.372519982153171634e-04,-1.221997436935599955e-03,2.858995668721126676e-04,0.000000000000000000e+00
1.664000000000001256e+00,2.348329228707354832e-04,-1.209537672290839213e-03,2.829844634972943779e-04,0.000000000000000000e+00
1.666000000000001258e+00,2.324385129701967150e-04,-1.197204950269390410e-03,2.800990833472551123e-04,0.000000000000000000e+00
1.668000000000001259e+00,2.300685170191668117e-04,-1.184997975514948251e-03,2.772431233529128874e-04,0.000000000000000000e+00
1.670000000000001261e+00,2.277226860874088628e-04,-1.172915465878976091e-03,2.744162835354550800e-04,0.000000000000000000e+00
1.672000000000001263e+00,2.254007737828367993e-04,-1.160956152286036743e-03,2.716182669748219702e-04,0.000000000000000000e+00
1.674000000000001265e+00,2.231025362256358136e-04,-1.149118778600495463e-03,2.688487797785320266e-04,0.000000000000000000e+00
1.676000000000001267e+00,2.208277320226466464e-04,-1.137402101494581867e-03,2.661075310507882152e-04,0.000000000000000000e+00
1.678000000000001268e+00,2.185761222420110582e-04,-1.125804890317797999e-03,2.633942328619416628e-04,0.000000000000000000e+00
1.680000000000001270e+00,2.163474703880757474e-04,-1.114325926967657358e-03,2.607086002182294054e-04,0.000000000000000000e+00
1.682000000000001272e+00,2.141415423765522755e-04,-1.102964005761741893e-03,2.580503510318434696e-04,0.000000000000000000e+00
1.684000000000001274e+00,2.119581065099301539e-04,-1.091717933311063928e-03,2.554192060913052648e-04,0.000000000000000000e+00
1.686000000000001275e+00,2.097969334531407063e-04,-1.080586528394718738e-03,2.528148890321210013e-04,0.000000000000000000e+00
1.688000000000001277e+00,2.076577962094690777e-04,-1.069568621835815820e-03,2.502371263077632357e-04,0.000000000000000000e+00
1.690000000000001279e+00,2.055404700967117346e-04,-1.058663056378675218e-03,2.476856471609317073e-04,0.000000000000000000e+00
1.692000000000001281e+00,2.034447327235771783e-04,-1.047868686567275014e-03,2.451601835951125463e-04,0.000000000000000000e+00
1.694000000000001283e+00,2.013703639663272967e-04,-1.037184378624939583e-03,2.426604703464254470e-04,0.000000000000000000e+00
1.696000000000001284e+00,1.993171459456567806e-04,-1.026609010335253645e-03,2.401862448557588042e-04,0.000000000000000000e+00
1.698000000000001286e+00,1.972848630038084069e-04,-1.016141470924190621e-03,2.377372472411893450e-04,0.000000000000000000e+00
1.700000000000001288e+00,1.952733016819215082e-04,-1.005780660943443377e-03,2.353132202706862547e-04,0.000000000000000000e+00
1.702000000000001290e+00,1.932822506976116200e-04,-9.955254921549443279e-04,2.329139093350893891e-04,0.000000000000000000e+00
1.704000000000001291e+00,1.913115009227784886e-04,-9.853748874165623416e-04,2.305390624213589715e-04,0.000000000000000000e+00
1.706000000000001293e+00,1.893608453616405689e-04,-9.753277805689664591e-04,2.281884300861089163e-04,0.000000000000000000e+00
1.708000000000001295e+00,1.874300791289932743e-04,-9.653831163236417960e-04,2.258617654294038310e-04,0.000000000000000000e+00
1.710000000000001297e+00,1.855189994286891896e-04,-9.555398501520480847e-04,2.235588240688170941e-04,0.000000000000000000e+00
1.712000000000001299e+00,1.836274055323373748e-04,-9.457969481759083896e-04,2.212793641137725600e-04,0.000000000000000000e+00
1.714000000000001300e+00,1.817550987582201318e-04,-9.361533870586159593e-04,2.190231461401221866e-04,0.000000000000000000e+00
1.716000000000001302e+00,1.799018824504246337e-04,-9.266081538977488088e-04,2.167899331650046876e-04,0.000000000000000000e+00
1.718000000000001304e+00,1.780675619581872742e-04,-9.171602461186802125e-04,2.145794906219505166e-04,0.000000000000000000e+00
1.720000000000001306e+00,1.762519446154487313e-04,-9.078086713692736171e-04,2.123915863362401193e-04,0.000000000000000000e+00
1.722000000000001307e+00,1.744548397206174156e-04,-8.985524474156516726e-04,2.102259905005171917e-04,0.000000000000000000e+00
1.724000000000001309e+00,1.726760585165393498e-04,-8.893906020390277825e-04,2.080824756506482673e-04,0.000000000000000000e+00
1.726000000000001311e+00,1.709154141706721770e-04,-8.803221729335897628e-04,2.059608166418312389e-04,0.000000000000000000e+00
1.728000000000001313e+00,1.691727217554613179e-04,-8.713462076054245527e-04,2.038607906249432708e-04,0.000000000000000000e+00
1.730000000000001315e+00,1.674477982289163808e-04,-8.624617632724735673e-04,2.017821770231333078e-04,0.000000000000000000e+00
1.732000000000001316e+00,1.657404624153853564e-04,-8.536679067655083934e-04,1.997247575086531085e-04,0.000000000000000000e+00
1.734000000000001318e+00,1.640505349865251355e-04,-8.449637144301155520e-04,1.976883159799189965e-04,0.000000000000000000e+00
1.736000000000001320e+00,1.623778384424657726e-04,-8.363482720296815456e-04,1.956726385388216777e-04,0.000000000000000000e+00
1.738000000000001322e+00,1.607221970931670336e-04,-8.278206746493660482e-04,1.936775134682468258e-04,0.000000000000000000e+00
1.740000000000001323e+00,1.590834370399649221e-04,-8.193800266010549957e-04,1.917027312098428665e-04,0.000000000000000000e+00
1.742000000000001325e+00,1.574613861573063696e-04,-8.110254413292827379e-04,1.897480843420073365e-04,0.000000000000000000e+00
1.744000000000001327e+00,1.558558740746701372e-04,-8.027560413181129492e-04,1.878133675580978892e-04,0.000000000000000000e+00
1.746000000000001329e+00,1.542667321586721940e-04,-7.945709579989695178e-04,1.858983776448688147e-04,0.000000000000000000e+00
1.748000000000001330e+00,1.526937934953533776e-04,-7.864693316594068961e-04,1.840029134611200629e-04,0.000000000000000000e+00
1.750000000000001332e+00,1.511368928726477634e-04,-7.784503113528108047e-04,1.821267759165761183e-04,0.000000000000000000e+00
1.752000000000001334e+00,1.495958667630297107e-04,-7.705130548090197498e-04,1.802697679509695713e-04,0.000000000000000000e+00
1.754000000000001336e+00,1.480705533063379862e-04,-7.626567283458574866e-04,1.784316945133406634e-04,0.000000000000000000e+00
1.756000000000001338e+00,1.465607922927748504e-04,-7.548805067815679733e-04,1.766123625415502024e-04,0.000000000000000000e+00
1.758000000000001339e+00,1.450664251460785626e-04,-7.471835733481429478e-04,1.748115809420006453e-04,0.000000000000000000e+00
1.760000000000001341e+00,1.435872949068674870e-04,-7.395651196055332390e-04,1.730291605695662149e-04,0.000000000000000000e+00
1.762000000000001343e+00,1.421232462161540133e-04,-7.320243453567349193e-04,1.712649142077190406e-04,0.000000000000000000e+00
1.764000000000001345e+00,1.406741252990265274e-04,-7.245604585637407599e-04,1.695186565488652000e-04,0.000000000000000000e+00
1.766000000000001346e+00,1.392397799484978353e-04,-7.171726752643497235e-04,1.677902041748845913e-04,0.000000000000000000e+00
1.768000000000001348e+00,1.378200595095181952e-04,-7.098602194898235435e-04,1.660793755378607572e-04,0.000000000000000000e+00
1.770000000000001350e+00,1.364148148631514409e-04,-7.026223231833835610e-04,1.643859909410110703e-04,0.000000000000000000e+00
1.772000000000001352e+00,1.350238984109123535e-04,-6.954582261195383849e-04,1.627098725198129411e-04,0.000000000000000000e+00
1.774000000000001354e+00,1.336471640592638713e-04,-6.883671758242343539e-04,1.610508442233199791e-04,0.000000000000000000e+00
1.776000000000001355e+00,1.322844672042722410e-04,-6.813484274958196913e-04,1.594087317956681057e-04,0.000000000000000000e+00
1.778000000000001357e+00,1.309356647164186191e-04,-6.744012439268149816e-04,1.577833627577750891e-04,0.000000000000000000e+00
1.780000000000001359e+00,1.296006149255656600e-04,-6.675248954264810779e-04,1.561745663892222247e-04,0.000000000000000000e+00
1.782000000000001361e+00,1.282791776060773022e-04,-6.607186597441766333e-04,1.545821737103207638e-04,0.000000000000000000e+00
1.784000000000001362e+00,1.269712139620903153e-04,-6.539818219934968001e-04,1.530060174643622234e-04,0.000000000000000000e+00
1.786000000000001364e+00,1.256765866129359551e-04,-6.473136745771859409e-04,1.514459321000491063e-04,0.000000000000000000e+00
1.788000000000001366e+00,1.243951595787103168e-04,-6.407135171128155700e-04,1.499017537541121048e-04,0.000000000000000000e+00
1.790000000000001368e+00,1.231267982659918687e-04,-6.341806563592202600e-04,1.483733202340877660e-04,0.000000000000000000e+00
1.792000000000001370e+00,1.218713694537044994e-04,-6.277144061436834913e-04,1.468604710012878442e-04,0.000000000000000000e+00
1.794000000000001371e+00,1.206287412791247641e-04,-6.213140872898661798e-04,1.453630471539386557e-04,0.000000000000000000e+00
1.796000000000001373e+00,1.193987832240318251e-04,-6.149790275464696440e-04,1.438808914104843656e-04,0.000000000000000000e+00
1.798000000000001375e+00,1.181813661009985689e-04,-6.087085615166263957e-04,1.424138480930680836e-04,0.000000000000000000e+00
1.800000000000001377e+00,1.169763620398225456e-04,-6.025020305880107339e-04,1.409617631111838298e-04,0.000000000000000000e+00
1.802000000000001378e+00,1.157836444740952241e-04,-5.963587828636617667e-04,1.395244839454854932e-04,0.000000000000000000e+00
1.804000000000001380e+00,1.146030881279081967e-04,-5.902781730935121414e-04,1.381018596317692623e-04,0.000000000000000000e+00
1.806000000000001382e+00,1.134345690026949624e-04,-5.842595626066143496e-04,1.366937407451165182e-04,0.000000000000000000e+00
1.808000000000001384e+00,1.122779643642068400e-04,-5.783023192440587537e-04,1.352999793841963214e-04,0.000000000000000000e+00
1.810000000000001386e+00,1.111331527296216960e-04,-5.724058172925750943e-04,1.339204291557326981e-04,0.000000000000000000e+00
1.812000000000001387e+00,1.100000138547840774e-04,-5.665694374188114070e-04,1.325549451591280514e-04,0.000000000000000000e+00
1.814000000000001389e+00,1.088784287215755170e-04,-5.607925666042824341e-04,1.312033839712383604e-04,0.000000000000000000e+00
1.816000000000001391e+00,1.077682795254135466e-04,-5.550745980809821106e-04,1.298656036313149131e-04,0.000000000000000000e+00
1.818000000000001393e+00,1.066694496628782399e-04,-5.494149312676520997e-04,1.285414636260874197e-04,0.000000000000000000e+00
1.820000000000001394e+00,1.055818237194648343e-04,-5.438129717066999842e-04,1.272308248750067192e-04,0.000000000000000000e+00
1.822000000000001396e+00,1.045052874574613070e-04,-5.382681310017612547e-04,1.259335497156375411e-04,0.000000000000000000e+00
1.824000000000001398e+00,1.034397278039495097e-04,-5.327798267558971849e-04,1.246495018891969828e-04,0.000000000000000000e+00
1.826000000000001400e+00,1.023850328389286688e-04,-5.273474825104234936e-04,1.233785465262413061e-04,0.000000000000000000e+00
1.828000000000001402e+00,1.013410917835599369e-04,-5.219705276843625329e-04,1.221205501325027878e-04,0.000000000000000000e+00
1.830000000000001403e+00,1.003077949885309114e-04,-5.166483975145124948e-04,1.208753805748636126e-04,0.000000000000000000e+00
1.832000000000001405e+00,9.928503392253865600e-05,-5.113805329961283253e-04,1.196429070674806874e-04,0.000000000000000000e+00
1.834000000000001407e+00,9.827270116089023685e-05,-5.061663808242067557e-04,1.184230001580448971e-04,0.000000000000000000e+00
1.836000000000001409e+00,9.727069037421949788e-05,-5.010053933353707896e-04,1.172155317141865098e-04,0.000000000000000000e+00
1.838000000000001410e+00,9.627889631731880284e-05,-4.958970284503459464e-04,1.160203749100154579e-04,0.000000000000000000e+00
1.840000000000001412e+00,9.529721481808475390e-05,-4.908407496170237106e-04,1.148374042127995286e-04,0.000000000000000000e+00
1.842000000000001414e+00,9.432554276657654526e-05,-4.858360257541048644e-04,1.136664953697769966e-04,0.000000000000000000e+00
1.844000000000001416e+00,9.336377810418590830e-05,-4.808823311953182625e-04,1.125075253951097684e-04,0.000000000000000000e+00
1.846000000000001418e+00,9.241181981291749631e-05,-4.759791456342076193e-04,1.113603725569609938e-04,0.000000000000000000e+00
1.848000000000001419e+00,9.146956790477852965e-05,-4.711259540694816479e-04,1.102249163647118883e-04,0.000000000000000000e+00
1.850000000000001421e+00,9.053692341127668496e-05,-4.663222467509213162e-04,1.091010375563030224e-04,0.000000000000000000e+00
1.852000000000001423e+00,8.961378837302500866e-05,-4.615675191258386371e-04,1.079886180857087506e-04,0.000000000000000000e+00
1.854000000000001425e+00,8.870006582945285192e-05,-4.568612717860815169e-04,1.068875411105382756e-04,0.000000000000000000e+00
1.856000000000001426e+00,8.779565980862168856e-05,-4.522030104155787527e-04,1.057976909797624793e-04,0.000000000000000000e+00
1.858000000000001428e+00,8.690047531714485381e-05,-4.475922457384199217e-04,1.047189532215652211e-04,0.000000000000000000e+00
1.860000000000001430e+00,8.601441833020992986e-05,-4.430284934674648487e-04,1.036512145313217038e-04,0.000000000000000000e+00
1.862000000000001432e+00,8.513739578170297865e-05,-4.385112742534767977e-04,1.025943627596952352e-04,0.000000000000000000e+00
1.864000000000001434e+00,8.426931555443342931e-05,-4.340401136347745077e-04,1.015482869008588890e-04,0.000000000000000000e+00
1.866000000000001435e+00,8.341008647045863086e-05,-4.296145419873974910e-04,1.005128770808346936e-04,0.000000000000000000e+00
1.868000000000001437e+00,8.255961828150706731e-05,-4.252340944757794961e-04,9.948802454595338449e-05,0.000000000000000000e+00
1.870000000000001439e+00,8.171782165949921875e-05,-4.208983110039249322e-04,9.847362165143081630e-05,0.000000000000000000e+00
1.872000000000001441e+00,8.088460818716505189e-05,-4.166067361670830515e-04,9.746956185006233619e-05,0.000000000000000000e+00
1.874000000000001442e+00,8.005989034875721862e-05,-4.123589192039149001e-04,9.647573968103034803e-05,0.000000000000000000e+00
1.876000000000001444e+00,7.924358152085891893e-05,-4.081544139491480533e-04,9.549205075882766930e-05,0.000000000000000000e+00
1.878000000000001446e+00,7.843559596328549314e-05,-4.039927787867139274e-04,9.451839176229147668e-05,0.000000000000000000e+00
1.880000000000001448e+00,7.763584881007876755e-05,-3.998735766033632258e-04,9.355466042375521277e-05,0.000000000000000000e+00
1.882000000000001450e+00,7.684425606059325925e-05,-3.957963747427538804e-04,9.260075551830067309e-05,0.000000000000000000e+00
1.884000000000001451e+00,7.606073457067325048e-05,-3.917607449600075844e-04,9.165657685313065642e-05,0.000000000000000000e+00
1.886000000000001453e+00,7.528520204391979766e-05,-3.877662633767293889e-04,9.072202525704309642e-05,0.000000000000000000e+00
1.888000000000001455e+00,7.451757702304682117e-05,-3.838125104364859702e-04,8.979700257001491451e-05,0.000000000000000000e+00
1.890000000000001457e+00,7.375777888132534069e-05,-3.798990708607379615e-04,8.888141163288995616e-05,0.000000000000000000e+00
1.892000000000001458e+00,7.300572781411489407e-05,-3.760255336052214701e-04,8.797515627717621481e-05,0.000000000000000000e+00
1.894000000000001460e+00,7.226134483048133987e-05,-3.721914918167744954e-04,8.707814131494236859e-05,0.000000000000000000e+00
1.896000000000001462e+00,7.152455174490013584e-05,-3.683965427906034265e-04,8.619027252882187004e-05,0.000000000000000000e+00
1.898000000000001464e+00,7.079527116904417146e-05,-3.646402879279853331e-04,8.531145666211591497e-05,0.000000000000000000e+00
1.900000000000001465e+00,7.007342650365536879e-05,-3.609223326944014450e-04,8.444160140899702530e-05,0.000000000000000000e+00
1.902000000000001467e+00,6.935894193049917046e-05,-3.572422865780975894e-04,8.358061540481411325e-05,0.000000000000000000e+00
1.904000000000001469e+00,6.865174240440103412e-05,-3.535997630490672508e-04,8.272840821649642476e-05,0.000000000000000000e+00
1.906000000000001471e+00,6.795175364536413349e-05,-3.499943795184525907e-04,8.188489033305549475e-05,0.000000000000000000e+00
1.908000000000001473e+00,6.725890213076741249e-05,-3.464257572983596325e-04,8.104997315618077749e-05,0.000000000000000000e+00
1.910000000000001474e+00,6.657311508764324681e-05,-3.428935215620831120e-04,8.022356899093502358e-05,0.000000000000000000e+00
1.912000000000001476e+00,6.589432048503377794e-05,-3.393973013047369824e-04,7.940559103654463297e-05,0.000000000000000000e+00
1.914000000000001478e+00,6.522244702642520135e-05,-3.359367293042861283e-04,7.859595337728108103e-05,0.000000000000000000e+00
1.916000000000001480e+00,6.455742414225924982e-05,-3.325114420829756025e-04,7.779457097343471864e-05,0.000000000000000000e+00
1.918000000000001481e+00,6.389918198252095044e-05,-3.291210798691530481e-04,7.700135965238658411e-05,0.000000000000000000e+00
1.920000000000001483e+00,6.324765140940199115e-05,-3.257652865594804045e-04,7.621623609976348190e-05,0.000000000000000000e+00
1.922000000000001485e+00,6.260276399003892429e-05,-3.224437096815309378e-04,7.543911785069063944e-05,0.000000000000000000e+00
1.924000000000001487e+00,6.196445198932539410e-05,-3.191560003567676398e-04,7.466992328112546234e-05,0.000000000000000000e+00
1.926000000000001489e+00,6.133264836279760210e-05,-3.159018132638990377e-04,7.390857159928843415e-05,0.000000000000000000e+00
1.928000000000001490e+00,6.070728674959238681e-05,-3.126808066026087285e-04,7.315498283717424693e-05,0.000000000000000000e+00
1.930000000000001492e+00,6.008830146547707778e-05,-3.094926420576547344e-04,7.240907784215487239e-05,0.000000000000000000e+00
1.932000000000001494e+00,5.947562749595040540e-05,-3.063369847633347766e-04,7.167077826866199639e-05,0.000000000000000000e+00
1.934000000000001496e+00,5.886920048941377557e-05,-3.032135032683139979e-04,7.094000656996096027e-05,0.000000000000000000e+00
1.936000000000001497e+00,5.826895675041214996e-05,-3.001218695008113935e-04,7.021668599000493310e-05,0.000000000000000000e+00
1.938000000000001499e+00,5.767483323294386819e-05,-2.970617587341409390e-04,6.950074055537278431e-05,0.000000000000000000e+00
1.940000000000001501e+00,5.708676753383865938e-05,-2.940328495526042698e-04,6.879209506728762094e-05,0.000000000000000000e+00
1.942000000000001503e+00,5.650469788620319958e-05,-2.910348238177311200e-04,6.809067509372076013e-05,0.000000000000000000e+00
1.944000000000001505e+00,5.592856315293346959e-05,-2.880673666348639397e-04,6.739640696157289668e-05,0.000000000000000000e+00
1.946000000000001506e+00,5.535830282029330330e-05,-2.851301663200832238e-04,6.670921774893376691e-05,0.000000000000000000e+00
1.948000000000001508e+00,5.479385699155836091e-05,-2.822229143674699734e-04,6.602903527742551293e-05,0.000000000000000000e+00
1.950000000000001510e+00,5.423516638072495771e-05,-2.793453054167022533e-04,6.535578810461977264e-05,0.000000000000000000e+00
1.952000000000001512e+00,5.368217230628299631e-05,-2.764970372209818363e-04,6.468940551653500071e-05,0.000000000000000000e+00
1.954000000000001513e+00,5.313481668505241965e-05,-2.736778106152880038e-04,6.402981752020708156e-05,0.000000000000000000e+00
1.956000000000001515e+00,5.259304202608250698e-05,-2.708873294849550905e-04,6.337695483634060711e-05,0.000000000000000000e+00
1.958000000000001517e+00,5.205679142461336920e-05,-2.681253007345702475e-04,6.273074889202737495e-05,0.000000000000000000e+00
1.960000000000001519e+00,5.152600855609899301e-05,-2.653914342571885520e-04,6.209113181354858693e-05,0.000000000000000000e+00
1.962000000000001521e+00,5.100063767029127147e-05,-2.626854429038618299e-04,6.145803641924383470e-05,0.000000000000000000e+00
1.964000000000001522e+00,5.048062358538431607e-05,-2.600070424534782661e-04,6.083139621245337719e-05,0.000000000000000000e+00
1.966000000000001524e+00,4.996591168221849497e-05,-2.573559515829094936e-04,6.021114537453631232e-05,0.000000000000000000e+00
1.968000000000001526e+00,4.945644789854357365e-05,-2.547318918374620730e-04,5.959721875795380083e-05,0.000000000000000000e+00
1.970000000000001528e+00,4.895217872334031446e-05,-2.521345876016303257e-04,5.898955187942991896e-05,0.000000000000000000e+00
1.972000000000001529e+00,4.845305119120002003e-05,-2.495637660701472142e-04,5.838808091317691275e-05,0.000000000000000000e+00
1.974000000000001531e+00,4.795901287676135636e-05,-2.470191572193306136e-04,5.779274268419070867e-05,0.000000000000000000e+00
1.976000000000001533e+00,4.747001188920391363e-05,-2.445004937787215583e-04,5.720347466161603001e-05,0.000000000000000000e+00
1.978000000000001535e+00,4.698599686679788795e-05,-2.420075112030117272e-04,5.662021495217830006e-05,0.000000000000000000e+00
1.980000000000001537e+00,4.650691697150937602e-05,-2.395399476442572936e-04,5.604290229368319963e-05,0.000000000000000000e+00
1.982000000000001538e+00,4.603272188366062516e-05,-2.370975439243758057e-04,5.547147604858149346e-05,0.000000000000000000e+00
1.984000000000001540e+00,4.556336179664477817e-05,-2.346800435079238222e-04,5.490587619759955927e-05,0.000000000000000000e+00
1.986000000000001542e+00,4.509878741169447581e-05,-2.322871924751518586e-04,5.434604333343583636e-05,0.000000000000000000e+00
1.988000000000001544e+00,4.463894993270380891e-05,-2.299187394953341795e-04,5.379191865452102525e-05,0.000000000000000000e+00
1.990000000000001545e+00,4.418380106110307109e-05,-2.275744358003705357e-04,5.324344395884138791e-05,0.000000000000000000e+00
1.992000000000001547e+00,4.373329299078575644e-05,-2.252540351586570545e-04,5.270056163782623274e-05,0.000000000000000000e+00
1.994000000000001549e+00,4.328737840308730756e-05,-2.229572938492235183e-04,5.216321467029589806e-05,0.000000000000000000e+00
1.996000000000001551e+00,4.284601046181503795e-05,-2.206839706361343485e-04,5.163134661647326984e-05,0.000000000000000000e+00
1.998000000000001553e+00,4.240914280832873401e-05,-2.184338267431506651e-04,5.110490161205601470e-05,0.000000000000000000e+00
2.000000000000001332e+00,4.197672955667143541e-05,-2.162066258286506309e-04,5.058382436234757674e-05,0.000000000000000000e+00
2.002000000000001112e+00,4.154872528874982429e-05,-2.140021339608055308e-04,5.006806013645127493e-05,0.000000000000000000e+00
2.004000000000000892e+00,4.112508504956380355e-05,-2.118201195930089322e-04,4.955755476151926103e-05,0.000000000000000000e+00
2.006000000000000671e+00,4.070576434248468793e-05,-2.096603535395565119e-04,4.905225461706457825e-05,0.000000000000000000e+00
2.008000000000000451e+00,4.029071912458154046e-05,-2.075226089515736514e-04,4.855210662932764668e-05,0.000000000000000000e+00
2.010000000000000231e+00,3.987990580199516646e-05,-2.054066612931886027e-04,4.805705826570216312e-05,0.000000000000000000e+00
2.012000000000000011e+00,3.947328122535927018e-05,-2.033122883179486250e-04,4.756705752921824674e-05,0.000000000000000000e+00
2.013999999999999790e+00,3.907080268526832040e-05,-2.012392700454765425e-04,4.708205295307957804e-05,0.000000000000000000e+00
2.015999999999999570e+00,3.867242790779158935e-05,-1.991873887383652307e-04,4.660199359525821726e-05,0.000000000000000000e+00
2.017999999999999350e+00,3.827811505003297210e-05,-1.971564288793078621e-04,4.612682903314406675e-05,0.000000000000000000e+00
2.019999999999999130e+00,3.788782269573605116e-05,-1.951461771484612560e-04,4.565650935824810963e-05,0.000000000000000000e+00
2.021999999999998909e+00,3.750150985093397236e-05,-1.931564224010399729e-04,4.519098517096094281e-05,0.000000000000000000e+00
2.023999999999998689e+00,3.711913593964369178e-05,-1.911869556451389592e-04,4.473020757536400223e-05,0.000000000000000000e+00
2.025999999999998469e+00,3.674066079960412615e-05,-1.892375700197823293e-04,4.427412817409369719e-05,0.000000000000000000e+00
2.027999999999998249e+00,3.636604467805773218e-05,-1.873080607731958185e-04,4.382269906325736951e-05,0.000000000000000000e+00
2.029999999999998028e+00,3.599524822757512886e-05,-1.853982252413009823e-04,4.337587282740259544e-05,0.000000000000000000e+00
2.031999999999997808e+00,3.562823250192227460e-05,-1.835078628264285130e-04,4.293360253453701141e-05,0.000000000000000000e+00
2.033999999999997588e+00,3.526495895196977921e-05,-1.816367749762486680e-04,4.249584173119822991e-05,0.000000000000000000e+00
2.035999999999997367e+00,3.490538942164394414e-05,-1.797847651629165056e-04,4.206254443757427922e-05,0.000000000000000000e+00
2.037999999999997147e+00,3.454948614391908365e-05,-1.779516388624298407e-04,4.163366514267543422e-05,0.000000000000000000e+00
2.039999999999996927e+00,3.419721173685068657e-05,-1.761372035341975096e-04,4.120915879955266807e-05,0.000000000000000000e+00
2.041999999999996707e+00,3.384852919964905269e-05,-1.743412686008161258e-04,4.078898082056684436e-05,0.000000000000000000e+00
2.043999999999996486e+00,3.350340190879294973e-05,-1.725636454280529437e-04,4.037308707270561431e-05,0.000000000000000000e+00
2.045999999999996266e+00,3.316179361418288436e-05,-1.708041473050327954e-04,3.996143387294693455e-05,0.000000000000000000e+00
2.047999999999996046e+00,3.282366843533362810e-05,-1.690625894246272317e-04,3.955397798367267514e-05,0.000000000000000000e+00
2.049999999999995826e+00,3.248899085760554418e-05,-1.673387888640433187e-04,3.915067660812472823e-05,0.000000000000000000e+00
2.051999999999995605e+00,3.215772572847432211e-05,-1.656325645656106266e-04,3.875148738591207426e-05,0.000000000000000000e+00
2.053999999999995385e+00,3.182983825383879504e-05,-1.639437373177639985e-04,3.835636838856013205e-05,0.000000000000000000e+00
2.055999999999995165e+00,3.150529399436635165e-05,-1.622721297362202282e-04,3.796527811510781378e-05,0.000000000000000000e+00
2.057999999999994944e+00,3.118405886187565831e-05,-1.606175662453466428e-04,3.757817548774686385e-05,0.000000000000000000e+00
2.059999999999994724e+00,3.086609911575621687e-05,-1.589798730597197446e-04,3.719501984750933632e-05,0.000000000000000000e+00
2.061999999999994504e+00,3.055138135942447370e-05,-1.573588781658718009e-04,3.681577094999540466e-05,0.000000000000000000e+00
2.063999999999994284e+00,3.023987253681602587e-05,-1.557544113042235627e-04,3.644038896114757536e-05,0.000000000000000000e+00
2.065999999999994063e+00,2.993153992891362292e-05,-1.541663039512012180e-04,3.606883445306480022e-05,0.000000000000000000e+00
2.067999999999993843e+00,2.962635115031055091e-05,-1.525943893015357336e-04,3.570106839986385977e-05,0.000000000000000000e+00
2.069999999999993623e+00,2.932427414580906670e-05,-1.510385022507425821e-04,3.533705217357804330e-05,0.000000000000000000e+00
2.071999999999993403e+00,2.902527718705350633e-05,-1.494984793777801176e-04,3.497674754010071489e-05,0.000000000000000000e+00
2.073999999999993182e+00,2.872932886919773556e-05,-1.479741589278849208e-04,3.462011665516986220e-05,0.000000000000000000e+00
2.075999999999992962e+00,2.843639810760657319e-05,-1.464653807955818899e-04,3.426712206039211027e-05,0.000000000000000000e+00
2.077999999999992742e+00,2.814645413459083815e-05,-1.449719865078678859e-04,3.391772667930966975e-05,0.000000000000000000e+00
2.079999999999992522e+00,2.785946649617570539e-05,-1.434938192075665454e-04,3.357189381350414795e-05,0.000000000000000000e+00
2.081999999999992301e+00,2.757540504890199773e-05,-1.420307236368529885e-04,3.322958713874394482e-05,0.000000000000000000e+00
2.083999999999992081e+00,2.729423995666010550e-05,-1.405825461209464966e-04,3.289077070116786135e-05,0.000000000000000000e+00
2.085999999999991861e+00,2.701594168755616786e-05,-1.391491345519693711e-04,3.255540891350817284e-05,0.000000000000000000e+00
2.087999999999991640e+00,2.674048101081022807e-05,-1.377303383729704556e-04,3.222346655135446825e-05,0.000000000000000000e+00
2.089999999999991420e+00,2.646782899368600321e-05,-1.363260085621115865e-04,3.189490874945261761e-05,0.000000000000000000e+00
2.091999999999991200e+00,2.619795699845197404e-05,-1.349359976170151285e-04,3.156970099804212032e-05,0.000000000000000000e+00
2.093999999999990980e+00,2.593083667937343199e-05,-1.335601595392712951e-04,3.124780913923313509e-05,0.000000000000000000e+00
2.095999999999990759e+00,2.566643997973522617e-05,-1.321983498191033285e-04,3.092919936341755396e-05,0.000000000000000000e+00
2.097999999999990539e+00,2.540473912889484764e-05,-1.308504254201890216e-04,3.061383820571824017e-05,0.000000000000000000e+00
2.099999999999990319e+00,2.514570663936557319e-05,-1.295162447646370910e-04,3.030169254247382787e-05,0.000000000000000000e+00
2.101999999999990099e+00,2.488931530392933999e-05,-1.281956677181166125e-04,2.999272958775930052e-05,0.000000000000000000e+00
2.103999999999989878e+00,2.463553819277906312e-05,-1.268885555751382446e-04,2.968691688994343214e-05,0.000000000000000000e+00
2.105999999999989658e+00,2.438434865069009100e-05,-1.255947710444853163e-04,2.938422232827886307e-05,0.000000000000000000e+00
2.107999999999989438e+00,2.413572029422050399e-05,-1.243141782347936938e-04,2.908461410952936383e-05,0.000000000000000000e+00
2.109999999999989218e+00,2.388962700893994788e-05,-1.230466426402785035e-04,2.878806076463016721e-05,0.000000000000000000e+00
2.111999999999988997e+00,2.364604294668673449e-05,-1.217920311266064621e-04,2.849453114538234421e-05,0.000000000000000000e+00
2.113999999999988777e+00,2.340494252285291139e-05,-1.205502119169122303e-04,2.820399442118144088e-05,0.000000000000000000e+00
2.115999999999988557e+00,2.316630041369699560e-05,-1.193210545779573928e-04,2.791642007577929165e-05,0.000000000000000000e+00
2.117999999999988336e+00,2.293009155368413434e-05,-1.181044300064304801e-04,2.763177790407846720e-05,0.000000000000000000e+00
2.119999999999988116e+00,2.269629113285336058e-05,-1.169002104153867835e-04,2.735003800895979050e-05,0.000000000000000000e+00
2.121999999999987896e+00,2.246487459421170636e-05,-1.157082693208263393e-04,2.707117079814248730e-05,0.000000000000000000e+00
2.123999999999987676e+00,2.223581763115488918e-05,-1.145284815284088335e-04,2.679514698107512798e-05,0.000000000000000000e+00
2.125999999999987455e+00,2.200909618491428020e-05,-1.133607231203039234e-04,2.652193756586017966e-05,0.000000000000000000e+00
2.127999999999987235e+00,2.178468644202993047e-05,-1.122048714421756618e-04,2.625151385620804866e-05,0.000000000000000000e+00
2.129999999999987015e+00,2.156256483184933013e-05,-1.110608050902996000e-04,2.598384744842364893e-05,0.000000000000000000e+00
2.131999999999986795e+00,2.134270802405170724e-05,-1.099284038988112964e-04,2.571891022842213558e-05,0.000000000000000000e+00
2.133999999999986574e+00,2.112509292619753776e-05,-1.088075489270847802e-04,2.545667436877673082e-05,0.000000000000000000e+00
2.135999999999986354e+00,2.090969668130305994e-05,-1.076981224472397505e-04,2.519711232579560645e-05,0.000000000000000000e+00
2.137999999999986134e+00,2.069649666543950850e-05,-1.066000079317761830e-04,2.494019683662912403e-05,0.000000000000000000e+00
2.139999999999985913e+00,2.048547048535683822e-05,-1.055130900413349203e-04,2.468590091640580648e-05,0.000000000000000000e+00
2.141999999999985693e+00,2.027659597613167274e-05,-1.044372546125831632e-04,2.443419785539834195e-05,0.000000000000000000e+00
2.143999999999985473e+00,2.006985119883922426e-05,-1.033723886462233977e-04,2.418506121621821076e-05,0.000000000000000000e+00
2.145999999999985253e+00,1.986521443824897437e-05,-1.023183802951246608e-04,2.393846483103828464e-05,0.000000000000000000e+00
2.147999999999985032e+00,1.966266420054382433e-05,-1.012751188525747769e-04,2.369438279884524164e-05,0.000000000000000000e+00
2.149999999999984812e+00,1.946217921106251851e-05,-1.002424947406523699e-04,2.345278948271821862e-05,0.000000000000000000e+00
2.151999999999984592e+00,1.926373841206508337e-05,-9.922039949871748867e-05,2.321365950713662890e-05,0.000000000000000000e+00
2.153999999999984372e+00,1.906732096052104488e-05,-9.820872577201951513e-05,2.297696775531432589e-05,0.000000000000000000e+00
2.155999999999984151e+00,1.887290622592020071e-05,-9.720736730042128532e-05,2.274268936656228136e-05,0.000000000000000000e+00
2.157999999999983931e+00,1.868047378810572360e-05,-9.621621890723816334e-05,2.251079973367630868e-05,0.000000000000000000e+00
2.159999999999983711e+00,1.849000343512934179e-05,-9.523517648819090204e-05,2.228127450035351752e-05,0.000000000000000000e+00
2.161999999999983491e+00,1.830147516112840006e-05,-9.426413700047115243e-05,2.205408955863316298e-05,0.000000000000000000e+00
2.163999999999983270e+00,1.811486916422456404e-05,-9.330299845191848327e-05,2.182922104636525040e-05,0.000000000000000000e+00
2.165999999999983050e+00,1.793016584444394782e-05,-9.235165989030770463e-05,2.160664534470375150e-05,0.000000000000000000e+00
2.167999999999982830e+00,1.774734580165845791e-05,-9.141002139274547909e-05,2.138633907562551614e-05,0.000000000000000000e+00
2.169999999999982609e+00,1.756638983354810648e-05,-9.047798405517500076e-05,2.116827909947574700e-05,0.000000000000000000e+00
2.171999999999982389e+00,1.738727893358413094e-05,-8.955544998198772570e-05,2.095244251253656782e-05,0.000000000000000000e+00
2.173999999999982169e+00,1.720999428903264921e-05,-8.864232227574098827e-05,2.073880664462193768e-05,0.000000000000000000e+00
2.175999999999981949e+00,1.703451727897868761e-05,-8.773850502698047336e-05,2.052734905669630940e-05,0.000000000000000000e+00
2.177999999999981728e+00,1.686082947237035475e-05,-8.684390330416646032e-05,2.031804753851746553e-05,0.000000000000000000e+00
2.179999999999981508e+00,1.668891262608294767e-05,-8.595842314370280861e-05,2.011088010630461640e-05,0.000000000000000000e+00
2.181999999999981288e+00,1.651874868300281089e-05,-8.508197154006754673e-05,1.990582500042796521e-05,0.000000000000000000e+00
2.183999999999981068e+00,1.635031977013072122e-05,-8.421445643604415644e-05,1.970286068312440252e-05,0.000000000000000000e+00
2.185999999999980847e+00,1.618360819670461539e-05,-8.335578671305242740e-05,1.950196583623477632e-05,0.000000000000000000e+00
2.187999999999980627e+00,1.601859645234146067e-05,-8.250587218157790642e-05,1.930311935896479765e-05,0.000000000000000000e+00
2.189999999999980407e+00,1.585526720519806170e-05,-8.166462357169893850e-05,1.910630036566903986e-05,0.000000000000000000e+00
2.191999999999980187e+00,1.569360330015064108e-05,-8.083195252371026959e-05,1.891148818365651334e-05,0.000000000000000000e+00
2.193999999999979966e+00,1.553358775699295626e-05,-8.000777157884228952e-05,1.871866235102009283e-05,0.000000000000000000e+00
2.195999999999979746e+00,1.537520376865280733e-05,-7.919199417007488520e-05,1.852780261448676129e-05,0.000000000000000000e+00
2.197999999999979526e+00,1.521843469942671703e-05,-7.838453461304496881e-05,1.833888892729105581e-05,0.000000000000000000e+00
2.199999999999979305e+00,1.506326408323262372e-05,-7.758530809704666461e-05,1.815190144706835436e-05,0.000000000000000000e+00
2.201999999999979085e+00,1.490967562188037738e-05,-7.679423067612336845e-05,1.796682053377190655e-05,0.000000000000000000e+00
2.203999999999978865e+00,1.475765318335987578e-05,-7.601121926025050061e-05,1.778362674760894640e-05,0.000000000000000000e+00
2.205999999999978645e+00,1.460718080014665984e-05,-7.523619160660827468e-05,1.760230084699979016e-05,0.000000000000000000e+00
2.207999999999978424e+00,1.445824266752477312e-05,-7.446906631094338453e-05,1.742282378655612453e-05,0.000000000000000000e+00
2.209999999999978204e+00,1.431082314192673476e-05,-7.370976279901878263e-05,1.724517671508087047e-05,0.000000000000000000e+00
2.211999999999977984e+00,1.416490673929043287e-05,-7.295820131815066898e-05,1.706934097358799637e-05,0.000000000000000000e+00
2.213999999999977764e+00,1.402047813343276866e-05,-7.221430292883172829e-05,1.689529809334303946e-05,0.000000000000000000e+00
2.215999999999977543e+00,1.387752215443988900e-05,-7.147798949643980227e-05,1.672302979392281761e-05,0.000000000000000000e+00
2.217999999999977323e+00,1.373602378707382598e-05,-7.074918368303110259e-05,1.655251798129574094e-05,0.000000000000000000e+00
2.219999999999977103e+00,1.359596816919539100e-05,-7.002780893921708365e-05,1.638374474592098860e-05,0.000000000000000000e+00
2.221999999999976882e+00,1.345734059020314217e-05,-6.931378949612416183e-05,1.621669236086763482e-05,0.000000000000000000e+00
2.223999999999976662e+00,1.332012648948827088e-05,-6.860705035743542765e-05,1.605134327995253168e-05,0.000000000000000000e+00
2.225999999999976442e+00,1.318431145490524482e-05,-6.790751729151342910e-05,1.588768013589759911e-05,0.000000000000000000e+00
2.227999999999976222e+00,1.304988122125803816e-05,-6.721511682360338915e-05,1.572568573850554631e-05,0.000000000000000000e+00
2.229999999999976001e+00,1.291682166880180645e-05,-6.652977622811581410e-05,1.556534307285424145e-05,0.000000000000000000e+00
2.231999999999975781e+00,1.278511882175983025e-05,-6.585142352098784203e-05,1.540663529750951281e-05,0.000000000000000000e+00
2.233999999999975561e+00,1.265475884685558497e-05,-6.517998745212249113e-05,1.524954574275648976e-05,0.000000000000000000e+00
2.235999999999975341e+00,1.252572805185977443e-05,-6.451539749790495429e-05,1.509405790884861629e-05,0.000000000000000000e+00
2.237999999999975120e+00,1.239801288415218415e-05,-6.385758385379520781e-05,1.494015546427433696e-05,0.000000000000000000e+00
2.239999999999974900e+00,1.227159992929819161e-05,-6.320647742699620267e-05,1.478782224404199749e-05,0.000000000000000000e+00
2.241999999999974680e+00,1.214647590963979813e-05,-6.256200982919674373e-05,1.463704224798203840e-05,0.000000000000000000e+00
2.243999999999974460e+00,1.202262768290102127e-05,-6.192411336938840639e-05,1.448779963906642737e-05,0.000000000000000000e+00
2.245999999999974239e+00,1.190004224080751072e-05,-6.129272104675563689e-05,1.434007874174468003e-05,0.000000000000000000e+00
2.247999999999974019e+00,1.177870670772023324e-05,-6.066776654363846029e-05,1.419386404029836625e-05,0.000000000000000000e+00
2.249999999999973799e+00,1.165860833928309994e-05,-6.004918421856680677e-05,1.404914017721047015e-05,0.000000000000000000e+00
2.251999999999973578e+00,1.153973452108436787e-05,-5.943690909936595482e-05,1.390589195155291034e-05,0.000000000000000000e+00
2.253999999999973358e+00,1.142207276733170263e-05,-5.883087687633225106e-05,1.376410431738988964e-05,0.000000000000000000e+00
2.255999999999973138e+00,1.130561071954074609e-05,-5.823102389547838163e-05,1.362376238219718252e-05,0.000000000000000000e+00
2.257999999999972918e+00,1.119033614523705018e-05,-5.763728715184755140e-05,1.348485140529839029e-05,0.000000000000000000e+00
2.259999999999972697e+00,1.107623693667125845e-05,-5.704960428289582560e-05,1.334735679631626672e-05,0.000000000000000000e+00
2.261999999999972477e+00,1.096330110954737410e-05,-5.646791356194193597e-05,1.321126411364052355e-05,0.000000000000000000e+00
2.263999999999972257e+00,1.085151680176400641e-05,-5.589215389168387374e-05,1.307655906291076055e-05,0.000000000000000000e+00
2.265999999999972037e+00,1.074087227216844282e-05,-5.532226479778161893e-05,1.294322749551522506e-05,0.000000000000000000e+00
2.267999999999971816e+00,1.063135589932343168e-05,-5.475818642250524708e-05,1.281125540710469600e-05,0.000000000000000000e+00
2.269999999999971596e+00,1.052295618028653658e-05,-5.419985951844785086e-05,1.268062893612132997e-05,0.000000000000000000e+00
2.271999999999971376e+00,1.041566172940193201e-05,-5.364722544230255172e-05,1.255133436234311985e-05,0.000000000000000000e+00
2.273999999999971156e+00,1.030946127710452658e-05,-5.310022614870295077e-05,1.242335810544255639e-05,0.000000000000000000e+00
2.275999999999970935e+00,1.020434366873627352e-05,-5.255880418412638892e-05,1.229668672356014347e-05,0.000000000000000000e+00
2.277999999999970715e+00,1.010029786337455465e-05,-5.202290268085937251e-05,1.217130691189282103e-05,0.000000000000000000e+00
2.279999999999970495e+00,9.997312932672505924e-06,-5.149246535102454760e-05,1.204720550129615743e-05,0.000000000000000000e+00
2.281999999999970274e+00,9.895378059711169158e-06,-5.096743648066853885e-05,1.192436945690155802e-05,0.000000000000000000e+00
2.283999999999970054e+00,9.794482537863348137e-06,-5.044776092391009694e-05,1.180278587674686358e-05,0.000000000000000000e+00
2.285999999999969834e+00,9.694615769669052085e-06,-4.993338409714790440e-05,1.168244199042115178e-05,0.000000000000000000e+00
2.287999999999969614e+00,9.595767265722397808e-06,-4.942425197332744321e-05,1.156332515772363337e-05,0.000000000000000000e+00
2.289999999999969393e+00,9.497926643569865477e-06,-4.892031107626632134e-05,1.144542286733593811e-05,0.000000000000000000e+00
2.291999999999969173e+00,9.401083626619791136e-06,-4.842150847503745494e-05,1.132872273550800763e-05,0.000000000000000000e+00
2.293999999999968953e+00,9.305228043062972293e-06,-4.792779177840951000e-05,1.121321250475721537e-05,0.000000000000000000e+00
2.295999999999968733e+00,9.210349824804284929e-06,-4.743910912934405454e-05,1.109888004258103916e-05,0.000000000000000000e+00
2.297999999999968512e+00,9.116439006405186588e-06,-4.695540919954879799e-05,1.098571334018290683e-05,0.000000000000000000e+00
2.299999999999968292e+00,9.023485724037014040e-06,-4.647664118408638227e-05,1.087370051121051015e-05,0.000000000000000000e+00
2.301999999999968072e+00,8.931480214444938325e-06,-4.600275479603812173e-05,1.076282979050745443e-05,0.000000000000000000e+00
2.303999999999967851e+00,8.840412813922494148e-06,-4.553370026122219023e-05,1.065308953287775594e-05,0.000000000000000000e+00
2.305999999999967631e+00,8.750273957296563358e-06,-4.506942831296562540e-05,1.054446821186248240e-05,0.000000000000000000e+00
2.307999999999967411e+00,8.661054176922704088e-06,-4.460989018692964849e-05,1.043695441852902439e-05,0.000000000000000000e+00
2.309999999999967191e+00,8.572744101690728992e-06,-4.415503761598776460e-05,1.033053686027294357e-05,0.000000000000000000e+00
2.311999999999966970e+00,8.485334456040417387e-06,-4.370482282515605362e-05,1.022520435963174702e-05,0.000000000000000000e+00
2.313999999999966750e+00,8.398816058987266421e-06,-4.325919852657519117e-05,1.012094585311085898e-05,0.000000000000000000e+00
2.315999999999966530e+00,8.313179823158179648e-06,-4.281811791454361011e-05,1.001775039002168136e-05,0.000000000000000000e+00
2.317999999999966310e+00,8.228416753836977779e-06,-4.238153466060130765e-05,9.915607131331363646e-06,0.000000000000000000e+00
2.319999999999966089e+00,8.144517948019650320e-06,-4.194940290866378349e-05,9.814505348524282195e-06,0.000000000000000000e+00
2.321999999999965869e+00,8.061474593479239675e-06,-4.152167727020559352e-05,9.714434422475174725e-06,0.000000000000000000e+00
2.323999999999965649e+00,7.979277967840254357e-06,-4.109831281949300456e-05,9.615383842333875743e-06,0.000000000000000000e+00
2.325999999999965429e+00,7.897919437662523237e-06,-4.067926508886527537e-05,9.517343204421273468e-06,0.000000000000000000e+00
2.327999999999965208e+00,7.817390457534395952e-06,-4.026449006406402893e-05,9.420302211136379836e-06,0.000000000000000000e+00
2.329999999999964988e+00,7.737682569175175970e-06,-3.985394417961026859e-05,9.324250669875109882e-06,0.000000000000000000e+00
2.331999999999964768e+00,7.658787400546718558e-06,-3.944758431422851631e-05,9.229178491959415254e-06,0.000000000000000000e+00
2.333999999999964547e+00,7.580696664974083523e-06,-3.904536778631761913e-05,9.135075691577585009e-06,0.000000000000000000e+00
2.335999999999964327e+00,7.503402160275147876e-06,-3.864725234946772222e-05,9.041932384735876325e-06,0.000000000000000000e+00
2.337999999999964107e+00,7.426895767899102169e-06,-3.825319618802295468e-05,8.949738788219577766e-06,0.000000000000000000e+00
2.339999999999963887e+00,7.351169452073723801e-06,-3.786315791268937393e-05,8.858485218566052987e-06,0.000000000000000000e+00
2.341999999999963666e+00,7.276215258961348487e-06,-3.747709655618768776e-05,8.768162091047542253e-06,0.000000000000000000e+00
2.343999999999963446e+00,7.202025315823447596e-06,-3.709497156895028621e-05,8.678759918664372304e-06,0.000000000000000000e+00
2.345999999999963226e+00,7.128591830193723248e-06,-3.671674281486215672e-05,8.590269311148303506e-06,0.000000000000000000e+00
2.347999999999963006e+00,7.055907089059633083e-06,-3.634237056704524174e-05,8.502680973976610608e-06,0.000000000000000000e+00
2.349999999999962785e+00,6.983963458052261689e-06,-3.597181550368574440e-05,8.415985707395487632e-06,0.000000000000000000e+00
2.351999999999962565e+00,6.912753380644453996e-06,-3.560503870390401617e-05,8.330174405453969529e-06,0.000000000000000000e+00
2.353999999999962345e+00,6.842269377357120837e-06,-3.524200164366654548e-05,8.245238055047557444e-06,0.000000000000000000e+00
2.355999999999962125e+00,6.772504044973641305e-06,-3.488266619173960677e-05,8.161167734971222325e-06,0.000000000000000000e+00
2.357999999999961904e+00,6.703450055762272951e-06,-3.452699460568420416e-05,8.077954614982708458e-06,0.000000000000000000e+00
2.359999999999961684e+00,6.635100156706489369e-06,-3.417494952789181488e-05,7.995589954874944300e-06,0.000000000000000000e+00
2.361999999999961464e+00,6.567447168743168079e-06,-3.382649398166058036e-05,7.914065103557940076e-06,0.000000000000000000e+00
2.363999999999961243e+00,6.500483986008544861e-06,-3.348159136731149752e-05,7.833371498150172151e-06,0.000000000000000000e+00
2.365999999999961023e+00,6.434203575091856595e-06,-3.314020545834420374e-05,7.753500663079345746e-06,0.000000000000000000e+00
2.367999999999960803e+00,6.368598974296593016e-06,-3.280230039763194907e-05,7.674444209191885486e-06,0.000000000000000000e+00
2.369999999999960583e+00,6.303663292909281959e-06,-3.246784069365540989e-05,7.596193832872021132e-06,0.000000000000000000e+00
2.371999999999960362e+00,6.239389710475731901e-06,-3.213679121677484271e-05,7.518741315169492727e-06,0.000000000000000000e+00
2.373999999999960142e+00,6.175771476084651300e-06,-3.180911719554030019e-05,7.442078520936363031e-06,0.000000000000000000e+00
2.375999999999959922e+00,6.112801907658572755e-06,-3.148478421303942842e-05,7.366197397972503585e-06,0.000000000000000000e+00
2.377999999999959702e+00,6.050474391252007431e-06,-3.116375820328252678e-05,7.291089976179917012e-06,0.000000000000000000e+00
2.379999999999959481e+00,5.988782380356758611e-06,-3.084600544762447071e-05,7.216748366725407680e-06,0.000000000000000000e+00
2.381999999999959261e+00,5.927719395214312213e-06,-3.053149257122309755e-05,7.143164761212305452e-06,0.000000000000000000e+00
2.383999999999959041e+00,5.867279022135244962e-06,-3.022018653953372004e-05,7.070331430859968591e-06,0.000000000000000000e+00
2.385999999999958820e+00,5.807454912825566390e-06,-2.991205465483936086e-05,6.998240725692231323e-06,0.000000000000000000e+00
2.387999999999958600e+00,5.748240783719933644e-06,-2.960706455281639999e-05,6.926885073733847400e-06,0.000000000000000000e+00
2.389999999999958380e+00,5.689630415321662903e-06,-2.930518419913521121e-05,6.856256980215173595e-06,0.000000000000000000e+00
2.391999999999958160e+00,5.631617651549472154e-06,-2.900638188609546607e-05,6.786349026784849192e-06,0.000000000000000000e+00
2.393999999999957939e+00,5.574196399090880804e-06,-2.871062622929575276e-05,6.717153870730796722e-06,0.000000000000000000e+00
2.395999999999957719e+00,5.517360626762206834e-06,-2.841788616433714077e-05,6.648664244208866330e-06,0.000000000000000000e+00
2.397999999999957499e+00,5.461104364875086103e-06,-2.812813094356037265e-05,6.580872953479530336e-06,0.000000000000000000e+00
2.399999999999957279e+00,5.405421704609453665e-06,-2.784133013281630363e-05,6.513772878152275644e-06,0.000000000000000000e+00
2.401999999999957058e+00,5.350306797392915110e-06,-2.755745360826928730e-05,6.447356970437693969e-06,0.000000000000000000e+00
2.403999999999956838e+00,5.295753854286448624e-06,-2.727647155323314847e-05,6.381618254407242811e-06,0.000000000000000000e+00
2.405999999999956618e+00,5.241757145376370005e-06,-2.699835445503941434e-05,6.316549825260514518e-06,0.000000000000000000e+00
2.407999999999956398e+00,5.188310999172495434e-06,-2.672307310193748563e-05,6.252144848600067664e-06,0.000000000000000000e+00
2.409999999999956177e+00,5.135409802012442677e-06,-2.645059858002640540e-05,6.188396559713522579e-06,0.000000000000000000e+00
2.411999999999955957e+00,5.083047997472007222e-06,-2.618090227021791733e-05,6.125298262863056566e-06,0.000000000000000000e+00
2.413999999999955737e+00,5.031220085781546408e-06,-2.591395584523048805e-05,6.062843330582054838e-06,0.000000000000000000e+00
2.415999999999955516e+00,4.979920623248318207e-06,-2.564973126661398195e-05,6.001025202979134044e-06,0.000000000000000000e+00
2.417999999999955296e+00,4.929144221684708569e-06,-2.538820078180466653e-05,5.939837387048996263e-06,0.000000000000000000e+00
2.419999999999955076e+00,4.878885547842288055e-06,-2.512933692121025698e-05,5.879273455990547152e-06,0.000000000000000000e+00
2.421999999999954856e+00,4.829139322851638456e-06,-2.487311249532466777e-05,5.819327048531790355e-06,0.000000000000000000e+00
2.423999999999954635e+00,4.779900321667894339e-06,-2.461950059187219031e-05,5.759991868261742131e-06,0.000000000000000000e+00
2.425999999999954415e+00,4.731163372521932621e-06,-2.436847457298079491e-05,5.701261682969068021e-06,0.000000000000000000e+00
2.427999999999954195e+00,4.682923356377164401e-06,-2.412000807238424543e-05,5.643130323987387374e-06,0.000000000000000000e+00
2.429999999999953975e+00,4.635175206391858781e-06,-2.387407499265274197e-05,5.585591685547570961e-06,0.000000000000000000e+00
2.431999999999953754e+00,4.587913907386955452e-06,-2.363064950245180712e-05,5.528639724136245664e-06,0.000000000000000000e+00
2.433999999999953534e+00,4.541134495319297441e-06,-2.338970603382911401e-05,5.472268457861021200e-06,0.000000000000000000e+00
2.435999999999953314e+00,4.494832056760239138e-06,-2.315121927952898870e-05,5.416471965822357596e-06,0.000000000000000000e+00
2.437999999999953094e+00,4.449001728379570296e-06,-2.291516419033428188e-05,5.361244387491449987e-06,0.000000000000000000e+00
2.439999999999952873e+00,4.403638696434699259e-06,-2.268151597243535242e-05,5.306579922094835453e-06,0.000000000000000000e+00
2.441999999999952653e+00,4.358738196265047137e-06,-2.245025008482587131e-05,5.252472828005071408e-06,0.000000000000000000e+00
2.443999999999952433e+00,4.314295511791597024e-06,-2.222134223672518521e-05,5.198917422137593926e-06,0.000000000000000000e+00
2.445999999999952212e+00,4.270305975021543203e-06,-2.199476838502695839e-05,5.145908079353945759e-06,0.000000000000000000e+00
2.447999999999951992e+00,4.226764965557995437e-06,-2.177050473177382186e-05,5.093439231870750634e-06,0.000000000000000000e+00
2.449999999999951772e+00,4.183667910114679919e-06,-2.154852772165779276e-05,5.041505368675138540e-06,0.000000000000000000e+00
2.451999999999951552e+00,4.141010282035587730e-06,-2.132881403954615206e-05,4.990101034945700455e-06,0.000000000000000000e+00
2.453999999999951331e+00,4.098787600819522541e-06,-2.111134060803257067e-05,4.939220831479650131e-06,0.000000000000000000e+00
2.455999999999951111e+00,4.056995431649495885e-06,-2.089608458501319933e-05,4.888859414125759249e-06,0.000000000000000000e+00
2.457999999999950891e+00,4.015629384926920868e-06,-2.068302336128746133e-05,4.839011493222849115e-06,0.000000000000000000e+00
2.459999999999950671e+00,3.974685115810554348e-06,-2.047213455818332783e-05,4.789671833044462307e-06,0.000000000000000000e+00
2.461999999999950450e+00,3.934158323760140995e-06,-2.026339602520679136e-05,4.740835251248684285e-06,0.000000000000000000e+00
2.463999999999950230e+00,3.894044752084710104e-06,-2.005678583771531017e-05,4.692496618334090737e-06,0.000000000000000000e+00
2.465999999999950010e+00,3.854340187495480260e-06,-1.985228229461497980e-05,4.644650857100628052e-06,0.000000000000000000e+00
2.467999999999949789e+00,3.815040459663317660e-06,-1.964986391608117760e-05,4.597292942116700844e-06,0.000000000000000000e+00
2.469999999999949569e+00,3.776141440780712934e-06,-1.944950944130244977e-05,4.550417899191084182e-06,0.000000000000000000e+00
2.471999999999949349e+00,3.737639045128218004e-06,-1.925119782624740389e-05,4.504020804850500772e-06,0.000000000000000000e+00
2.473999999999949129e+00,3.699529228645309132e-06,-1.905490824145437644e-05,4.458096785822646254e-06,0.000000000000000000e+00
2.475999999999948908e+00,3.661807988505621917e-06,-1.886062006984361787e-05,4.412641018524066311e-06,0.000000000000000000e+00
2.477999999999948688e+00,3.624471362696518442e-06,-1.866831290455180878e-05,4.367648728553725828e-06,0.000000000000000000e+00
2.479999999999948468e+00,3.587515429602941261e-06,-1.847796654678864308e-05,4.323115190191484077e-06,0.000000000000000000e+00
2.481999999999948248e+00,3.550936307595510593e-06,-1.828956100371526794e-05,4.279035725901719853e-06,0.000000000000000000e+00
2.483999999999948027e+00,3.514730154622821953e-06,-1.810307648634435699e-05,4.235405705841971055e-06,0.000000000000000000e+00
2.485999999999947807e+00,3.478893167807898906e-06,-1.791849340746159310e-05,4.192220547376778426e-06,0.000000000000000000e+00
2.487999999999947587e+00,3.443421583048762394e-06,-1.773579237956834394e-05,4.149475714596245583e-06,0.000000000000000000e+00
2.489999999999947367e+00,3.408311674623071760e-06,-1.755495421284531345e-05,4.107166717839640579e-06,0.000000000000000000e+00
2.491999999999947146e+00,3.373559754796797642e-06,-1.737595991313696598e-05,4.065289113223822170e-06,0.000000000000000000e+00
2.493999999999946926e+00,3.339162173436884816e-06,-1.719879067995648585e-05,4.023838502176490780e-06,0.000000000000000000e+00
2.495999999999946706e+00,3.305115317627862641e-06,-1.702342790451109284e-05,3.982810530974237057e-06,0.000000000000000000e+00
2.497999999999946485e+00,3.271415611292367518e-06,-1.684985316774748314e-05,3.942200890285171193e-06,0.000000000000000000e+00
2.499999999999946265e+00,3.238059514815532913e-06,-1.667804823841719940e-05,3.902005314716268511e-06,0.000000000000000000e+00
2.501999999999946045e+00,3.205043524673209223e-06,-1.650799507116174324e-05,3.862219582365566863e-06,0.000000000000000000e+00
2.503999999999945825e+00,3.172364173063974979e-06,-1.633967580461717989e-05,3.822839514378429792e-06,0.000000000000000000e+00
2.505999999999945604e+00,3.140018027544898696e-06,-1.617307275953810581e-05,3.783860974508905430e-06,0.000000000000000000e+00
2.507999999999945384e+00,3.108001690671017092e-06,-1.600816843694071538e-05,3.745279868685042748e-06,0.000000000000000000e+00
2.509999999999945164e+00,3.076311799638487305e-06,-1.584494551626481051e-05,3.707092144579005391e-06,0.000000000000000000e+00
2.511999999999944944e+00,3.044945025931377965e-06,-1.568338685355456699e-05,3.669293791181413907e-06,0.000000000000000000e+00
2.513999999999944723e+00,3.013898074972062273e-06,-1.552347547965782378e-05,3.631880838380106098e-06,0.000000000000000000e+00
2.515999999999944503e+00,2.983167685775174977e-06,-1.536519459844374951e-05,3.594849356542990232e-06,0.000000000000000000e+00
2.517999999999944283e+00,2.952750630605097656e-06,-1.520852758503867612e-05,3.558195456105506119e-06,0.000000000000000000e+00
2.519999999999944063e+00,2.922643714636938015e-06,-1.505345798407992519e-05,3.521915287161880891e-06,0.000000000000000000e+00
2.521999999999943842e+00,2.892843775620962968e-06,-1.489996950798743045e-05,3.486005039060924879e-06,0.000000000000000000e+00
2.523999999999943622e+00,2.863347683550457106e-06,-1.474804603525299211e-05,3.450460940005649303e-06,0.000000000000000000e+00
2.525999999999943402e+00,2.834152340332962956e-06,-1.459767160874696992e-05,3.415279256657247878e-06,0.000000000000000000e+00
2.527999999999943181e+00,2.805254679464878451e-06,-1.444883043404224208e-05,3.380456293742791808e-06,0.000000000000000000e+00
2.529999999999942961e+00,2.776651665709367994e-06,-1.430150687775524894e-05,3.345988393667275146e-06,0.000000000000000000e+00
2.531999999999942741e+00,2.748340294777560006e-06,-1.415568546590396367e-05,3.311871936129305778e-06,0.000000000000000000e+00
2.533999999999942521e+00,2.720317593012994968e-06,-1.401135088228259362e-05,3.278103337740943487e-06,0.000000000000000000e+00
2.535999999999942300e+00,2.692580617079289221e-06,-1.386848796685285804e-05,3.244679051651292064e-06,0.000000000000000000e+00
2.537999999999942080e+00,2.665126453650985730e-06,-1.372708171415166780e-05,3.211595567173913227e-06,0.000000000000000000e+00
2.539999999999941860e+00,2.637952219107555803e-06,-1.358711727171504613e-05,3.178849409418143678e-06,0.000000000000000000e+00
2.541999999999941640e+00,2.611055059230519599e-06,-1.344857993851811072e-05,3.146437138924098437e-06,0.000000000000000000e+00
2.543999999999941419e+00,2.584432148903657866e-06,-1.331145516343096659e-05,3.114355351301414682e-06,0.000000000000000000e+00
2.545999999999941199e+00,2.558080691816277246e-06,-1.317572854369034519e-05,3.082600676871668317e-06,0.000000000000000000e+00
2.547999999999940979e+00,2.531997920169503720e-06,-1.304138582338682228e-05,3.051169780314436173e-06,0.000000000000000000e+00
2.549999999999940758e+00,2.506181094385568614e-06,-1.290841289196746516e-05,3.020059360316976736e-06,0.000000000000000000e+00
2.551999999999940538e+00,2.480627502820061343e-06,-1.277679578275374027e-05,2.989266149227475184e-06,0.000000000000000000e+00
2.553999999999940318e+00,2.455334461477112046e-06,-1.264652067147454182e-05,2.958786912711852744e-06,0.000000000000000000e+00
2.555999999999940098e+00,2.430299313727483769e-06,-1.251757387481417242e-05,2.928618449414031942e-06,0.000000000000000000e+00
2.557999999999939877e+00,2.405519430029533557e-06,-1.238994184897512966e-05,2.898757590619698401e-06,0.000000000000000000e+00
2.559999999999939657e+00,2.380992207653022539e-06,-1.226361118825554319e-05,2.869201199923450776e-06,0.000000000000000000e+00
2.561999999999939437e+00,2.356715070405740276e-06,-1.213856862364112466e-05,2.839946172899393030e-06,0.000000000000000000e+00
2.563999999999939217e+00,2.332685468362917126e-06,-1.201480102141146990e-05,2.810989436775074182e-06,0.000000000000000000e+00
2.565999999999938996e+00,2.308900877599395811e-06,-1.189229538176057092e-05,2.782327950108734872e-06,0.000000000000000000e+00
2.567999999999938776e+00,2.285358799924532977e-06,-1.177103883743139197e-05,2.753958702469820087e-06,0.000000000000000000e+00
2.569999999999938556e+00,2.262056762619804052e-06,-1.165101865236437264e-05,2.725878714122812255e-06,0.000000000000000000e+00
2.571999999999938336e+00,2.238992318179084739e-06,-1.153222222035970866e-05,2.698085035714276286e-06,0.000000000000000000e+00
2.573999999999938115e+00,2.216163044051578210e-06,-1.141463706375327172e-05,2.670574747963048805e-06,0.000000000000000000e+00
2.575999999999937895e+00,2.193566542387365978e-06,-1.129825083210603099e-05,2.643344961353612222e-06,0.000000000000000000e+00
2.577999999999937675e+00,2.171200439785552402e-06,-1.118305130090683736e-05,2.616392815832599438e-06,0.000000000000000000e+00
2.579999999999937454e+00,2.149062387044975681e-06,-1.106902637028843163e-05,2.589715480508429190e-06,0.000000000000000000e+00
2.581999999999937234e+00,2.127150058917462504e-06,-1.095616406375654950e-05,2.563310153353895839e-06,0.000000000000000000e+00
2.583999999999937014e+00,2.105461153863598379e-06,-1.084445252693198278e-05,2.537174060911930452e-06,0.000000000000000000e+00
2.585999999999936794e+00,2.083993393810987395e-06,-1.073388002630546636e-05,2.511304458004235025e-06,0.000000000000000000e+00
2.587999999999936573e+00,2.062744523914976851e-06,-1.062443494800525882e-05,2.485698627442993122e-06,0.000000000000000000e+00
2.589999999999936353e+00,2.041712312321822180e-06,-1.051610579657729134e-05,2.460353879745440101e-06,0.000000000000000000e+00
2.591999999999936133e+00,2.020894549934266776e-06,-1.040888119377775947e-05,2.435267552851401343e-06,0.000000000000000000e+00
2.593999999999935913e+00,2.000289050179510867e-06,-1.030274987737801221e-05,2.410437011843662961e-06,0.000000000000000000e+00
2.595999999999935692e+00,1.979893648779547425e-06,-1.019770069998164162e-05,2.385859648671229192e-06,0.000000000000000000e+00
2.597999999999935472e+00,1.959706203523840122e-06,-1.009372262785362587e-05,2.361532881875398724e-06,0.000000000000000000e+00
2.599999999999935252e+00,1.939724594044317501e-06,-9.990804739761408563e-06,2.337454156318565066e-06,0.000000000000000000e+00
2.601999999999935032e+00,1.919946721592661754e-06,-9.888936225827804345e-06,2.313620942915971387e-06,0.000000000000000000e+00
2.603999999999934811e+00,1.900370508819870512e-06,-9.788106386395585155e-06,2.290030738369864139e-06,0.000000000000000000e+00
2.605999999999934591e+00,1.880993899558063283e-06,-9.688304630903664001e-06,2.266681064906777318e-06,0.000000000000000000e+00
2.607999999999934371e+00,1.861814858604513875e-06,-9.589520476774715388e-06,2.243569470017174865e-06,0.000000000000000000e+00
2.609999999999934150e+00,1.842831371507885550e-06,-9.491743548314152771e-06,2.220693526197803575e-06,0.000000000000000000e+00
2.611999999999933930e+00,1.824041444356644934e-06,-9.394963575620330877e-06,2.198050830696851371e-06,0.000000000000000000e+00
2.613999999999933710e+00,1.805443103569633130e-06,-9.299170393505850946e-06,2.175639005261477280e-06,0.000000000000000000e+00
2.615999999999933490e+00,1.787034395688773460e-06,-9.204353940429875694e-06,2.153455695888065462e-06,0.000000000000000000e+00
2.617999999999933269e+00,1.768813387173890860e-06,-9.110504257441321891e-06,2.131498572574945798e-06,0.000000000000000000e+00
2.619999999999933049e+00,1.750778164199625147e-06,-9.017611487132833951e-06,2.109765329077662355e-06,0.000000000000000000e+00
2.621999999999932829e+00,1.732926832454414213e-06,-8.925665872605418301e-06,2.088253682666776174e-06,0.000000000000000000e+00
2.623999999999932609e+00,1.715257516941526841e-06,-8.834657756443641929e-06,2.066961373888066855e-06,0.000000000000000000e+00
2.625999999999932388e+00,1.697768361782124361e-06,-8.744577579701269776e-06,2.045886166325187145e-06,0.000000000000000000e+00
2.627999999999932168e+00,1.680457530020329784e-06,-8.655415880897256251e-06,2.025025846364851860e-06,0.000000000000000000e+00
2.629999999999931948e+00,1.663323203430285769e-06,-8.567163295021963830e-06,2.004378222964276510e-06,0.000000000000000000e+00
2.631999999999931728e+00,1.646363582325178758e-06,-8.479810552553520631e-06,1.983941127421014737e-06,0.000000000000000000e+00
2.633999999999931507e+00,1.629576885368210451e-06,-8.393348478484201783e-06,1.963712413145194541e-06,0.000000000000000000e+00
2.635999999999931287e+00,1.612961349385496905e-06,-8.307767991356749878e-06,1.943689955434126202e-06,0.000000000000000000e+00
2.637999999999931067e+00,1.596515229180875796e-06,-8.223060102310504062e-06,1.923871651248997288e-06,0.000000000000000000e+00
2.639999999999930846e+00,1.580236797352601283e-06,-8.139215914137270009e-06,1.904255418994101989e-06,0.000000000000000000e+00
2.641999999999930626e+00,1.564124344111907651e-06,-8.056226620346807103e-06,1.884839198298143988e-06,0.000000000000000000e+00
2.643999999999930406e+00,1.548176177103423926e-06,-7.974083504241851522e-06,1.865620949797856809e-06,0.000000000000000000e+00
2.645999999999930186e+00,1.532390621227418713e-06,-7.892777938002561709e-06,1.846598654923738364e-06,0.000000000000000000e+00
2.647999999999929965e+00,1.516766018463858115e-06,-7.812301381780306625e-06,1.827770315688130088e-06,0.000000000000000000e+00
2.649999999999929745e+00,1.501300727698256818e-06,-7.732645382800693433e-06,1.809133954475274737e-06,0.000000000000000000e+00
2.651999999999929525e+00,1.485993124549305403e-06,-7.653801574475736357e-06,1.790687613833678122e-06,0.000000000000000000e+00
2.653999999999929305e+00,1.470841601198255253e-06,-7.575761675525077793e-06,1.772429356270415629e-06,0.000000000000000000e+00
2.655999999999929084e+00,1.455844566220042839e-06,-7.498517489106177794e-06,1.754357264047708782e-06,0.000000000000000000e+00
2.657999999999928864e+00,1.441000444416136033e-06,-7.422060901953364377e-06,1.736469438981473709e-06,0.000000000000000000e+00
2.659999999999928644e+00,1.426307676649084635e-06,-7.346383883525663313e-06,1.718764002241922806e-06,0.000000000000000000e+00
2.661999999999928423e+00,1.411764719678757996e-06,-7.271478485163321032e-06,1.701239094156246716e-06,0.000000000000000000e+00
2.663999999999928203e+00,1.397370046000252131e-06,-7.197336839252924053e-06,1.683892874013308868e-06,0.000000000000000000e+00
2.665999999999927983e+00,1.383122143683450032e-06,-7.123951158401031098e-06,1.666723519870250906e-06,0.000000000000000000e+00
2.667999999999927763e+00,1.369019516214217601e-06,-7.051313734616233192e-06,1.649729228361158115e-06,0.000000000000000000e+00
2.669999999999927542e+00,1.355060682337218478e-06,-6.979416938499552789e-06,1.632908214507683181e-06,0.000000000000000000e+00
2.671999999999927322e+00,1.341244175900332299e-06,-6.908253218443095551e-06,1.616258711531472442e-06,0.000000000000000000e+00
2.673999999999927102e+00,1.327568545700658598e-06,-6.837815099836877681e-06,1.599778970668679220e-06,0.000000000000000000e+00
2.675999999999926882e+00,1.314032355332091113e-06,-6.768095184283734804e-06,1.583467260986232215e-06,0.000000000000000000e+00
2.677999999999926661e+00,1.300634183034446607e-06,-6.699086148822241237e-06,1.567321869200062232e-06,0.000000000000000000e+00
2.679999999999926441e+00,1.287372621544131475e-06,-6.630780745157548165e-06,1.551341099495124622e-06,0.000000000000000000e+00
2.681999999999926221e+00,1.274246277946331321e-06,-6.563171798900067887e-06,1.535523273347291968e-06,0.000000000000000000e+00
2.683999999999926001e+00,1.261253773528707400e-06,-6.496252208811917736e-06,1.519866729347042484e-06,0.000000000000000000e+00
2.685999999999925780e+00,1.248393743636585331e-06,-6.430014946061049117e-06,1.504369823024978006e-06,0.000000000000000000e+00
2.687999999999925560e+00,1.235664837529619326e-06,-6.364453053482981219e-06,1.489030926679076701e-06,0.000000000000000000e+00
2.689999999999925340e+00,1.223065718239919261e-06,-6.299559644850062297e-06,1.473848429203727939e-06,0.000000000000000000e+00
2.691999999999925119e+00,1.210595062431622984e-06,-6.235327904148181469e-06,1.458820735920528992e-06,0.000000000000000000e+00
2.693999999999924899e+00,1.198251560261901178e-06,-6.171751084860855619e-06,1.443946268410796127e-06,0.000000000000000000e+00
2.695999999999924679e+00,1.186033915243379936e-06,-6.108822509260615183e-06,1.429223464349722330e-06,0.000000000000000000e+00
2.697999999999924459e+00,1.173940844107964758e-06,-6.046535567707617675e-06,1.414650777342351068e-06,0.000000000000000000e+00
2.699999999999924238e+00,1.161971076672053894e-06,-5.984883717955408468e-06,1.400226676761108600e-06,0.000000000000000000e+00
2.701999999999924018e+00,1.150123355703126416e-06,-5.923860484463763624e-06,1.385949647585050669e-06,0.000000000000000000e+00
2.703999999999923798e+00,1.138396436787689361e-06,-5.863459457718537684e-06,1.371818190240728732e-06,0.000000000000000000e+00
2.705999999999923578e+00,1.126789088200572499e-06,-5.803674293558446959e-06,1.357830820444675714e-06,0.000000000000000000e+00
2.707999999999923357e+00,1.115300090775555063e-06,-5.744498712508717190e-06,1.343986069047538388e-06,0.000000000000000000e+00
2.709999999999923137e+00,1.103928237777311941e-06,-5.685926499121525239e-06,1.330282481879727649e-06,0.000000000000000000e+00
2.711999999999922917e+00,1.092672334774665575e-06,-5.627951501323165396e-06,1.316718619598701860e-06,0.000000000000000000e+00
2.713999999999922697e+00,1.081531199515129789e-06,-5.570567629767871651e-06,1.303293057537781633e-06,0.000000000000000000e+00
2.715999999999922476e+00,1.070503661800733282e-06,-5.513768857198231593e-06,1.290004385556523154e-06,0.000000000000000000e+00
2.717999999999922256e+00,1.059588563365109002e-06,-5.457549217812116524e-06,1.276851207892568737e-06,0.000000000000000000e+00
2.719999999999922036e+00,1.048784757751836922e-06,-5.401902806636072740e-06,1.263832143015103339e-06,0.000000000000000000e+00
2.721999999999921815e+00,1.038091110194026664e-06,-5.346823778905095213e-06,1.250945823479693449e-06,0.000000000000000000e+00
2.723999999999921595e+00,1.027506497495129158e-06,-5.292306349448731140e-06,1.238190895784684509e-06,0.000000000000000000e+00
2.725999999999921375e+00,1.017029807910962319e-06,-5.238344792083439687e-06,1.225566020229028124e-06,0.000000000000000000e+00
2.727999999999921155e+00,1.006659941032939934e-06,-5.184933439011146923e-06,1.213069870771579730e-06,0.000000000000000000e+00
2.729999999999920934e+00,9.963958076724921060e-07,-5.132066680223934974e-06,1.200701134891792162e-06,0.000000000000000000e+00
2.731999999999920714e+00,9.862363297466624481e-07,-5.079738962914802707e-06,1.188458513451920342e-06,0.000000000000000000e+00
2.733999999999920494e+00,9.761804401648735386e-07,-5.027944790894427638e-06,1.176340720560479559e-06,0.000000000000000000e+00
2.735999999999920274e+00,9.662270827168458295e-07,-4.976678724013883336e-06,1.164346483437235199e-06,0.000000000000000000e+00
2.737999999999920053e+00,9.563752119616594116e-07,-4.925935377593236923e-06,1.152474542279520616e-06,0.000000000000000000e+00
2.739999999999919833e+00,9.466237931179474158e-07,-4.875709421855974167e-06,1.140723650129896703e-06,0.000000000000000000e+00
2.741999999999919613e+00,9.369718019552089810e-07,-4.825995581369193710e-06,1.129092572745187049e-06,0.000000000000000000e+00
2.743999999999919392e+00,9.274182246862299282e-07,-4.776788634489505219e-06,1.117580088466848013e-06,0.000000000000000000e+00
2.745999999999919172e+00,9.179620578606007669e-07,-4.728083412814580639e-06,1.106184988092612741e-06,0.000000000000000000e+00
2.747999999999918952e+00,9.086023082593201735e-07,-4.679874800640295007e-06,1.094906074749551420e-06,0.000000000000000000e+00
2.749999999999918732e+00,8.993379927904733547e-07,-4.632157734423405176e-06,1.083742163768310605e-06,0.000000000000000000e+00
2.751999999999918511e+00,8.901681383859739667e-07,-4.584927202249704601e-06,1.072692082558680685e-06,0.000000000000000000e+00
2.753999999999918291e+00,8.810917818993587904e-07,-4.538178243307601685e-06,1.061754670486464403e-06,0.000000000000000000e+00
2.755999999999918071e+00,8.721079700046246809e-07,-4.491905947367066606e-06,1.050928778751544768e-06,0.000000000000000000e+00
2.757999999999917851e+00,8.632157590960968850e-07,-4.446105454263890752e-06,1.040213270267247231e-06,0.000000000000000000e+00
2.759999999999917630e+00,8.544142151893184573e-07,-4.400771953389202828e-06,1.029607019540887717e-06,0.000000000000000000e+00
2.761999999999917410e+00,8.457024138229500807e-07,-4.355900683184191679e-06,1.019108912555526819e-06,0.000000000000000000e+00
2.763999999999917190e+00,8.370794399616701268e-07,-4.311486930639980776e-06,1.008717846653038597e-06,0.000000000000000000e+00
2.765999999999916970e+00,8.285443879000648977e-07,-4.267526030802604365e-06,9.984327304182364715e-07,0.000000000000000000e+00
2.767999999999916749e+00,8.200963611674988855e-07,-4.224013366283024324e-06,9.882524835642391716e-07,0.000000000000000000e+00
2.769999999999916529e+00,8.117344724339545660e-07,-4.180944366772151281e-06,9.781760368190293054e-07,0.000000000000000000e+00
2.771999999999916309e+00,8.034578434168329403e-07,-4.138314508560804789e-06,9.682023318131232400e-07,0.000000000000000000e+00
2.773999999999916088e+00,7.952656047887038118e-07,-4.096119314064570189e-06,9.583303209684064972e-07,0.000000000000000000e+00
2.775999999999915868e+00,7.871568960859967989e-07,-4.054354351353500510e-06,9.485589673881346666e-07,0.000000000000000000e+00
2.777999999999915648e+00,7.791308656186235552e-07,-4.013015233686612574e-06,9.388872447479575350e-07,0.000000000000000000e+00
2.779999999999915428e+00,7.711866703805212429e-07,-3.972097619051131559e-06,9.293141371882036005e-07,0.000000000000000000e+00
2.781999999999915207e+00,7.633234759611083680e-07,-3.931597209706429833e-06,9.198386392071064869e-07,0.000000000000000000e+00
2.783999999999914987e+00,7.555404564576431276e-07,-3.891509751732620224e-06,9.104597555552375343e-07,0.000000000000000000e+00
2.785999999999914767e+00,7.478367943884755895e-07,-3.851831034583747831e-06,9.011765011309582154e-07,0.000000000000000000e+00
2.787999999999914547e+00,7.402116806071844923e-07,-3.812556890645540574e-06,8.919879008769432036e-07,0.000000000000000000e+00
2.789999999999914326e+00,7.326643142175891350e-07,-3.773683194797668495e-06,8.828929896777842532e-07,0.000000000000000000e+00
2.791999999999914106e+00,7.251939024896282062e-07,-3.735205863980464805e-06,8.738908122585901917e-07,0.000000000000000000e+00
2.793999999999913886e+00,7.177996607760960219e-07,-3.697120856766066328e-06,8.649804230846914424e-07,0.000000000000000000e+00
2.795999999999913666e+00,7.104808124302281252e-07,-3.659424172933926326e-06,8.561608862622864481e-07,0.000000000000000000e+00
2.797999999999913445e+00,7.032365887241268257e-07,-3.622111853050654819e-06,8.474312754401655198e-07,0.000000000000000000e+00
2.799999999999913225e+00,6.960662287680185249e-07,-3.585179978054144463e-06,8.387906737124138569e-07,0.000000000000000000e+00
2.801999999999913005e+00,6.889689794303346753e-07,-3.548624668841934564e-06,8.302381735220903480e-07,0.000000000000000000e+00
2.803999999999912784e+00,6.819440952586071615e-07,-3.512442085863774253e-06,8.217728765659058714e-07,0.000000000000000000e+00
2.805999999999912564e+00,6.749908384011704808e-07,-3.476628428718339088e-06,8.133938936998943178e-07,0.000000000000000000e+00
2.807999999999912344e+00,6.681084785296623574e-07,-3.441179935754059153e-06,8.051003448459780802e-07,0.000000000000000000e+00
2.809999999999912124e+00,6.612962927623143214e-07,-3.406092883674018849e-06,7.968913588995770879e-07,0.000000000000000000e+00
2.811999999999911903e+00,6.545535655880245223e-07,-3.371363587144882626e-06,7.887660736380818145e-07,0.000000000000000000e+00
2.813999999999911683e+00,6.478795887912049424e-07,-3.336988398409810671e-06,7.807236356302885150e-07,0.000000000000000000e+00
2.815999999999911463e+00,6.412736613773943286e-07,-3.302963706905320912e-06,7.727632001467933047e-07,0.000000000000000000e+00
2.817999999999911243e+00,6.347350894996301703e-07,-3.269285938882056281e-06,7.648839310712434347e-07,0.000000000000000000e+00
2.819999999999911022e+00,6.282631863855713617e-07,-3.235951557029419094e-06,7.570850008124965877e-07,0.000000000000000000e+00
2.821999999999910802e+00,6.218572722653632877e-07,-3.202957060104034451e-06,7.493655902177424021e-07,0.000000000000000000e+00
2.823999999999910582e+00,6.155166743002392990e-07,-3.170298982561999868e-06,7.417248884864269839e-07,0.000000000000000000e+00
2.825999999999910361e+00,6.092407265118495770e-07,-3.137973894194885153e-06,7.341620930850989912e-07,0.000000000000000000e+00
2.827999999999910141e+00,6.030287697123107178e-07,-3.105978399769444398e-06,7.266764096631264669e-07,0.000000000000000000e+00
2.829999999999909921e+00,5.968801514349687300e-07,-3.074309138671001132e-06,7.192670519692607057e-07,0.000000000000000000e+00
2.831999999999909701e+00,5.907942258658678217e-07,-3.042962784550469368e-06,7.119332417690437656e-07,0.000000000000000000e+00
2.833999999999909480e+00,5.847703537759178854e-07,-3.011936044974973256e-06,7.046742087630697882e-07,0.000000000000000000e+00
2.835999999999909260e+00,5.788079024537537953e-07,-2.981225661082030222e-06,6.974891905060899642e-07,0.000000000000000000e+00
2.837999999999909040e+00,5.729062456392793205e-07,-2.950828407237260287e-06,6.903774323269103218e-07,0.000000000000000000e+00
2.839999999999908820e+00,5.670647634578881340e-07,-2.920741090695583903e-06,6.833381872491467121e-07,0.000000000000000000e+00
2.841999999999908599e+00,5.612828423553564140e-07,-2.890960551265874836e-06,6.763707159127421242e-07,0.000000000000000000e+00
2.843999999999908379e+00,5.555598750333983532e-07,-2.861483660979033781e-06,6.694742864963378103e-07,0.000000000000000000e+00
2.845999999999908159e+00,5.498952603858794962e-07,-2.832307323759444617e-06,6.626481746403762457e-07,0.000000000000000000e+00
2.847999999999907939e+00,5.442884034356799619e-07,-2.803428475099781094e-06,6.558916633710511234e-07,0.000000000000000000e+00
2.849999999999907718e+00,5.387387152722017297e-07,-2.774844081739129650e-06,6.492040430249688553e-07,0.000000000000000000e+00
2.851999999999907498e+00,5.332456129895128933e-07,-2.746551141344393640e-06,6.425846111746333898e-07,0.000000000000000000e+00
2.853999999999907278e+00,5.278085196251229549e-07,-2.718546682194947209e-06,6.360326725546594777e-07,0.000000000000000000e+00
2.855999999999907057e+00,5.224268640993819586e-07,-2.690827762870501950e-06,6.295475389887381036e-07,0.000000000000000000e+00
2.857999999999906837e+00,5.171000811554976409e-07,-2.663391471942159265e-06,6.231285293173676344e-07,0.000000000000000000e+00
2.859999999999906617e+00,5.118276113001644559e-07,-2.636234927666610715e-06,6.167749693263066405e-07,0.000000000000000000e+00
2.861999999999906397e+00,5.066089007447975941e-07,-2.609355277683456731e-06,6.104861916757483892e-07,0.000000000000000000e+00
2.863999999999906176e+00,5.014434013473663830e-07,-2.582749698715611900e-06,6.042615358302407262e-07,0.000000000000000000e+00
2.865999999999905956e+00,4.963305705548208223e-07,-2.556415396272765936e-06,5.981003479892937490e-07,0.000000000000000000e+00
2.867999999999905736e+00,4.912698713461051132e-07,-2.530349604357866010e-06,5.920019810187227038e-07,0.000000000000000000e+00
2.869999999999905516e+00,4.862607721757519341e-07,-2.504549585176592917e-06,5.859657943826651215e-07,0.000000000000000000e+00
2.871999999999905295e+00,4.813027469180523821e-07,-2.479012628849800593e-06,5.799911540763094610e-07,0.000000000000000000e+00
2.873999999999905075e+00,4.763952748117945899e-07,-2.453736053128886363e-06,5.740774325593081550e-07,0.000000000000000000e+00
2.875999999999904855e+00,4.715378404055664679e-07,-2.428717203114062275e-06,5.682240086898377894e-07,0.000000000000000000e+00
2.877999999999904635e+00,4.667299335036154755e-07,-2.403953450975502961e-06,5.624302676594046708e-07,0.000000000000000000e+00
2.879999999999904414e+00,4.619710491122608172e-07,-2.379442195677331483e-06,5.566956009282196017e-07,0.000000000000000000e+00
2.881999999999904194e+00,4.572606873868519745e-07,-2.355180862704424098e-06,5.510194061613146548e-07,0.000000000000000000e+00
2.883999999999903974e+00,4.525983535792679629e-07,-2.331166903791997535e-06,5.454010871652630358e-07,0.000000000000000000e+00
2.885999999999903753e+00,4.479835579859520723e-07,-2.307397796657955474e-06,5.398400538255596320e-07,0.000000000000000000e+00
2.887999999999903533e+00,4.434158158964761617e-07,-2.283871044737961631e-06,5.343357220446453052e-07,0.000000000000000000e+00
2.889999999999903313e+00,4.388946475426297443e-07,-2.260584176923217835e-06,5.288875136805546015e-07,0.000000000000000000e+00
2.891999999999903093e+00,4.344195780480279322e-07,-2.237534747300911538e-06,5.234948564861767125e-07,0.000000000000000000e+00
2.893999999999902872e+00,4.299901373782333197e-07,-2.214720334897313262e-06,5.181571840491737348e-07,0.000000000000000000e+00
2.895999999999902652e+00,4.256058602913863496e-07,-2.192138543423490953e-06,5.128739357324749106e-07,0.000000000000000000e+00
2.897999999999902432e+00,4.212662862893391361e-07,-2.169787001023618802e-06,5.076445566153841215e-07,0.000000000000000000e+00
2.899999999999902212e+00,4.169709595692874479e-07,-2.147663360025851725e-06,5.024684974353175744e-07,0.000000000000000000e+00
2.901999999999901991e+00,4.127194289758959826e-07,-2.125765296695739673e-06,4.973452145300768113e-07,0.000000000000000000e+00
2.903999999999901771e+00,4.085112479539116906e-07,-2.104090510992157207e-06,4.922741697807891828e-07,0.000000000000000000e+00
2.905999999999901551e+00,4.043459745012602261e-07,-2.082636726325720380e-06,4.872548305553531516e-07,0.000000000000000000e+00
2.907999999999901330e+00,4.002231711226209179e-07,-2.061401689319667225e-06,4.822866696525002369e-07,0.000000000000000000e+00
2.909999999999901110e+00,3.961424047834745439e-07,-2.040383169573177261e-06,4.773691652464363291e-07,0.000000000000000000e+00
2.911999999999900890e+00,3.921032468646203618e-07,-2.019578959427103359e-06,4.725018008320115530e-07,0.000000000000000000e+00
2.913999999999900670e+00,3.881052731171562019e-07,-1.998986873732092238e-06,4.676840651704898305e-07,0.000000000000000000e+00
2.915999999999900449e+00,3.841480636179180757e-07,-1.978604749619069452e-06,4.629154522358334392e-07,0.000000000000000000e+00
2.917999999999900229e+00,3.802312027253739526e-07,-1.958430446272064730e-06,4.581954611615601651e-07,0.000000000000000000e+00
2.919999999999900009e+00,3.763542790359672582e-07,-1.938461844703354375e-06,4.535235961881442507e-07,0.000000000000000000e+00
2.921999999999899789e+00,3.725168853409054888e-07,-1.918696847530894039e-06,4.488993666109323394e-07,0.000000000000000000e+00
2.923999999999899568e+00,3.687186185833894410e-07,-1.899133378758023242e-06,4.443222867286082965e-07,0.000000000000000000e+00
2.925999999999899348e+00,3.649590798162786115e-07,-1.879769383555414739e-06,4.397918757921730269e-07,0.000000000000000000e+00
2.927999999999899128e+00,3.612378741601881062e-07,-1.860602828045247772e-06,4.353076579544579232e-07,0.000000000000000000e+00
2.929999999999898908e+00,3.575546107620129310e-07,-1.841631699087581913e-06,4.308691622201380633e-07,0.000000000000000000e+00
2.931999999999898687e+00,3.539089027538751103e-07,-1.822854004068908420e-06,4.264759223962637924e-07,0.000000000000000000e+00
2.933999999999898467e+00,3.503003672124893996e-07,-1.804267770692858558e-06,4.221274770432920543e-07,0.000000000000000000e+00
2.935999999999898247e+00,3.467286251189433016e-07,-1.785871046773045386e-06,4.178233694266310241e-07,0.000000000000000000e+00
2.937999999999898026e+00,3.431933013188872596e-07,-1.767661900028017412e-06,4.135631474686489163e-07,0.000000000000000000e+00
2.939999999999897806e+00,3.396940244831306313e-07,-1.749638417878303780e-06,4.093463637012045636e-07,0.000000000000000000e+00
2.941999999999897586e+00,3.362304270686395805e-07,-1.731798707245528121e-06,4.051725752186421709e-07,0.000000000000000000e+00
2.943999999999897366e+00,3.328021452799324390e-07,-1.714140894353571175e-06,4.010413436312722658e-07,0.000000000000000000e+00
2.945999999999897145e+00,3.294088190308689382e-07,-1.696663124531760565e-06,3.969522350193269877e-07,0.000000000000000000e+00
2.947999999999896925e+00,3.260500919068288119e-07,-1.679363562020067403e-06,3.929048198873863267e-07,0.000000000000000000e+00
2.949999999999896705e+00,3.227256111272762220e-07,-1.662240389776288566e-06,3.888986731192600673e-07,0.000000000000000000e+00
2.951999999999896485e+00,3.194350275087058263e-07,-1.645291809285195975e-06,3.849333739333339046e-07,0.000000000000000000e+00
2.953999999999896264e+00,3.161779954279665687e-07,-1.628516040369631528e-06,3.810085058383899008e-07,0.000000000000000000e+00
2.955999999999896044e+00,3.129541727859594891e-07,-1.611911321003527323e-06,3.771236565898385980e-07,0.000000000000000000e+00
2.957999999999895824e+00,3.097632209717058439e-07,-1.595475907126833621e-06,3.732784181464356350e-07,0.000000000000000000e+00
2.959999999999895604e+00,3.066048048267811988e-07,-1.579208072462332935e-06,3.694723866274151036e-07,0.000000000000000000e+00
2.961999999999895383e+00,3.034785926101125276e-07,-1.563106108334322252e-06,3.657051622700769152e-07,0.000000000000000000e+00
2.963999999999895163e+00,3.003842559631342415e-07,-1.547168323489143906e-06,3.619763493877807428e-07,0.000000000000000000e+00
2.965999999999894943e+00,2.973214698752991248e-07,-1.531393043917547094e-06,3.582855563284109132e-07,0.000000000000000000e+00
2.967999999999894722e+00,2.942899126499414253e-07,-1.515778612678859087e-06,3.546323954332156880e-07,0.000000000000000000e+00
2.969999999999894502e+00,2.912892658704875447e-07,-1.500323389726950452e-06,3.510164829961022486e-07,0.000000000000000000e+00
2.971999999999894282e+00,2.883192143670115786e-07,-1.485025751737974804e-06,3.474374392233348682e-07,0.000000000000000000e+00
2.973999999999894062e+00,2.853794461831318391e-07,-1.469884091939864259e-06,3.438948881936396601e-07,0.000000000000000000e+00
2.975999999999893841e+00,2.824696525432447089e-07,-1.454896819943563614e-06,3.403884578187209840e-07,0.000000000000000000e+00
2.977999999999893621e+00,2.795895278200927556e-07,-1.440062361575985932e-06,3.369177798041776516e-07,0.000000000000000000e+00
2.979999999999893401e+00,2.767387695026634008e-07,-1.425379158714670429e-06,3.334824896108274023e-07,0.000000000000000000e+00
2.981999999999893181e+00,2.739170781644151255e-07,-1.410845669124126613e-06,3.300822264164074616e-07,0.000000000000000000e+00
2.983999999999892960e+00,2.711241574318274551e-07,-1.396460366293847485e-06,3.267166330776816749e-07,0.000000000000000000e+00
2.985999999999892740e+00,2.683597139532714922e-07,-1.382221739277973827e-06,3.233853560929305005e-07,0.000000000000000000e+00
2.987999999999892520e+00,2.656234573681982994e-07,-1.368128292536593262e-06,3.200880455648136974e-07,0.000000000000000000e+00
2.989999999999892299e+00,2.629151002766410012e-07,-1.354178545778658419e-06,3.168243551636277296e-07,0.000000000000000000e+00
2.991999999999892079e+00,2.602343582090280125e-07,-1.340371033806505140e-06,3.135939420909206193e-07,0.000000000000000000e+00
2.993999999999891859e+00,2.575809495963041100e-07,-1.326704306361957816e-06,3.103964670434981285e-07,0.000000000000000000e+00
2.995999999999891639e+00,2.549545957403561179e-07,-1.313176927974002160e-06,3.072315941777721424e-07,0.000000000000000000e+00
2.997999999999891418e+00,2.523550207847400849e-07,-1.299787477808012496e-06,3.040989910744969937e-07,0.000000000000000000e+00
2.999999999999891198e+00,2.497819516857070394e-07,-1.286534549516515772e-06,3.009983287038446001e-07,0.000000000000000000e+00
3.001999999999890978e+00,2.472351181835240954e-07,-1.273416751091476855e-06,2.979292813908506024e-07,0.000000000000000000e+00
3.003999999999890758e+00,2.447142527740878903e-07,-1.260432704718090690e-06,2.948915267812094799e-07,0.000000000000000000e+00
3.005999999999890537e+00,2.422190906808277607e-07,-1.247581046630065234e-06,2.918847458074118670e-07,0.000000000000000000e+00
3.007999999999890317e+00,2.397493698268950038e-07,-1.234860426966378875e-06,2.889086226552308481e-07,0.000000000000000000e+00
3.009999999999890097e+00,2.373048308076360008e-07,-1.222269509629499605e-06,2.859628447305572293e-07,0.000000000000000000e+00
3.011999999999889877e+00,2.348852168633458932e-07,-1.209806972145049237e-06,2.830471026265583769e-07,0.000000000000000000e+00
3.013999999999889656e+00,2.324902738523000863e-07,-1.197471505522898686e-06,2.801610900911860337e-07,0.000000000000000000e+00
3.015999999999889436e+00,2.301197502240607203e-07,-1.185261814119679697e-06,2.773045039950093957e-07,0.000000000000000000e+00
3.017999999999889216e+00,2.277733969930553307e-07,-1.173176615502697779e-06,2.744770442993683674e-07,0.000000000000000000e+00
3.019999999999888995e+00,2.254509677124248645e-07,-1.161214640315233426e-06,2.716784140248724067e-07,0.000000000000000000e+00
3.021999999999888775e+00,2.231522184481384330e-07,-1.149374632143216591e-06,2.689083192201958305e-07,0.000000000000000000e+00
3.023999999999888555e+00,2.208769077533719151e-07,-1.137655347383260220e-06,2.661664689312051585e-07,0.000000000000000000e+00
3.025999999999888335e+00,2.186247966431478437e-07,-1.126055555112040154e-06,2.634525751704066345e-07,0.000000000000000000e+00
3.027999999999888114e+00,2.163956485692338225e-07,-1.114574036957005706e-06,2.607663528866935976e-07,0.000000000000000000e+00
3.029999999999887894e+00,2.141892293952970118e-07,-1.103209586968409298e-06,2.581075199353937035e-07,0.000000000000000000e+00
3.031999999999887674e+00,2.120053073723117174e-07,-1.091961011492641145e-06,2.554757970486600400e-07,0.000000000000000000e+00
3.033999999999887454e+00,2.098436531142180202e-07,-1.080827129046854619e-06,2.528709078061163541e-07,0.000000000000000000e+00
3.035999999999887233e+00,2.077040395738282678e-07,-1.069806770194870628e-06,2.502925786058343146e-07,0.000000000000000000e+00
3.037999999999887013e+00,2.055862420189795762e-07,-1.058898777424346403e-06,2.477405386355886020e-07,0.000000000000000000e+00
3.039999999999886793e+00,2.034900380089291665e-07,-1.048102005025198531e-06,2.452145198444220125e-07,0.000000000000000000e+00
3.041999999999886573e+00,2.014152073709906276e-07,-1.037415318969263498e-06,2.427142569144833068e-07,0.000000000000000000e+00
3.043999999999886352e+00,1.993615321774082501e-07,-1.026837596791186229e-06,2.402394872331598257e-07,0.000000000000000000e+00
3.045999999999886132e+00,1.973287967224672042e-07,-1.016367727470523680e-06,2.377899508655014859e-07,0.000000000000000000e+00
3.047999999999885912e+00,1.953167874998371030e-07,-1.006004611315049543e-06,2.353653905269124377e-07,0.000000000000000000e+00
3.049999999999885691e+00,1.933252931801465931e-07,-9.957471598452490135e-07,2.329655515561290195e-07,0.000000000000000000e+00
3.051999999999885471e+00,1.913541045887866182e-07,-9.855942956799915806e-07,2.305901818884687637e-07,0.000000000000000000e+00
3.053999999999885251e+00,1.894030146839398666e-07,-9.755449524233695426e-07,2.282390320293614642e-07,0.000000000000000000e+00
3.055999999999885031e+00,1.874718185348344975e-07,-9.655980745526899698e-07,2.259118550281394354e-07,0.000000000000000000e+00
3.057999999999884810e+00,1.855603133002192865e-07,-9.557526173076088911e-07,2.236084064520996699e-07,0.000000000000000000e+00
3.059999999999884590e+00,1.836682982070584973e-07,-9.460075465803961644e-07,2.213284443608294223e-07,0.000000000000000000e+00
3.061999999999884370e+00,1.817955745294438583e-07,-9.363618388073189591e-07,2.190717292807977624e-07,0.000000000000000000e+00
3.063999999999884150e+00,1.799419455677216060e-07,-9.268144808611326288e-07,2.168380241801970019e-07,0.000000000000000000e+00
3.065999999999883929e+00,1.781072166278322661e-07,-9.173644699446680681e-07,2.146270944440543263e-07,0.000000000000000000e+00
3.067999999999883709e+00,1.762911950008612665e-07,-9.080108134855036950e-07,2.124387078495788999e-07,0.000000000000000000e+00
3.069999999999883489e+00,1.744936899427978412e-07,-8.987525290317118943e-07,2.102726345417817172e-07,0.000000000000000000e+00
3.071999999999883268e+00,1.727145126545005038e-07,-8.895886441486678529e-07,2.081286470093224582e-07,0.000000000000000000e+00
3.073999999999883048e+00,1.709534762618666828e-07,-8.805181963169111501e-07,2.060065200606214653e-07,0.000000000000000000e+00
3.075999999999882828e+00,1.692103957962045859e-07,-8.715402328310482465e-07,2.039060308002029598e-07,0.000000000000000000e+00
3.077999999999882608e+00,1.674850881748052024e-07,-8.626538106996862347e-07,2.018269586052822047e-07,0.000000000000000000e+00
3.079999999999882387e+00,1.657773721817124319e-07,-8.538579965463866301e-07,1.997690851025957649e-07,0.000000000000000000e+00
3.081999999999882167e+00,1.640870684486891685e-07,-8.451518665116289305e-07,1.977321941454647026e-07,0.000000000000000000e+00
3.083999999999881947e+00,1.624139994363776208e-07,-8.365345061557742038e-07,1.957160717910890117e-07,0.000000000000000000e+00
3.085999999999881727e+00,1.607579894156515898e-07,-8.280050103630176930e-07,1.937205062780783749e-07,0.000000000000000000e+00
3.087999999999881506e+00,1.591188644491589601e-07,-8.195624832463209087e-07,1.917452880042090787e-07,0.000000000000000000e+00
3.089999999999881286e+00,1.574964523730523365e-07,-8.112060380533131507e-07,1.897902095044113208e-07,0.000000000000000000e+00
3.091999999999881066e+00,1.558905827789060296e-07,-8.029347970731522943e-07,1.878550654289767470e-07,0.000000000000000000e+00
3.093999999999880846e+00,1.543010869958173490e-07,-7.947478915443351014e-07,1.859396525219870623e-07,0.000000000000000000e+00
3.095999999999880625e+00,1.527277980726904597e-07,-7.866444615634479487e-07,1.840437695999654134e-07,0.000000000000000000e+00
3.097999999999880405e+00,1.511705507607007615e-07,-7.786236559948478104e-07,1.821672175307522334e-07,0.000000000000000000e+00
3.099999999999880185e+00,1.496291814959382315e-07,-7.706846323812638602e-07,1.803097992125818341e-07,0.000000000000000000e+00
3.101999999999879964e+00,1.481035283822276101e-07,-7.628265568553109038e-07,1.784713195533826151e-07,0.000000000000000000e+00
3.103999999999879744e+00,1.465934311741237916e-07,-7.550486040519051133e-07,1.766515854502890304e-07,0.000000000000000000e+00
3.105999999999879524e+00,1.450987312600806440e-07,-7.473499570215723225e-07,1.748504057693526086e-07,0.000000000000000000e+00
3.107999999999879304e+00,1.436192716457913532e-07,-7.397298071446407310e-07,1.730675913254715070e-07,0.000000000000000000e+00
3.109999999999879083e+00,1.421548969376987299e-07,-7.321873540463084864e-07,1.713029548625191189e-07,0.000000000000000000e+00
3.111999999999878863e+00,1.407054533266735726e-07,-7.247218055125769357e-07,1.695563110336725801e-07,0.000000000000000000e+00
3.113999999999878643e+00,1.392707885718594998e-07,-7.173323774070410725e-07,1.678274763819487990e-07,0.000000000000000000e+00
3.115999999999878423e+00,1.378507519846824498e-07,-7.100182935885290297e-07,1.661162693209344572e-07,0.000000000000000000e+00
3.117999999999878202e+00,1.364451944130232880e-07,-7.027787858295803465e-07,1.644225101157108270e-07,0.000000000000000000e+00
3.119999999999877982e+00,1.350539682255517739e-07,-6.956130937357562336e-07,1.627460208639784899e-07,0.000000000000000000e+00
3.121999999999877762e+00,1.336769272962202195e-07,-6.885204646657724125e-07,1.610866254773700952e-07,0.000000000000000000e+00
3.123999999999877542e+00,1.323139269889153325e-07,-6.815001536524460605e-07,1.594441496629553958e-07,0.000000000000000000e+00
3.125999999999877321e+00,1.309648241422664414e-07,-6.745514233244487066e-07,1.578184209049317841e-07,0.000000000000000000e+00
3.127999999999877101e+00,1.296294770546087291e-07,-6.676735438288575627e-07,1.562092684465113390e-07,0.000000000000000000e+00
3.129999999999876881e+00,1.283077454690997250e-07,-6.608657927544959706e-07,1.546165232719789748e-07,0.000000000000000000e+00
3.131999999999876660e+00,1.269994905589876031e-07,-6.541274550560556620e-07,1.530400180889411710e-07,0.000000000000000000e+00
3.133999999999876440e+00,1.257045749130296148e-07,-6.474578229789927819e-07,1.514795873107576622e-07,0.000000000000000000e+00
3.135999999999876220e+00,1.244228625210592303e-07,-6.408561959851893122e-07,1.499350670391450755e-07,0.000000000000000000e+00
3.137999999999876000e+00,1.231542187597004777e-07,-6.343218806793732263e-07,1.484062950469669151e-07,0.000000000000000000e+00
3.139999999999875779e+00,1.218985103782278929e-07,-6.278541907362879483e-07,1.468931107611878712e-07,0.000000000000000000e+00
3.141999999999875559e+00,1.206556054845706764e-07,-6.214524468286052972e-07,1.453953552460153230e-07,0.000000000000000000e+00
3.143999999999875339e+00,1.194253735314595223e-07,-6.151159765555725955e-07,1.439128711862000846e-07,0.000000000000000000e+00
3.145999999999875119e+00,1.182076853027147433e-07,-6.088441143723880154e-07,1.424455028705141801e-07,0.000000000000000000e+00
3.147999999999874898e+00,1.170024128996741557e-07,-6.026362015202956905e-07,1.409930961753997196e-07,0.000000000000000000e+00
3.149999999999874678e+00,1.158094297277593753e-07,-5.964915859573935006e-07,1.395554985487727821e-07,0.000000000000000000e+00
3.151999999999874458e+00,1.146286104831790806e-07,-5.904096222901468573e-07,1.381325589940119521e-07,0.000000000000000000e+00
3.153999999999874237e+00,1.134598311397678815e-07,-5.843896717056000227e-07,1.367241280540849215e-07,0.000000000000000000e+00
3.155999999999874017e+00,1.123029689359593228e-07,-5.784311019042792412e-07,1.353300577958614401e-07,0.000000000000000000e+00
3.157999999999873797e+00,1.111579023618917665e-07,-5.725332870337799563e-07,1.339502017945694135e-07,0.000000000000000000e+00
3.159999999999873577e+00,1.100245111466457095e-07,-5.666956076230305959e-07,1.325844151184161734e-07,0.000000000000000000e+00
3.161999999999873356e+00,1.089026762456112537e-07,-5.609174505172275242e-07,1.312325543133698358e-07,0.000000000000000000e+00
3.163999999999873136e+00,1.077922798279843902e-07,-5.551982088134325859e-07,1.298944773880855038e-07,0.000000000000000000e+00
3.165999999999872916e+00,1.066932052643907370e-07,-5.495372817968278416e-07,1.285700437989932516e-07,0.000000000000000000e+00
3.167999999999872696e+00,1.056053371146354968e-07,-5.439340748776199778e-07,1.272591144355402699e-07,0.000000000000000000e+00
3.169999999999872475e+00,1.045285611155783254e-07,-5.383879995285884619e-07,1.259615516055744654e-07,0.000000000000000000e+00
3.171999999999872255e+00,1.034627641691317891e-07,-5.328984732232697126e-07,1.246772190208864550e-07,0.000000000000000000e+00
3.173999999999872035e+00,1.024078343303822427e-07,-5.274649193747724168e-07,1.234059817828896276e-07,0.000000000000000000e+00
3.175999999999871815e+00,1.013636607958318085e-07,-5.220867672752160496e-07,1.221477063684560583e-07,0.000000000000000000e+00
3.177999999999871594e+00,1.003301338917602360e-07,-5.167634520357873058e-07,1.209022606158887962e-07,0.000000000000000000e+00
3.179999999999871374e+00,9.930714506270542592e-08,-5.114944145274074539e-07,1.196695137110423825e-07,0.000000000000000000e+00
3.181999999999871154e+00,9.829458686006141391e-08,-5.062791013220047886e-07,1.184493361735814348e-07,0.000000000000000000e+00
3.183999999999870933e+00,9.729235293079263568e-08,-5.011169646343859363e-07,1.172415998433823806e-07,0.000000000000000000e+00
3.185999999999870713e+00,9.630033800626323022e-08,-4.960074622646998714e-07,1.160461778670698681e-07,0.000000000000000000e+00
3.187999999999870493e+00,9.531843789118025544e-08,-4.909500575414881856e-07,1.148629446846954793e-07,0.000000000000000000e+00
3.189999999999870273e+00,9.434654945264962546e-08,-4.859442192653165277e-07,1.136917760165473094e-07,0.000000000000000000e+00
3.191999999999870052e+00,9.338457060934365770e-08,-4.809894216529807547e-07,1.125325488500997300e-07,0.000000000000000000e+00
3.193999999999869832e+00,9.243240032077909164e-08,-4.760851442822816548e-07,1.113851414270897844e-07,0.000000000000000000e+00
3.195999999999869612e+00,9.148993857670436151e-08,-4.712308720373628930e-07,1.102494332307286836e-07,0.000000000000000000e+00
3.197999999999869392e+00,9.055708638659514371e-08,-4.664260950546063589e-07,1.091253049730450168e-07,0.000000000000000000e+00
3.199999999999869171e+00,8.963374576925698765e-08,-4.616703086690791962e-07,1.080126385823541693e-07,0.000000000000000000e+00
3.201999999999868951e+00,8.871981974253393161e-08,-4.569630133615267987e-07,1.069113171908569134e-07,0.000000000000000000e+00
3.203999999999868731e+00,8.781521231312212427e-08,-4.523037147059063722e-07,1.058212251223659007e-07,0.000000000000000000e+00
3.205999999999868511e+00,8.691982846648720765e-08,-4.476919233174552910e-07,1.047422478801541277e-07,0.000000000000000000e+00
3.207999999999868290e+00,8.603357415688462794e-08,-4.431271548012891158e-07,1.036742721349279146e-07,0.000000000000000000e+00
3.209999999999868070e+00,8.515635629748157691e-08,-4.386089297015236065e-07,1.026171857129256695e-07,0.000000000000000000e+00
3.211999999999867850e+00,8.428808275057974360e-08,-4.341367734509156490e-07,1.015708775841352358e-07,0.000000000000000000e+00
3.213999999999867629e+00,8.342866231793771139e-08,-4.297102163210174837e-07,1.005352378506315198e-07,0.000000000000000000e+00
3.215999999999867409e+00,8.257800473119203446e-08,-4.253287933728392600e-07,9.951015773503270169e-08,0.000000000000000000e+00
3.217999999999867189e+00,8.173602064237600098e-08,-4.209920444080147280e-07,9.849552956907757295e-08,0.000000000000000000e+00
3.219999999999866969e+00,8.090262161453507715e-08,-4.166995139204646151e-07,9.749124678231383480e-08,0.000000000000000000e+00
3.221999999999866748e+00,8.007772011243797331e-08,-4.124507510485530819e-07,9.649720389090582837e-08,0.000000000000000000e+00
3.223999999999866528e+00,7.926122949338251161e-08,-4.082453095277319098e-07,9.551329648655492021e-08,0.000000000000000000e+00
3.225999999999866308e+00,7.845306399809517016e-08,-4.040827476436676040e-07,9.453942122553381380e-08,0.000000000000000000e+00
3.227999999999866088e+00,7.765313874172348322e-08,-3.999626281858462218e-07,9.357547581783055171e-08,0.000000000000000000e+00
3.229999999999865867e+00,7.686136970492018565e-08,-3.958845184016516411e-07,9.262135901640559680e-08,0.000000000000000000e+00
3.231999999999865647e+00,7.607767372501836044e-08,-3.918479899509116012e-07,9.167697060655818057e-08,0.000000000000000000e+00
3.233999999999865427e+00,7.530196848729654376e-08,-3.878526188609074954e-07,9.074221139539810713e-08,0.000000000000000000e+00
3.235999999999865206e+00,7.453417251633286116e-08,-3.838979854818428839e-07,8.981698320142851854e-08,0.000000000000000000e+00
3.237999999999864986e+00,7.377420516744733464e-08,-3.799836744427659641e-07,8.890118884423411563e-08,0.000000000000000000e+00
3.239999999999864766e+00,7.302198661823144719e-08,-3.761092746079413918e-07,8.799473213427314055e-08,0.000000000000000000e+00
3.241999999999864546e+00,7.227743786016411816e-08,-3.722743790336672176e-07,8.709751786277312064e-08,0.000000000000000000e+00
3.243999999999864325e+00,7.154048069031305667e-08,-3.684785849255319109e-07,8.620945179173291508e-08,0.000000000000000000e+00
3.245999999999864105e+00,7.081103770312084495e-08,-3.647214935961071813e-07,8.533044064402386437e-08,0.000000000000000000e+00
3.247999999999863885e+00,7.008903228227470583e-08,-3.610027104230723110e-07,8.446039209359046613e-08,0.000000000000000000e+00
3.249999999999863665e+00,6.937438859265917357e-08,-3.573218448077653915e-07,8.359921475575608302e-08,0.000000000000000000e+00
3.251999999999863444e+00,6.866703157239086070e-08,-3.536785101341571242e-07,8.274681817762267135e-08,0.000000000000000000e+00
3.253999999999863224e+00,6.796688692493436802e-08,-3.500723237282431078e-07,8.190311282857003599e-08,0.000000000000000000e+00
3.255999999999863004e+00,6.727388111129866271e-08,-3.465029068178499547e-07,8.106801009085334115e-08,0.000000000000000000e+00
3.257999999999862784e+00,6.658794134231295838e-08,-3.429698844928513707e-07,8.024142225029252425e-08,0.000000000000000000e+00
3.259999999999862563e+00,6.590899557098138248e-08,-3.394728856657898581e-07,7.942326248706335366e-08,0.000000000000000000e+00
3.261999999999862343e+00,6.523697248491558392e-08,-3.360115430328998595e-07,7.861344486657573095e-08,0.000000000000000000e+00
3.263999999999862123e+00,6.457180149884452665e-08,-3.325854930355285306e-07,7.781188433044728425e-08,0.000000000000000000e+00
3.265999999999861902e+00,6.391341274720062197e-08,-3.291943758219494826e-07,7.701849668757098234e-08,0.000000000000000000e+00
3.267999999999861682e+00,6.326173707678148509e-08,-3.258378352095663731e-07,7.623319860527168711e-08,0.000000000000000000e+00
3.269999999999861462e+00,6.261670603948648204e-08,-3.225155186475013658e-07,7.545590760055164459e-08,0.000000000000000000e+00
3.271999999999861242e+00,6.197825188512735221e-08,-3.192270771795655503e-07,7.468654203143042006e-08,0.000000000000000000e+00
3.273999999999861021e+00,6.134630755431213900e-08,-3.159721654076065032e-07,7.392502108836657189e-08,0.000000000000000000e+00
3.275999999999860801e+00,6.072080667140167407e-08,-3.127504414552298136e-07,7.317126478577165198e-08,0.000000000000000000e+00
3.277999999999860581e+00,6.010168353753788747e-08,-3.095615669318904451e-07,7.242519395360806238e-08,0.000000000000000000e+00
3.279999999999860361e+00,5.948887312374318892e-08,-3.064052068973501215e-07,7.168673022907330939e-08,0.000000000000000000e+00
3.281999999999860140e+00,5.888231106409019274e-08,-3.032810298264974014e-07,7.095579604837150197e-08,0.000000000000000000e+00
3.283999999999859920e+00,5.828193364894113757e-08,-3.001887075745261012e-07,7.023231463856320072e-08,0.000000000000000000e+00
3.285999999999859700e+00,5.768767781825620038e-08,-2.971279153424690474e-07,6.951621000950420533e-08,0.000000000000000000e+00
3.287999999999859480e+00,5.709948115497003627e-08,-2.940983316430830312e-07,6.880740694586269255e-08,0.000000000000000000e+00
3.289999999999859259e+00,5.651728187843587588e-08,-2.910996382670818395e-07,6.810583099921978695e-08,0.000000000000000000e+00
3.291999999999859039e+00,5.594101883793645221e-08,-2.881315202497133941e-07,6.741140848024890569e-08,0.000000000000000000e+00
3.293999999999858819e+00,5.537063150626109546e-08,-2.851936658376777149e-07,6.672406645097768907e-08,0.000000000000000000e+00
3.295999999999858598e+00,5.480605997334833378e-08,-2.822857664563823203e-07,6.604373271712531691e-08,0.000000000000000000e+00
3.297999999999858378e+00,5.424724493999327234e-08,-2.794075166775312527e-07,6.537033582051902264e-08,0.000000000000000000e+00
3.299999999999858158e+00,5.369412771161918132e-08,-2.765586141870449234e-07,6.470380503159234596e-08,0.000000000000000000e+00
3.301999999999857938e+00,5.314665019211256522e-08,-2.737387597533067527e-07,6.404407034195157172e-08,0.000000000000000000e+00
3.303999999999857717e+00,5.260475487772109773e-08,-2.709476571957335896e-07,6.339106245702475447e-08,0.000000000000000000e+00
3.305999999999857497e+00,5.206838485101376728e-08,-2.681850133536667849e-07,6.274471278878358786e-08,0.000000000000000000e+00
3.307999999999857277e+00,5.153748377490260457e-08,-2.654505380555804267e-07,6.210495344853938943e-08,0.000000000000000000e+00
3.309999999999857057e+00,5.101199588672539640e-08,-2.627439440886032946e-07,6.147171723981065969e-08,0.000000000000000000e+00
3.311999999999856836e+00,5.049186599238869103e-08,-2.600649471683518343e-07,6.084493765126687412e-08,0.000000000000000000e+00
3.313999999999856616e+00,4.997703946057055258e-08,-2.574132659090706581e-07,6.022454884974300251e-08,0.000000000000000000e+00
3.315999999999856396e+00,4.946746221698239578e-08,-2.547886217940773946e-07,5.961048567332348486e-08,0.000000000000000000e+00
3.317999999999856175e+00,4.896308073868937867e-08,-2.521907391465090830e-07,5.900268362449735823e-08,0.000000000000000000e+00
3.319999999999855955e+00,4.846384204848864491e-08,-2.496193451003665626e-07,5.840107886338665176e-08,0.000000000000000000e+00
3.321999999999855735e+00,4.796969370934493272e-08,-2.470741695718544787e-07,5.780560820103830931e-08,0.000000000000000000e+00
3.323999999999855515e+00,4.748058381888290861e-08,-2.445549452310130898e-07,5.721620909278832155e-08,0.000000000000000000e+00
3.325999999999855294e+00,4.699646100393563020e-08,-2.420614074736396551e-07,5.663281963169192667e-08,0.000000000000000000e+00
3.327999999999855074e+00,4.651727441514863537e-08,-2.395932943934960125e-07,5.605537854202263253e-08,0.000000000000000000e+00
3.329999999999854854e+00,4.604297372163903554e-08,-2.371503467547994639e-07,5.548382517283434272e-08,0.000000000000000000e+00
3.331999999999854634e+00,4.557350910570904410e-08,-2.347323079649941857e-07,5.491809949159166881e-08,0.000000000000000000e+00
3.333999999999854413e+00,4.510883125761344359e-08,-2.323389240478003877e-07,5.435814207786546413e-08,0.000000000000000000e+00
3.335999999999854193e+00,4.464889137038036967e-08,-2.299699436165380428e-07,5.380389411708955565e-08,0.000000000000000000e+00
3.337999999999853973e+00,4.419364113468492215e-08,-2.276251178477228318e-07,5.325529739438587382e-08,0.000000000000000000e+00
3.339999999999853753e+00,4.374303273377506043e-08,-2.253042004549311799e-07,5.271229428844696886e-08,0.000000000000000000e+00
3.341999999999853532e+00,4.329701883844919441e-08,-2.230069476629317914e-07,5.217482776548650143e-08,0.000000000000000000e+00
3.343999999999853312e+00,4.285555260208503420e-08,-2.207331181820810345e-07,5.164284137324690807e-08,0.000000000000000000e+00
3.345999999999853092e+00,4.241858765571907641e-08,-2.184824731829792658e-07,5.111627923507101760e-08,0.000000000000000000e+00
3.347999999999852871e+00,4.198607810317630371e-08,-2.162547762713856055e-07,5.059508604403274807e-08,0.000000000000000000e+00
3.349999999999852651e+00,4.155797851624952843e-08,-2.140497934633885688e-07,5.007920705712751950e-08,0.000000000000000000e+00
3.351999999999852431e+00,4.113424392992787062e-08,-2.118672931608297502e-07,4.956858808952322956e-08,0.000000000000000000e+00
3.353999999999852211e+00,4.071482983767391417e-08,-2.097070461269781743e-07,4.906317550886882740e-08,0.000000000000000000e+00
3.355999999999851990e+00,4.029969218674901131e-08,-2.075688254624526173e-07,4.856291622966048579e-08,0.000000000000000000e+00
3.357999999999851770e+00,3.988878737358623287e-08,-2.054524065813894880e-07,4.806775770766664199e-08,0.000000000000000000e+00
3.359999999999851550e+00,3.948207223921052721e-08,-2.033575671878536480e-07,4.757764793440809582e-08,0.000000000000000000e+00
3.361999999999851330e+00,3.907950406470554557e-08,-2.012840872524897903e-07,4.709253543169655293e-08,0.000000000000000000e+00
3.363999999999851109e+00,3.868104056672672317e-08,-1.992317489894119124e-07,4.661236924622631950e-08,0.000000000000000000e+00
3.365999999999850889e+00,3.828663989306006717e-08,-1.972003368333283183e-07,4.613709894422380680e-08,0.000000000000000000e+00
3.367999999999850669e+00,3.789626061822626737e-08,-1.951896374169000044e-07,4.566667460614934015e-08,0.000000000000000000e+00
3.369999999999850449e+00,3.750986173912960712e-08,-1.931994395483298086e-07,4.520104682145423672e-08,0.000000000000000000e+00
3.371999999999850228e+00,3.712740267075124412e-08,-1.912295341891800734e-07,4.474016668339082290e-08,0.000000000000000000e+00
3.373999999999850008e+00,3.674884324188641123e-08,-1.892797144324165727e-07,4.428398578387623829e-08,0.000000000000000000e+00
3.375999999999849788e+00,3.637414369092506087e-08,-1.873497754806761077e-07,4.383245620840642631e-08,0.000000000000000000e+00
3.377999999999849567e+00,3.600326466167554914e-08,-1.854395146247559729e-07,4.338553053102581737e-08,0.000000000000000000e+00
3.379999999999849347e+00,3.563616719923090332e-08,-1.835487312223225128e-07,4.294316180934402221e-08,0.000000000000000000e+00
3.381999999999849127e+00,3.527281274587722922e-08,-1.816772266768368358e-07,4.250530357960546489e-08,0.000000000000000000e+00
3.383999999999848907e+00,3.491316313704384153e-08,-1.798248044166954903e-07,4.207190985181026130e-08,0.000000000000000000e+00
3.385999999999848686e+00,3.455718059729467372e-08,-1.779912698745837181e-07,4.164293510488274315e-08,0.000000000000000000e+00
3.387999999999848466e+00,3.420482773636059712e-08,-1.761764304670393030e-07,4.121833428189059234e-08,0.000000000000000000e+00
3.389999999999848246e+00,3.385606754521214601e-08,-1.743800955742247091e-07,4.079806278531183255e-08,0.000000000000000000e+00
3.391999999999848026e+00,3.351086339217233782e-08,-1.726020765199056040e-07,4.038207647235137234e-08,0.000000000000000000e+00
3.393999999999847805e+00,3.316917901906907232e-08,-1.708421865516333322e-07,3.997033165030371152e-08,0.000000000000000000e+00
3.395999999999847585e+00,3.283097853742681192e-08,-1.691002408211296433e-07,3.956278507196477542e-08,0.000000000000000000e+00
3.397999999999847365e+00,3.249622642469706669e-08,-1.673760563648713210e-07,3.915939393108800667e-08,0.000000000000000000e+00
3.399999999999847144e+00,3.216488752052732007e-08,-1.656694520848727521e-07,3.876011585788916134e-08,0.000000000000000000e+00
3.401999999999846924e+00,3.183692702306799175e-08,-1.639802487296645313e-07,3.836490891459663308e-08,0.000000000000000000e+00
3.403999999999846704e+00,3.151231048531706031e-08,-1.623082688754659302e-07,3.797373159104497601e-08,0.000000000000000000e+00
3.405999999999846484e+00,3.119100381150196203e-08,-1.606533369075493789e-07,3.758654280031649669e-08,0.000000000000000000e+00
3.407999999999846263e+00,3.087297325349837526e-08,-1.590152790017949466e-07,3.720330187442456242e-08,0.000000000000000000e+00
3.409999999999846043e+00,3.055818540728550667e-08,-1.573939231064329175e-07,3.682396856004307291e-08,0.000000000000000000e+00
3.411999999999845823e+00,3.024660720943756167e-08,-1.557890989239725012e-07,3.644850301427764831e-08,0.000000000000000000e+00
3.413999999999845603e+00,2.993820593365092916e-08,-1.542006378933147470e-07,3.607686580048086288e-08,0.000000000000000000e+00
3.415999999999845382e+00,2.963294918730683251e-08,-1.526283731720480204e-07,3.570901788411088920e-08,0.000000000000000000e+00
3.417999999999845162e+00,2.933080490806898350e-08,-1.510721396189237377e-07,3.534492062863058813e-08,0.000000000000000000e+00
3.419999999999844942e+00,2.903174136051596129e-08,-1.495317737765110113e-07,3.498453579144958574e-08,0.000000000000000000e+00
3.421999999999844722e+00,2.873572713280790618e-08,-1.480071138540280326e-07,3.462782551990806657e-08,0.000000000000000000e+00
3.423999999999844501e+00,2.844273113338721045e-08,-1.464979997103485531e-07,3.427475234729995394e-08,0.000000000000000000e+00
3.425999999999844281e+00,2.815272258771284572e-08,-1.450042728371816364e-07,3.392527918893928896e-08,0.000000000000000000e+00
3.427999999999844061e+00,2.786567103502799919e-08,-1.435257763424228286e-07,3.357936933826260843e-08,0.000000000000000000e+00
3.429999999999843840e+00,2.758154632516064821e-08,-1.420623549336752382e-07,3.323698646297600369e-08,0.000000000000000000e+00
3.431999999999843620e+00,2.730031861535677211e-08,-1.406138549019385137e-07,3.289809460123733139e-08,0.000000000000000000e+00
3.433999999999843400e+00,2.702195836714584390e-08,-1.391801241054641577e-07,3.256265815787950533e-08,0.000000000000000000e+00
3.435999999999843180e+00,2.674643634323829418e-08,-1.377610119537754822e-07,3.223064190067211656e-08,0.000000000000000000e+00
3.437999999999842959e+00,2.647372360445459318e-08,-1.363563693918505394e-07,3.190201095662053466e-08,0.000000000000000000e+00
3.439999999999842739e+00,2.620379150668565980e-08,-1.349660488844661996e-07,3.157673080830312551e-08,0.000000000000000000e+00
3.441999999999842519e+00,2.593661169788425683e-08,-1.335899044007020015e-07,3.125476729024573854e-08,0.000000000000000000e+00
3.443999999999842299e+00,2.567215611508705471e-08,-1.322277913986018672e-07,3.093608658533282813e-08,0.000000000000000000e+00
3.445999999999842078e+00,2.541039698146706938e-08,-1.308795668099923606e-07,3.062065522125605620e-08,0.000000000000000000e+00
3.447999999999841858e+00,2.515130680341615655e-08,-1.295450890254556081e-07,3.030844006699868199e-08,0.000000000000000000e+00
3.449999999999841638e+00,2.489485836765724477e-08,-1.282242178794555589e-07,2.999940832935468013e-08,0.000000000000000000e+00
3.451999999999841418e+00,2.464102473838601283e-08,-1.269168146356157581e-07,2.969352754948555174e-08,0.000000000000000000e+00
3.453999999999841197e+00,2.438977925444171699e-08,-1.256227419721473628e-07,2.939076559951016978e-08,0.000000000000000000e+00
3.455999999999840977e+00,2.414109552650686699e-08,-1.243418639674256794e-07,2.909109067913083503e-08,0.000000000000000000e+00
3.457999999999840757e+00,2.389494743433543972e-08,-1.230740460857137411e-07,2.879447131229236644e-08,0.000000000000000000e+00
3.459999999999840536e+00,2.365130912400937596e-08,-1.218191551630315484e-07,2.850087634387740204e-08,0.000000000000000000e+00
3.461999999999840316e+00,2.341015500522303904e-08,-1.205770593931692524e-07,2.821027493643240487e-08,0.000000000000000000e+00
3.463999999999840096e+00,2.317145974859535432e-08,-1.193476283138430628e-07,2.792263656693030305e-08,0.000000000000000000e+00
3.465999999999839876e+00,2.293519828300937132e-08,-1.181307327929922665e-07,2.763793102356330539e-08,0.000000000000000000e+00
3.467999999999839655e+00,2.270134579297894089e-08,-1.169262450152159539e-07,2.735612840257002186e-08,0.000000000000000000e+00
3.469999999999839435e+00,2.246987771604224593e-08,-1.157340384683480761e-07,2.707719910509477130e-08,0.000000000000000000e+00
3.471999999999839215e+00,2.224076974018190776e-08,-1.145539879301693506e-07,2.680111383407844110e-08,0.000000000000000000e+00
3.473999999999838995e+00,2.201399780127139687e-08,-1.133859694552546794e-07,2.652784359118153418e-08,0.000000000000000000e+00
3.475999999999838774e+00,2.178953808054748659e-08,-1.122298603619546631e-07,2.625735967373781492e-08,0.000000000000000000e+00
3.477999999999838554e+00,2.156736700210846520e-08,-1.110855392195098868e-07,2.598963367174046012e-08,0.000000000000000000e+00
3.479999999999838334e+00,2.134746123043787149e-08,-1.099528858352964968e-07,2.572463746485711486e-08,0.000000000000000000e+00
3.481999999999838113e+00,2.112979766795346597e-08,-1.088317812422019420e-07,2.546234321947692392e-08,0.000000000000000000e+00
3.483999999999837893e+00,2.091435345258120606e-08,-1.077221076861293851e-07,2.520272338578689163e-08,0.000000000000000000e+00
3.485999999999837673e+00,2.070110595535394743e-08,-1.066237486136294731e-07,2.494575069487788799e-08,0.000000000000000000e+00
3.487999999999837453e+00,2.049003277803462982e-08,-1.055365886596583025e-07,2.469139815588125373e-08,0.000000000000000000e+00
3.489999999999837232e+00,2.028111175076370920e-08,-1.044605136354601495e-07,2.443963905313282818e-08,0.000000000000000000e+00
3.491999999999837012e+00,2.007432092973056165e-08,-1.033954105165737884e-07,2.419044694336778786e-08,0.000000000000000000e+00
3.493999999999836792e+00,1.986963859486864051e-08,-1.023411674309610594e-07,2.394379565294290785e-08,0.000000000000000000e+00
3.495999999999836572e+00,1.966704324757412881e-08,-1.012976736472564976e-07,2.369965927508677518e-08,0.000000000000000000e+00
3.497999999999836351e+00,1.946651360844785532e-08,-1.002648195631368153e-07,2.345801216718028366e-08,0.000000000000000000e+00
3.499999999999836131e+00,1.926802861506023594e-08,-9.924249669380886484e-08,2.321882894806148096e-08,0.000000000000000000e+00
3.501999999999835911e+00,1.907156741973900572e-08,-9.823059766061511242e-08,2.298208449536069704e-08,0.000000000000000000e+00
3.503999999999835691e+00,1.887710938737949631e-08,-9.722901617975519640e-08,2.274775394286171894e-08,0.000000000000000000e+00
3.505999999999835470e+00,1.868463409327725076e-08,-9.623764705112250929e-08,2.251581267789007047e-08,0.000000000000000000e+00
3.507999999999835250e+00,1.849412132098274053e-08,-9.525638614725462654e-08,2.228623633872744425e-08,0.000000000000000000e+00
3.509999999999835030e+00,1.830555106017794650e-08,-9.428513040239637740e-08,2.205900081205313271e-08,0.000000000000000000e+00
3.511999999999834809e+00,1.811890350457459896e-08,-9.332377780167443299e-08,2.183408223041150555e-08,0.000000000000000000e+00
3.513999999999834589e+00,1.793415904983383486e-08,-9.237222737038228656e-08,2.161145696970489803e-08,0.000000000000000000e+00
3.515999999999834369e+00,1.775129829150708724e-08,-9.143037916337446137e-08,2.139110164671222796e-08,0.000000000000000000e+00
3.517999999999834149e+00,1.757030202299794854e-08,-9.049813425456888718e-08,2.117299311663312959e-08,0.000000000000000000e+00
3.519999999999833928e+00,1.739115123354483595e-08,-8.957539472655629424e-08,2.095710847065686312e-08,0.000000000000000000e+00
3.521999999999833708e+00,1.721382710622420386e-08,-8.866206366031553917e-08,2.074342503355621177e-08,0.000000000000000000e+00
3.523999999999833488e+00,1.703831101597413477e-08,-8.775804512503384391e-08,2.053192036130541334e-08,0.000000000000000000e+00
3.525999999999833268e+00,1.686458452763807366e-08,-8.686324416803075650e-08,2.032257223872307933e-08,0.000000000000000000e+00
3.527999999999833047e+00,1.669262939402850405e-08,-8.597756680478494692e-08,2.011535867713936027e-08,0.000000000000000000e+00
3.529999999999832827e+00,1.652242755401037720e-08,-8.510092000906260715e-08,1.991025791208576927e-08,0.000000000000000000e+00
3.531999999999832607e+00,1.635396113060408578e-08,-8.423321170314650266e-08,1.970724840100861654e-08,0.000000000000000000e+00
3.533999999999832387e+00,1.618721242910775734e-08,-8.337435074816474873e-08,1.950630882100774912e-08,0.000000000000000000e+00
3.535999999999832166e+00,1.602216393523872171e-08,-8.252424693451806757e-08,1.930741806659572515e-08,0.000000000000000000e+00
3.537999999999831946e+00,1.585879831329391095e-08,-8.168281097240477193e-08,1.911055524748176397e-08,0.000000000000000000e+00
3.539999999999831726e+00,1.569709840432902638e-08,-8.084995448244223097e-08,1.891569968637676611e-08,0.000000000000000000e+00
3.541999999999831505e+00,1.553704722435625762e-08,-8.002558998638410391e-08,1.872283091682247369e-08,0.000000000000000000e+00
3.543999999999831285e+00,1.537862796256039477e-08,-7.920963089793209713e-08,1.853192868104095969e-08,0.000000000000000000e+00
3.545999999999831065e+00,1.522182397953311219e-08,-7.840199151364147734e-08,1.834297292780730468e-08,0.000000000000000000e+00
3.547999999999830845e+00,1.506661880552527476e-08,-7.760258700391930830e-08,1.815594381034344940e-08,0.000000000000000000e+00
3.549999999999830624e+00,1.491299613871704521e-08,-7.681133340411443189e-08,1.797082168423364668e-08,0.000000000000000000e+00
3.551999999999830404e+00,1.476093984350564832e-08,-7.602814760569834631e-08,1.778758710536087741e-08,0.000000000000000000e+00
3.553999999999830184e+00,1.461043394881057714e-08,-7.525294734753598895e-08,1.760622082786486589e-08,0.000000000000000000e+00
3.555999999999829964e+00,1.446146264639608557e-08,-7.448565120724549739e-08,1.742670380212052980e-08,0.000000000000000000e+00
3.557999999999829743e+00,1.431401028921079373e-08,-7.372617859264610155e-08,1.724901717273707661e-08,0.000000000000000000e+00
3.559999999999829523e+00,1.416806138974420739e-08,-7.297444973329323376e-08,1.707314227657753470e-08,0.000000000000000000e+00
3.561999999999829303e+00,1.402360061840000782e-08,-7.223038567209986411e-08,1.689906064079861322e-08,0.000000000000000000e+00
3.563999999999829082e+00,1.388061280188592151e-08,-7.149390825704335972e-08,1.672675398091004375e-08,0.000000000000000000e+00
3.565999999999828862e+00,1.373908292162000785e-08,-7.076494013295687520e-08,1.655620419885467421e-08,0.000000000000000000e+00
3.567999999999828642e+00,1.359899611215319924e-08,-7.004340473340440085e-08,1.638739338110719755e-08,0.000000000000000000e+00
3.569999999999828422e+00,1.346033765960792155e-08,-6.932922627263868774e-08,1.622030379679267985e-08,0.000000000000000000e+00
3.571999999999828201e+00,1.332309300013263952e-08,-6.862232973764118947e-08,1.605491789582393480e-08,0.000000000000000000e+00
3.573999999999827981e+00,1.318724771837215334e-08,-6.792264088024313367e-08,1.589121830705890947e-08,0.000000000000000000e+00
3.575999999999827761e+00,1.305278754595349904e-08,-6.723008620932691619e-08,1.572918783647532824e-08,0.000000000000000000e+00
3.577999999999827541e+00,1.291969835998728426e-08,-6.654459298310707659e-08,1.556880946536524214e-08,0.000000000000000000e+00
3.579999999999827320e+00,1.278796618158430522e-08,-6.586608920148991537e-08,1.541006634854715402e-08,0.000000000000000000e+00
3.581999999999827100e+00,1.265757717438728289e-08,-6.519450359851103822e-08,1.525294181259699026e-08,0.000000000000000000e+00
3.583999999999826880e+00,1.252851764311758283e-08,-6.452976563485000679e-08,1.509741935409675422e-08,0.000000000000000000e+00
3.585999999999826660e+00,1.240077403213673981e-08,-6.387180549042130178e-08,1.494348263790086164e-08,0.000000000000000000e+00
3.587999999999826439e+00,1.227433292402265824e-08,-6.322055405704085722e-08,1.479111549542047533e-08,0.000000000000000000e+00
3.589999999999826219e+00,1.214918103816032312e-08,-6.257594293116735878e-08,1.464030192292594531e-08,0.000000000000000000e+00
3.591999999999825999e+00,1.202530522934688731e-08,-6.193790440671752493e-08,1.449102607986470723e-08,0.000000000000000000e+00
3.593999999999825778e+00,1.190269248641097799e-08,-6.130637146795466985e-08,1.434327228719823908e-08,0.000000000000000000e+00
3.595999999999825558e+00,1.178132993084607858e-08,-6.068127778244978017e-08,1.419702502575511147e-08,0.000000000000000000e+00
3.597999999999825338e+00,1.166120481545785011e-08,-6.006255769411435139e-08,1.405226893460081982e-08,0.000000000000000000e+00
3.599999999999825118e+00,1.154230452302524188e-08,-5.945014621630426912e-08,1.390898880942445128e-08,0.000000000000000000e+00
3.601999999999824897e+00,1.142461656497525375e-08,-5.884397902499399406e-08,1.376716960094181586e-08,0.000000000000000000e+00
3.603999999999824677e+00,1.130812858007121301e-08,-5.824399245202036916e-08,1.362679641331440649e-08,0.000000000000000000e+00
3.605999999999824457e+00,1.119282833311442177e-08,-5.765012347839528124e-08,1.348785450258540563e-08,0.000000000000000000e+00
3.607999999999824237e+00,1.107870371365904915e-08,-5.706230972768653530e-08,1.335032927513030321e-08,0.000000000000000000e+00
3.609999999999824016e+00,1.096574273474011609e-08,-5.648048945946619358e-08,1.321420628612487868e-08,0.000000000000000000e+00
3.611999999999823796e+00,1.085393353161446525e-08,-5.590460156282575091e-08,1.307947123802737096e-08,0.000000000000000000e+00
3.613999999999823576e+00,1.074326436051455056e-08,-5.533458554995740508e-08,1.294610997907721839e-08,0.000000000000000000e+00
3.615999999999823356e+00,1.063372359741494878e-08,-5.477038154980076705e-08,1.281410850180819826e-08,0.000000000000000000e+00
3.617999999999823135e+00,1.052529973681143930e-08,-5.421193030175438913e-08,1.268345294157755414e-08,0.000000000000000000e+00
3.619999999999822915e+00,1.041798139051253623e-08,-5.365917314945136323e-08,1.255412957510946972e-08,0.000000000000000000e+00
3.621999999999822695e+00,1.031175728644333894e-08,-5.311205203459842666e-08,1.242612481905384234e-08,0.000000000000000000e+00
3.623999999999822474e+00,1.020661626746158349e-08,-5.257050949087784776e-08,1.229942522855945591e-08,0.000000000000000000e+00
3.625999999999822254e+00,1.010254729018576093e-08,-5.203448863791153524e-08,1.217401749586181820e-08,0.000000000000000000e+00
3.627999999999822034e+00,9.999539423835188465e-09,-5.150393317528663689e-08,1.204988844888555648e-08,0.000000000000000000e+00
3.629999999999821814e+00,9.897581849081904203e-09,-5.097878737664210478e-08,1.192702504986068334e-08,0.000000000000000000e+00
3.631999999999821593e+00,9.796663856914273231e-09,-5.045899608381551232e-08,1.180541439395315611e-08,0.000000000000000000e+00
3.633999999999821373e+00,9.696774847512174176e-09,-4.994450470104959376e-08,1.168504370790978303e-08,0.000000000000000000e+00
3.635999999999821153e+00,9.597904329133658765e-09,-4.943525918925781785e-08,1.156590034871620540e-08,0.000000000000000000e+00
3.637999999999820933e+00,9.500041917012961965e-09,-4.893120606034844658e-08,1.144797180226912048e-08,0.000000000000000000e+00
3.639999999999820712e+00,9.403177332269748535e-09,-4.843229237160647663e-08,1.133124568206189814e-08,0.000000000000000000e+00
3.641999999999820492e+00,9.307300400829483513e-09,-4.793846572013285488e-08,1.121570972788348529e-08,0.000000000000000000e+00
3.643999999999820272e+00,9.212401052354802544e-09,-4.744967423734037885e-08,1.110135180453091581e-08,0.000000000000000000e+00
3.645999999999820051e+00,9.118469319187791065e-09,-4.696586658350574625e-08,1.098815990053431421e-08,0.000000000000000000e+00
3.647999999999819831e+00,9.025495335303036696e-09,-4.648699194237712488e-08,1.087612212689555771e-08,0.000000000000000000e+00
3.649999999999819611e+00,8.933469335271363838e-09,-4.601300001583673330e-08,1.076522671583932611e-08,0.000000000000000000e+00
3.651999999999819391e+00,8.842381653234128059e-09,-4.554384101861781693e-08,1.065546201957743958e-08,0.000000000000000000e+00
3.653999999999819170e+00,8.752222721887977621e-09,-4.507946567307551003e-08,1.054681650908494897e-08,0.000000000000000000e+00
3.655999999999818950e+00,8.662983071479956426e-09,-4.461982520401099454e-08,1.043927877288972575e-08,0.000000000000000000e+00
3.657999999999818730e+00,8.574653328812859030e-09,-4.416487133354847274e-08,1.033283751587343392e-08,0.000000000000000000e+00
3.659999999999818510e+00,8.487224216260730208e-09,-4.371455627606431189e-08,1.022748155808531330e-08,0.000000000000000000e+00
3.661999999999818289e+00,8.400686550794394903e-09,-4.326883273316797037e-08,1.012319983356798011e-08,0.000000000000000000e+00
3.663999999999818069e+00,8.315031243016927583e-09,-4.282765388873402367e-08,1.001998138919508601e-08,0.000000000000000000e+00
3.665999999999817849e+00,8.230249296208958432e-09,-4.239097340398489330e-08,9.917815383520782689e-09,0.000000000000000000e+00
3.667999999999817629e+00,8.146331805383710484e-09,-4.195874541262370949e-08,9.816691085641256587e-09,0.000000000000000000e+00
3.669999999999817408e+00,8.063269956351676729e-09,-4.153092451601677153e-08,9.716597874067116328e-09,0.000000000000000000e+00
3.671999999999817188e+00,7.981055024794826337e-09,-4.110746577842516261e-08,9.617525235608273829e-09,0.000000000000000000e+00
3.673999999999816968e+00,7.899678375350255630e-09,-4.068832472228496309e-08,9.519462764269466279e-09,0.000000000000000000e+00
3.675999999999816747e+00,7.819131460703184538e-09,-4.027345732353559252e-08,9.422400160157371877e-09,0.000000000000000000e+00
3.677999999999816527e+00,7.739405820689192666e-09,-3.986282000699579718e-08,9.326327228398684066e-09,0.000000000000000000e+00
3.679999999999816307e+00,7.660493081405618867e-09,-3.945636964178676052e-08,9.231233878069355999e-09,0.000000000000000000e+00
3.681999999999816087e+00,7.582384954332015134e-09,-3.905406353680189964e-08,9.137110121134591755e-09,0.000000000000000000e+00
3.683999999999815866e+00,7.505073235459568782e-09,-3.865585943622285812e-08,9.043946071400113666e-09,0.000000000000000000e+00
3.685999999999815646e+00,7.428549804429406073e-09,-3.826171551508118578e-08,8.951731943473223466e-09,0.000000000000000000e+00
3.687999999999815426e+00,7.352806623679675529e-09,-3.787159037486532138e-08,8.860458051735563090e-09,0.000000000000000000e+00
3.689999999999815206e+00,7.277835737601330712e-09,-3.748544303917232252e-08,8.770114809325351643e-09,0.000000000000000000e+00
3.691999999999814985e+00,7.203629271702523119e-09,-3.710323294940395226e-08,8.680692727130686745e-09,0.000000000000000000e+00
3.693999999999814765e+00,7.130179431781510078e-09,-3.672491996050665930e-08,8.592182412792851448e-09,0.000000000000000000e+00
3.695999999999814545e+00,7.057478503107999890e-09,-3.635046433675497512e-08,8.504574569719785554e-09,0.000000000000000000e+00
3.697999999999814325e+00,6.985518849612844040e-09,-3.597982674757791138e-08,8.417859996109509559e-09,0.000000000000000000e+00
3.699999999999814104e+00,6.914292913085987994e-09,-3.561296826342790741e-08,8.332029583983765949e-09,0.000000000000000000e+00
3.701999999999813884e+00,6.843793212382604450e-09,-3.524985035169191102e-08,8.247074318231136660e-09,0.000000000000000000e+00
3.703999999999813664e+00,6.774012342637316429e-09,-3.489043487264414923e-08,8.162985275660536701e-09,0.000000000000000000e+00
3.705999999999813443e+00,6.704942974486435741e-09,-3.453468407544014545e-08,8.079753624063707500e-09,0.000000000000000000e+00
3.707999999999813223e+00,6.636577853298132457e-09,-3.418256059415161932e-08,7.997370621287662891e-09,0.000000000000000000e+00
3.709999999999813003e+00,6.568909798410448534e-09,-3.383402744384176614e-08,7.915827614316187755e-09,0.000000000000000000e+00
3.711999999999812783e+00,6.501931702377086947e-09,-3.348904801668059838e-08,7.835116038361289309e-09,0.000000000000000000e+00
3.713999999999812562e+00,6.435636530220886970e-09,-3.314758607809988590e-08,7.755227415963595177e-09,0.000000000000000000e+00
3.715999999999812342e+00,6.370017318694912837e-09,-3.280960576298727150e-08,7.676153356101645305e-09,0.000000000000000000e+00
3.717999999999812122e+00,6.305067175551074706e-09,-3.247507157191924409e-08,7.597885553310977696e-09,0.000000000000000000e+00
3.719999999999811902e+00,6.240779278816209965e-09,-3.214394836743245993e-08,7.520415786811260958e-09,0.000000000000000000e+00
3.721999999999811681e+00,6.177146876075543816e-09,-3.181620137033314731e-08,7.443735919643432427e-09,0.000000000000000000e+00
3.723999999999811461e+00,6.114163283763455520e-09,-3.149179615604407181e-08,7.367837897814353714e-09,0.000000000000000000e+00
3.725999999999811241e+00,6.051821886461477508e-09,-3.117069865098882400e-08,7.292713749451471817e-09,0.000000000000000000e+00
3.727999999999811021e+00,5.990116136203452085e-09,-3.085287512901291326e-08,7.218355583965209419e-09,0.000000000000000000e+00
3.729999999999810800e+00,5.929039551787769629e-09,-3.053829220784137018e-08,7.144755591220169620e-09,0.000000000000000000e+00
3.731999999999810580e+00,5.868585718096624590e-09,-3.022691684557249335e-08,7.071906040714969813e-09,0.000000000000000000e+00
3.733999999999810360e+00,5.808748285422209876e-09,-2.991871633720730392e-08,6.999799280770042967e-09,0.000000000000000000e+00
3.735999999999810139e+00,5.749520968799780983e-09,-2.961365831121442666e-08,6.928427737724173941e-09,0.000000000000000000e+00
3.737999999999809919e+00,5.690897547347521194e-09,-2.931171072612997062e-08,6.857783915138923782e-09,0.000000000000000000e+00
3.739999999999809699e+00,5.632871863613136726e-09,-2.901284186719208199e-08,6.787860393011180257e-09,0.000000000000000000e+00
3.741999999999809479e+00,5.575437822927117294e-09,-2.871702034300982820e-08,6.718649826993940479e-09,0.000000000000000000e+00
3.743999999999809258e+00,5.518589392762585176e-09,-2.842421508226602293e-08,6.650144947624769770e-09,0.000000000000000000e+00
3.745999999999809038e+00,5.462320602101678165e-09,-2.813439533045368751e-08,6.582338559562360280e-09,0.000000000000000000e+00
3.747999999999808818e+00,5.406625540808386198e-09,-2.784753064664578168e-08,6.515223540830792309e-09,0.000000000000000000e+00
3.749999999999808598e+00,5.351498359007790353e-09,-2.756359090029786590e-08,6.448792842071313044e-09,0.000000000000000000e+00
3.751999999999808377e+00,5.296933266471623995e-09,-2.728254626808337452e-08,6.383039485802029768e-09,0.000000000000000000e+00
3.753999999999808157e+00,5.242924532010101458e-09,-2.700436723076115562e-08,6.317956565685173418e-09,0.000000000000000000e+00
3.755999999999807937e+00,5.189466482869951426e-09,-2.672902457007494327e-08,6.253537245801482517e-09,0.000000000000000000e+00
3.757999999999807716e+00,5.136553504138582186e-09,-2.645648936568444468e-08,6.189774759932263344e-09,0.000000000000000000e+00
3.759999999999807496e+00,5.084180038154326671e-09,-2.618673299212772452e-08,6.126662410848729287e-09,0.000000000000000000e+00
3.761999999999807276e+00,5.032340583922697791e-09,-2.591972711581455894e-08,6.064193569608566455e-09,0.000000000000000000e+00
3.763999999999807056e+00,4.981029696538596988e-09,-2.565544369205044484e-08,6.002361674859672591e-09,0.000000000000000000e+00
3.765999999999806835e+00,4.930241986614414790e-09,-2.539385496209095347e-08,5.941160232151042834e-09,0.000000000000000000e+00
3.767999999999806615e+00,4.879972119713962171e-09,-2.513493345022611730e-08,5.880582813250458206e-09,0.000000000000000000e+00
3.769999999999806395e+00,4.830214815792173146e-09,-2.487865196089454574e-08,5.820623055469426826e-09,0.000000000000000000e+00
3.771999999999806175e+00,4.780964848640519043e-09,-2.462498357582696864e-08,5.761274660994980793e-09,0.000000000000000000e+00
3.773999999999805954e+00,4.732217045338081528e-09,-2.437390165121890324e-08,5.702531396227958164e-09,0.000000000000000000e+00
3.775999999999805734e+00,4.683966285708217360e-09,-2.412537981493214656e-08,5.644387091128484717e-09,0.000000000000000000e+00
3.777999999999805514e+00,4.636207501780767749e-09,-2.387939196372480570e-08,5.586835638567729045e-09,0.000000000000000000e+00
3.779999999999805294e+00,4.588935677259748600e-09,-2.363591226050956792e-08,5.529870993686592738e-09,0.000000000000000000e+00
3.781999999999805073e+00,4.542145846996468728e-09,-2.339491513163993615e-08,5.473487173260726840e-09,0.000000000000000000e+00
3.783999999999804853e+00,4.495833096468020603e-09,-2.315637526422411546e-08,5.417678255072112812e-09,0.000000000000000000e+00
3.785999999999804633e+00,4.449992561261088216e-09,-2.292026760346630568e-08,5.362438377286916829e-09,0.000000000000000000e+00
3.787999999999804412e+00,4.404619426561018296e-09,-2.268656735003509246e-08,5.307761737840014470e-09,0.000000000000000000e+00
3.789999999999804192e+00,4.359708926646101104e-09,-2.245524995745867865e-08,5.253642593825391687e-09,0.000000000000000000e+00
3.791999999999803972e+00,4.315256344387007880e-09,-2.222629112954666495e-08,5.200075260893004415e-09,0.000000000000000000e+00
3.793999999999803752e+00,4.271257010751331988e-09,-2.199966681783812820e-08,5.147054112651752687e-09,0.000000000000000000e+00
3.795999999999803531e+00,4.227706304313180827e-09,-2.177535321907571619e-08,5.094573580078489866e-09,0.000000000000000000e+00
3.797999999999803311e+00,4.184599650767769706e-09,-2.155332677270549100e-08,5.042628150933146396e-09,0.000000000000000000e+00
3.799999999999803091e+00,4.141932522450965564e-09,-2.133356415840227585e-08,4.991212369179597496e-09,0.000000000000000000e+00
3.801999999999802871e+00,4.099700437863725122e-09,-2.111604229362022448e-08,4.940320834412804184e-09,0.000000000000000000e+00
3.803999999999802650e+00,4.057898961201388578e-09,-2.090073833116836464e-08,4.889948201291380619e-09,0.000000000000000000e+00
3.805999999999802430e+00,4.016523701887766822e-09,-2.068762965681087770e-08,4.840089178976355358e-09,0.000000000000000000e+00
3.807999999999802210e+00,3.975570314113983282e-09,-2.047669388689182966e-08,4.790738530575305986e-09,0.000000000000000000e+00
3.809999999999801990e+00,3.935034496382014979e-09,-2.026790886598412198e-08,4.741891072592370040e-09,0.000000000000000000e+00
3.811999999999801769e+00,3.894911991052889786e-09,-2.006125266456242079e-08,4.693541674383761634e-09,0.000000000000000000e+00
3.813999999999801549e+00,3.855198583899490260e-09,-1.985670357669981624e-08,4.645685257618926165e-09,0.000000000000000000e+00
3.815999999999801329e+00,3.815890103663914398e-09,-1.965424011778795719e-08,4.598316795747094837e-09,0.000000000000000000e+00
3.817999999999801108e+00,3.776982421619353645e-09,-1.945384102228043634e-08,4.551431313469344911e-09,0.000000000000000000e+00
3.819999999999800888e+00,3.738471451136435177e-09,-1.925548524145919080e-08,4.505023886216112725e-09,0.000000000000000000e+00
3.821999999999800668e+00,3.700353147253987963e-09,-1.905915194122366343e-08,4.459089639629788910e-09,0.000000000000000000e+00
3.823999999999800448e+00,3.662623506254182943e-09,-1.886482049990251631e-08,4.413623749052819326e-09,0.000000000000000000e+00
3.825999999999800227e+00,3.625278565242007647e-09,-1.867247050608766166e-08,4.368621439020994067e-09,0.000000000000000000e+00
3.827999999999800007e+00,3.588314401729026833e-09,-1.848208175649035861e-08,4.324077982761792201e-09,0.000000000000000000e+00
3.829999999999799787e+00,3.551727133221388651e-09,-1.829363425381918713e-08,4.279988701697941052e-09,0.000000000000000000e+00
3.831999999999799567e+00,3.515512916812029140e-09,-1.810710820467965126e-08,4.236348964956031212e-09,0.000000000000000000e+00
3.833999999999799346e+00,3.479667948777038701e-09,-1.792248401749520285e-08,4.193154188880081402e-09,0.000000000000000000e+00
3.835999999999799126e+00,3.444188464176139650e-09,-1.773974230044945448e-08,4.150399836550053179e-09,0.000000000000000000e+00
3.837999999999798906e+00,3.409070736457240944e-09,-1.755886385944938281e-08,4.108081417305421375e-09,0.000000000000000000e+00
3.839999999999798685e+00,3.374311077065022521e-09,-1.737982969610929421e-08,4.066194486273456154e-09,0.000000000000000000e+00
3.841999999999798465e+00,3.339905835053511611e-09,-1.720262100575535417e-08,4.024734643902375508e-09,0.000000000000000000e+00
3.843999999999798245e+00,3.305851396702610902e-09,-1.702721917545045196e-08,3.983697535499182908e-09,0.000000000000000000e+00
3.845999999999798025e+00,3.272144185138532656e-09,-1.685360578203920896e-08,3.943078850772375389e-09,0.000000000000000000e+00
3.847999999999797804e+00,3.238780659958106922e-09,-1.668176259021291862e-08,3.902874323379072091e-09,0.000000000000000000e+00
3.849999999999797584e+00,3.205757316856918353e-09,-1.651167155059423290e-08,3.863079730477119120e-09,0.000000000000000000e+00
3.851999999999797364e+00,3.173070687261235656e-09,-1.634331479784134374e-08,3.823690892281323692e-09,0.000000000000000000e+00
3.853999999999797144e+00,3.140717337963692704e-09,-1.617667464877153046e-08,3.784703671624532246e-09,0.000000000000000000e+00
3.855999999999796923e+00,3.108693870762684945e-09,-1.601173360050381833e-08,3.746113973523155485e-09,0.000000000000000000e+00
3.857999999999796703e+00,3.076996922105443859e-09,-1.584847432862058288e-08,3.707917744746902106e-09,0.000000000000000000e+00
3.859999999999796483e+00,3.045623162734748119e-09,-1.568687968534789485e-08,3.670110973393224156e-09,0.000000000000000000e+00
3.861999999999796263e+00,3.014569297339239192e-09,-1.552693269775442042e-08,3.632689688465785786e-09,0.000000000000000000e+00
3.863999999999796042e+00,2.983832064207301673e-09,-1.536861656596868818e-08,3.595649959457431881e-09,0.000000000000000000e+00
3.865999999999795822e+00,2.953408234884472787e-09,-1.521191466141453419e-08,3.558987895937365373e-09,0.000000000000000000e+00
3.867999999999795602e+00,2.923294613834343829e-09,-1.505681052506453332e-08,3.522699647142506784e-09,0.000000000000000000e+00
3.869999999999795381e+00,2.893488038102921297e-09,-1.490328786571123805e-08,3.486781401573049227e-09,0.000000000000000000e+00
3.871999999999795161e+00,2.863985376986409231e-09,-1.475133055825605282e-08,3.451229386592050054e-09,0.000000000000000000e+00
3.873999999999794941e+00,2.834783531702378041e-09,-1.460092264201555031e-08,3.416039868029284132e-09,0.000000000000000000e+00
3.875999999999794721e+00,2.805879435064287959e-09,-1.445204831904505753e-08,3.381209149788935239e-09,0.000000000000000000e+00
3.877999999999794500e+00,2.777270051159329488e-09,-1.430469195247932825e-08,3.346733573461443217e-09,0.000000000000000000e+00
3.879999999999794280e+00,2.748952375029548997e-09,-1.415883806489014943e-08,3.312609517939228946e-09,0.000000000000000000e+00
3.881999999999794060e+00,2.720923432356227621e-09,-1.401447133666067980e-08,3.278833399036336847e-09,0.000000000000000000e+00
3.883999999999793840e+00,2.693180279147474993e-09,-1.387157660437636854e-08,3.245401669111955206e-09,0.000000000000000000e+00
3.885999999999793619e+00,2.665720001429010522e-09,-1.373013885923228519e-08,3.212310816697867261e-09,0.000000000000000000e+00
3.887999999999793399e+00,2.638539714938097052e-09,-1.359014324545668213e-08,3.179557366129581587e-09,0.000000000000000000e+00
3.889999999999793179e+00,2.611636564820595889e-09,-1.345157505875063251e-08,3.147137877181221194e-09,0.000000000000000000e+00
3.891999999999792959e+00,2.585007725331108869e-09,-1.331441974474358313e-08,3.115048944704303679e-09,0.000000000000000000e+00
3.893999999999792738e+00,2.558650399536179744e-09,-1.317866289746464692e-08,3.083287198269988916e-09,0.000000000000000000e+00
3.895999999999792518e+00,2.532561819020520579e-09,-1.304429025782948610e-08,3.051849301815058995e-09,0.000000000000000000e+00
3.897999999999792298e+00,2.506739243596235434e-09,-1.291128771214262725e-08,3.020731953291603918e-09,0.000000000000000000e+00
3.899999999999792077e+00,2.481179961015005345e-09,-1.277964129061503948e-08,2.989931884320095436e-09,0.000000000000000000e+00
3.901999999999791857e+00,2.455881286683211877e-09,-1.264933716589683352e-08,2.959445859846193122e-09,0.000000000000000000e+00
3.903999999999791637e+00,2.430840563379962001e-09,-1.252036165162491947e-08,2.929270677800872396e-09,0.000000000000000000e+00
3.905999999999791417e+00,2.406055160977991158e-09,-1.239270120098547444e-08,2.899403168764152454e-09,0.000000000000000000e+00
3.907999999999791196e+00,2.381522476167408917e-09,-1.226634240529106451e-08,2.869840195632159370e-09,0.000000000000000000e+00
3.909999999999790976e+00,2.357239932182264498e-09,-1.214127199257227876e-08,2.840578653287656756e-09,0.000000000000000000e+00
3.911999999999790756e+00,2.333204978529897002e-09,-1.201747682618371817e-08,2.811615468273871902e-09,0.000000000000000000e+00
3.913999999999790536e+00,2.309415090723048416e-09,-1.189494390342420708e-08,2.782947598471723280e-09,0.000000000000000000e+00
3.915999999999790315e+00,2.285867770014706319e-09,-1.177366035417106006e-08,2.754572032780224429e-09,0.000000000000000000e+00
3.917999999999790095e+00,2.262560543135649815e-09,-1.165361343952828853e-08,2.726485790800315671e-09,0.000000000000000000e+00
3.919999999999789875e+00,2.239490962034672632e-09,-1.153479055048857816e-08,2.698685922521726619e-09,0.000000000000000000e+00
3.921999999999789654e+00,2.216656603621454859e-09,-1.141717920660891648e-08,2.671169508013134170e-09,0.000000000000000000e+00
3.923999999999789434e+00,2.194055069512055597e-09,-1.130076705469972337e-08,2.643933657115563050e-09,0.000000000000000000e+00
3.925999999999789214e+00,2.171683985777000900e-09,-1.118554186752734382e-08,2.616975509138711267e-09,0.000000000000000000e+00
3.927999999999788994e+00,2.149541002691941339e-09,-1.107149154252977394e-08,2.590292232560531345e-09,0.000000000000000000e+00
3.929999999999788773e+00,2.127623794490850264e-09,-1.095860410054548285e-08,2.563881024729855589e-09,0.000000000000000000e+00
3.931999999999788553e+00,2.105930059121739996e-09,-1.084686768455518665e-08,2.537739111571893316e-09,0.000000000000000000e+00
3.933999999999788333e+00,2.084457518004867010e-09,-1.073627055843646672e-08,2.511863747297050042e-09,0.000000000000000000e+00
3.935999999999788113e+00,2.063203915793405005e-09,-1.062680110573107051e-08,2.486252214112367182e-09,0.000000000000000000e+00
3.937999999999787892e+00,2.042167020136555268e-09,-1.051844782842479361e-08,2.460901821936138121e-09,0.000000000000000000e+00
3.939999999999787672e+00,2.021344621445075716e-09,-1.041119934573979608e-08,2.435809908115343317e-09,0.000000000000000000e+00
3.941999999999787452e+00,2.000734532659197169e-09,-1.030504439293923217e-08,2.410973837145970608e-09,0.000000000000000000e+00
3.943999999999787232e+00,1.980334589018909096e-09,-1.019997182014407101e-08,2.386391000396207494e-09,0.000000000000000000e+00
3.945999999999787011e+00,1.960142647836585035e-09,-1.009597059116197925e-08,2.362058815832439211e-09,0.000000000000000000e+00
3.947999999999786791e+00,1.940156588271928666e-09,-9.993029782328149906e-09,2.337974727748052606e-09,0.000000000000000000e+00
3.949999999999786571e+00,1.920374311109212833e-09,-9.891138581357941580e-09,2.314136206495019339e-09,0.000000000000000000e+00
3.951999999999786350e+00,1.900793738536790414e-09,-9.790286286211220723e-09,2.290540748218152524e-09,0.000000000000000000e+00
3.953999999999786130e+00,1.881412813928853889e-09,-9.690462303968287695e-09,2.267185874592142710e-09,0.000000000000000000e+00
3.955999999999785910e+00,1.862229501629419388e-09,-9.591656149717255974e-09,2.244069132561267302e-09,0.000000000000000000e+00
3.957999999999785690e+00,1.843241786738513748e-09,-9.493857445452783595e-09,2.221188094081720489e-09,0.000000000000000000e+00
3.959999999999785469e+00,1.824447674900541794e-09,-9.397055918986024465e-09,2.198540355866523979e-09,0.000000000000000000e+00
3.961999999999785249e+00,1.805845192094810294e-09,-9.301241402865706910e-09,2.176123539133243530e-09,0.000000000000000000e+00
3.963999999999785029e+00,1.787432384428189972e-09,-9.206403833310198837e-09,2.153935289353995119e-09,0.000000000000000000e+00
3.965999999999784809e+00,1.769207317929889101e-09,-9.112533249150470174e-09,2.131973276008190727e-09,0.000000000000000000e+00
3.967999999999784588e+00,1.751168078348321519e-09,-9.019619790783833472e-09,2.110235192337811991e-09,0.000000000000000000e+00
3.969999999999784368e+00,1.733312770950044870e-09,-8.927653699138350171e-09,2.088718755104999966e-09,0.000000000000000000e+00
3.971999999999784148e+00,1.715639520320749223e-09,-8.836625314647795007e-09,2.067421704352384506e-09,0.000000000000000000e+00
3.973999999999783928e+00,1.698146470168275177e-09,-8.746525076237072666e-09,2.046341803165570928e-09,0.000000000000000000e+00
3.975999999999783707e+00,1.680831783127639115e-09,-8.657343520317980815e-09,2.025476837438286892e-09,0.000000000000000000e+00
3.977999999999783487e+00,1.663693640568048659e-09,-8.569071279795213631e-09,2.004824615639765984e-09,0.000000000000000000e+00
3.979999999999783267e+00,1.646730242401883717e-09,-8.481699083082491675e-09,1.984382968584579741e-09,0.000000000000000000e+00
3.981999999999783046e+00,1.629939806895626151e-09,-8.395217753128738696e-09,1.964149749204865200e-09,0.000000000000000000e+00
3.983999999999782826e+00,1.613320570482717814e-09,-8.309618206454174687e-09,1.944122832324683263e-09,0.000000000000000000e+00
3.985999999999782606e+00,1.596870787578325247e-09,-8.224891452196240797e-09,1.924300114436918159e-09,0.000000000000000000e+00
3.987999999999782386e+00,1.580588730395994672e-09,-8.141028591165255207e-09,1.904679513482254781e-09,0.000000000000000000e+00
3.989999999999782165e+00,1.564472688766175191e-09,-8.058020814909695726e-09,1.885258968630551546e-09,0.000000000000000000e+00
3.991999999999781945e+00,1.548520969956593205e-09,-7.975859404791011512e-09,1.866036440064357301e-09,0.000000000000000000e+00
3.993999999999781725e+00,1.532731898494457383e-09,-7.894535731067869615e-09,1.847009908764664926e-09,0.000000000000000000e+00
3.995999999999781505e+00,1.517103815990477852e-09,-7.814041251989740385e-09,1.828177376298808991e-09,0.000000000000000000e+00
3.997999999999781284e+00,1.501635080964678503e-09,-7.734367512899722492e-09,1.809536864610639812e-09,0.000000000000000000e+00
3.999999999999781064e+00,1.486324068673985458e-09,-7.655506145346516564e-09,1.791086415812715829e-09,0.000000000000000000e+00
4.001999999999781288e+00,1.471169170941574544e-09,-7.577448866205451484e-09,1.772824091980626804e-09,0.000000000000000000e+00
4.003999999999781068e+00,1.456168795987957492e-09,-7.500187476808477329e-09,1.754747974949520621e-09,0.000000000000000000e+00
4.005999999999780847e+00,1.441321368263791367e-09,-7.423713862083024861e-09,1.736856166112542533e-09,0.000000000000000000e+00
4.007999999999780627e+00,1.426625328284391990e-09,-7.348019989699648840e-09,1.719146786221511106e-09,0.000000000000000000e+00
4.009999999999780407e+00,1.412079132465935214e-09,-7.273097909228357571e-09,1.701617975189453662e-09,0.000000000000000000e+00
4.011999999999780186e+00,1.397681252963328079e-09,-7.198939751303550083e-09,1.684267891895279156e-09,0.000000000000000000e+00
4.013999999999779966e+00,1.383430177509733086e-09,-7.125537726797464177e-09,1.667094713990389969e-09,0.000000000000000000e+00
4.015999999999779746e+00,1.369324409257729046e-09,-7.052884126002052613e-09,1.650096637707259080e-09,0.000000000000000000e+00
4.017999999999779526e+00,1.355362466622090719e-09,-6.980971317819203066e-09,1.633271877669999084e-09,0.000000000000000000e+00
4.019999999999779305e+00,1.341542883124172365e-09,-6.909791748959210871e-09,1.616618666706790719e-09,0.000000000000000000e+00
4.021999999999779085e+00,1.327864207237877404e-09,-6.839337943147429267e-09,1.600135255664336331e-09,0.000000000000000000e+00
4.023999999999778865e+00,1.314325002237199310e-09,-6.769602500339006989e-09,1.583819913224080190e-09,0.000000000000000000e+00
4.025999999999778645e+00,1.300923846045315953e-09,-6.700578095941628007e-09,1.567670925720387574e-09,0.000000000000000000e+00
4.027999999999778424e+00,1.287659331085223524e-09,-6.632257480046184752e-09,1.551686596960537036e-09,0.000000000000000000e+00
4.029999999999778204e+00,1.274530064131892892e-09,-6.564633476665288049e-09,1.535865248046592022e-09,0.000000000000000000e+00
4.031999999999777984e+00,1.261534666165933701e-09,-6.497698982979546768e-09,1.520205217199026107e-09,0.000000000000000000e+00
4.033999999999777764e+00,1.248671772228750703e-09,-6.431446968591529484e-09,1.504704859582207743e-09,0.000000000000000000e+00
4.035999999999777543e+00,1.235940031279175988e-09,-6.365870474787332078e-09,1.489362547131618774e-09,0.000000000000000000e+00
4.037999999999777323e+00,1.223338106051564699e-09,-6.300962613805679295e-09,1.474176668382846418e-09,0.000000000000000000e+00
4.039999999999777103e+00,1.210864672915335838e-09,-6.236716568114472574e-09,1.459145628302348737e-09,0.000000000000000000e+00
4.041999999999776882e+00,1.198518421735946365e-09,-6.173125589694718823e-09,1.444267848119894315e-09,0.000000000000000000e+00
4.043999999999776662e+00,1.186298055737282880e-09,-6.110182999331760707e-09,1.429541765162768787e-09,0.000000000000000000e+00
4.045999999999776442e+00,1.174202291365455373e-09,-6.047882185913728230e-09,1.414965832691609276e-09,0.000000000000000000e+00
4.047999999999776222e+00,1.162229858153981052e-09,-5.986216605737151212e-09,1.400538519737965962e-09,0.000000000000000000e+00
4.049999999999776001e+00,1.150379498590341711e-09,-5.925179781819644172e-09,1.386258310943484944e-09,0.000000000000000000e+00
4.051999999999775781e+00,1.138649967983902418e-09,-5.864765303219606514e-09,1.372123706400758688e-09,0.000000000000000000e+00
4.053999999999775561e+00,1.127040034335176660e-09,-5.804966824362852847e-09,1.358133221495758044e-09,0.000000000000000000e+00
4.055999999999775341e+00,1.115548478206424475e-09,-5.745778064376114686e-09,1.344285386751938484e-09,0.000000000000000000e+00
4.057999999999775120e+00,1.104174092593569746e-09,-5.687192806427331650e-09,1.330578747675861725e-09,0.000000000000000000e+00
4.059999999999774900e+00,1.092915682799424425e-09,-5.629204897072676748e-09,1.317011864604438632e-09,0.000000000000000000e+00
4.061999999999774680e+00,1.081772066308204000e-09,-5.571808245610232183e-09,1.303583312553700753e-09,0.000000000000000000e+00
4.063999999999774460e+00,1.070742072661323427e-09,-5.514996823440261105e-09,1.290291681069153416e-09,0.000000000000000000e+00
4.065999999999774239e+00,1.059824543334459478e-09,-5.458764663431997543e-09,1.277135574077597904e-09,0.000000000000000000e+00
4.067999999999774019e+00,1.049018331615865654e-09,-5.403105859296897443e-09,1.264113609740555053e-09,0.000000000000000000e+00
4.069999999999773799e+00,1.038322302485929097e-09,-5.348014564968274717e-09,1.251224420309032185e-09,0.000000000000000000e+00
4.071999999999773578e+00,1.027735332497954641e-09,-5.293484993987266879e-09,1.238466651979951024e-09,0.000000000000000000e+00
4.073999999999773358e+00,1.017256309660164594e-09,-5.239511418895060774e-09,1.225838964753899105e-09,0.000000000000000000e+00
4.075999999999773138e+00,1.006884133318901874e-09,-5.186088170631313076e-09,1.213340032294429653e-09,0.000000000000000000e+00
4.077999999999772918e+00,9.966177140430244851e-10,-5.133209637938707633e-09,1.200968541788678348e-09,0.000000000000000000e+00
4.079999999999772697e+00,9.864559735094772834e-10,-5.080870266773581830e-09,1.188723193809561647e-09,0.000000000000000000e+00
4.081999999999772477e+00,9.763978443900321304e-10,-5.029064559722564086e-09,1.176602702179225814e-09,0.000000000000000000e+00
4.083999999999772257e+00,9.664422702391817600e-10,-4.977787075425157942e-09,1.164605793833991482e-09,0.000000000000000000e+00
4.085999999999772037e+00,9.565882053831774279e-10,-4.927032428002213199e-09,1.152731208690608475e-09,0.000000000000000000e+00
4.087999999999771816e+00,9.468346148101969043e-10,-4.876795286490227022e-09,1.140977699513940001e-09,0.000000000000000000e+00
4.089999999999771596e+00,9.371804740616341230e-10,-4.827070374281412150e-09,1.129344031785930622e-09,0.000000000000000000e+00
4.091999999999771376e+00,9.276247691244951844e-10,-4.777852468569470994e-09,1.117828983575957272e-09,0.000000000000000000e+00
4.093999999999771156e+00,9.181664963248931646e-10,-4.729136399801026003e-09,1.106431345412483920e-09,0.000000000000000000e+00
4.095999999999770935e+00,9.088046622226278761e-10,-4.680917051132639277e-09,1.095149920156000001e-09,0.000000000000000000e+00
4.097999999999770715e+00,8.995382835068411689e-10,-4.633189357893370998e-09,1.083983522873322058e-09,0.000000000000000000e+00
4.099999999999770495e+00,8.903663868927355728e-10,-4.585948307052815436e-09,1.072930980713099748e-09,0.000000000000000000e+00
4.101999999999770274e+00,8.812880090193464578e-10,-4.539188936694564921e-09,1.061991132782658575e-09,0.000000000000000000e+00
4.103999999999770054e+00,8.723021963483563386e-10,-4.492906335495037258e-09,1.051162830026046997e-09,0.000000000000000000e+00
4.105999999999769834e+00,8.634080050639410865e-10,-4.447095642207621075e-09,1.040444935103327616e-09,0.000000000000000000e+00
4.107999999999769614e+00,8.546045009736368827e-10,-4.401752045152079570e-09,1.029836322271158766e-09,0.000000000000000000e+00
4.109999999999769393e+00,8.458907594102186064e-10,-4.356870781709158870e-09,1.019335877264527536e-09,0.000000000000000000e+00
4.111999999999769173e+00,8.372658651345778705e-10,-4.312447137820354695e-09,1.008942497179720260e-09,0.000000000000000000e+00
4.113999999999768953e+00,8.287289122395923307e-10,-4.268476447492772792e-09,9.986550903584907603e-10,0.000000000000000000e+00
4.115999999999768733e+00,8.202790040549742719e-10,-4.224954092309041795e-09,9.884725762733601740e-10,0.000000000000000000e+00
4.117999999999768512e+00,8.119152530530897885e-10,-4.181875500942223083e-09,9.783938854141939487e-10,0.000000000000000000e+00
4.119999999999768292e+00,8.036367807557384244e-10,-4.139236148675664691e-09,9.684179591757780706e-10,0.000000000000000000e+00
4.121999999999768072e+00,7.954427176418829334e-10,-4.097031556927754618e-09,9.585437497467187821e-10,0.000000000000000000e+00
4.123999999999767851e+00,7.873322030563198542e-10,-4.055257292781514791e-09,9.487702199993216810e-10,0.000000000000000000e+00
4.125999999999767631e+00,7.793043851192819044e-10,-4.013908968518996816e-09,9.390963433807016653e-10,0.000000000000000000e+00
4.127999999999767411e+00,7.713584206369610264e-10,-3.972982241160419127e-09,9.295211038049119630e-10,0.000000000000000000e+00
4.129999999999767191e+00,7.634934750129450545e-10,-3.932472812008009137e-09,9.200434955462709211e-10,0.000000000000000000e+00
4.131999999999766970e+00,7.557087221605561117e-10,-3.892376426194492492e-09,9.106625231336946448e-10,0.000000000000000000e+00
4.133999999999766750e+00,7.480033444160837066e-10,-3.852688872236188892e-09,9.013772012461612210e-10,0.000000000000000000e+00
4.135999999999766530e+00,7.403765324529023959e-10,-3.813405981590660716e-09,8.921865546091907185e-10,0.000000000000000000e+00
4.137999999999766310e+00,7.328274851964646042e-10,-3.774523628218876395e-09,8.830896178924269935e-10,0.000000000000000000e+00
4.139999999999766089e+00,7.253554097401609496e-10,-3.736037728151834777e-09,8.740854356082418901e-10,0.000000000000000000e+00
4.141999999999765869e+00,7.179595212620377347e-10,-3.697944239061610764e-09,8.651730620113750709e-10,0.000000000000000000e+00
4.143999999999765649e+00,7.106390429423641597e-10,-3.660239159836772190e-09,8.563515609996127867e-10,0.000000000000000000e+00
4.145999999999765429e+00,7.033932058820399504e-10,-3.622918530162128230e-09,8.476200060154261750e-10,0.000000000000000000e+00
4.147999999999765208e+00,6.962212490218344061e-10,-3.585978430102760538e-09,8.389774799487080554e-10,0.000000000000000000e+00
4.149999999999764988e+00,6.891224190624498370e-10,-3.549414979692297398e-09,8.304230750403865357e-10,0.000000000000000000e+00
4.151999999999764768e+00,6.820959703853990496e-10,-3.513224338525385836e-09,8.219558927871238789e-10,0.000000000000000000e+00
4.153999999999764547e+00,6.751411649746903685e-10,-3.477402705354317398e-09,8.135750438469252696e-10,0.000000000000000000e+00
4.155999999999764327e+00,6.682572723393107830e-10,-3.441946317689768751e-09,8.052796479457170354e-10,0.000000000000000000e+00
4.157999999999764107e+00,6.614435694364995689e-10,-3.406851451405612427e-09,7.970688337849174851e-10,0.000000000000000000e+00
4.159999999999763887e+00,6.546993405958040091e-10,-3.372114420347755925e-09,7.889417389498878674e-10,0.000000000000000000e+00
4.161999999999763666e+00,6.480238774439100792e-10,-3.337731575946971562e-09,7.808975098193693289e-10,0.000000000000000000e+00
4.163999999999763446e+00,6.414164788302386889e-10,-3.303699306835671959e-09,7.729353014758264614e-10,0.000000000000000000e+00
4.165999999999763226e+00,6.348764507533014820e-10,-3.270014038468593142e-09,7.650542776166842051e-10,0.000000000000000000e+00
4.167999999999763006e+00,6.284031062878067851e-10,-3.236672232747347186e-09,7.572536104665044286e-10,0.000000000000000000e+00
4.169999999999762785e+00,6.219957655125091931e-10,-3.203670387648800570e-09,7.495324806900360112e-10,0.000000000000000000e+00
4.171999999999762565e+00,6.156537554387947234e-10,-3.171005036857243092e-09,7.418900773061549727e-10,0.000000000000000000e+00
4.173999999999762345e+00,6.093764099399940974e-10,-3.138672749400305974e-09,7.343255976026847219e-10,0.000000000000000000e+00
4.175999999999762125e+00,6.031630696814169086e-10,-3.106670129288594838e-09,7.268382470520831916e-10,0.000000000000000000e+00
4.177999999999761904e+00,5.970130820510989244e-10,-3.074993815158993299e-09,7.194272392279902409e-10,0.000000000000000000e+00
4.179999999999761684e+00,5.909258010912556973e-10,-3.043640479921607385e-09,7.120917957226320164e-10,0.000000000000000000e+00
4.181999999999761464e+00,5.849005874304350387e-10,-3.012606830410307376e-09,7.048311460650558034e-10,0.000000000000000000e+00
4.183999999999761243e+00,5.789368082163613278e-10,-2.981889607036832300e-09,6.976445276402052918e-10,0.000000000000000000e+00
4.185999999999761023e+00,5.730338370494645178e-10,-2.951485583448424433e-09,6.905311856088130973e-10,0.000000000000000000e+00
4.187999999999760803e+00,5.671910539170866038e-10,-2.921391566188950765e-09,6.834903728281436235e-10,0.000000000000000000e+00
4.189999999999760583e+00,5.614078451283596578e-10,-2.891604394363482510e-09,6.765213497734737694e-10,0.000000000000000000e+00
4.191999999999760362e+00,5.556836032497470554e-10,-2.862120939306292927e-09,6.696233844604603749e-10,0.000000000000000000e+00
4.193999999999760142e+00,5.500177270412426218e-10,-2.832938104252242040e-09,6.627957523682322759e-10,0.000000000000000000e+00
4.195999999999759922e+00,5.444096213932196312e-10,-2.804052824011510194e-09,6.560377363632963054e-10,0.000000000000000000e+00
4.197999999999759702e+00,5.388586972639242835e-10,-2.775462064647649437e-09,6.493486266242241531e-10,0.000000000000000000e+00
4.199999999999759481e+00,5.333643716176064203e-10,-2.747162823158916322e-09,6.427277205670737615e-10,0.000000000000000000e+00
4.201999999999759261e+00,5.279260673632807588e-10,-2.719152127162855947e-09,6.361743227716180500e-10,0.000000000000000000e+00
4.203999999999759041e+00,5.225432132941125448e-10,-2.691427034584099178e-09,6.296877449082916319e-10,0.000000000000000000e+00
4.205999999999758820e+00,5.172152440274218318e-10,-2.663984633345345752e-09,6.232673056658919205e-10,0.000000000000000000e+00
4.207999999999758600e+00,5.119415999452988413e-10,-2.636822041061496880e-09,6.169123306800213879e-10,0.000000000000000000e+00
4.209999999999758380e+00,5.067217271358250254e-10,-2.609936404736906725e-09,6.106221524622511271e-10,0.000000000000000000e+00
4.211999999999758160e+00,5.015550773348936282e-10,-2.583324900465720923e-09,6.043961103300222571e-10,0.000000000000000000e+00
4.213999999999757939e+00,4.964411078686231298e-10,-2.556984733135270712e-09,5.982335503372388531e-10,0.000000000000000000e+00
4.215999999999757719e+00,4.913792815963581945e-10,-2.530913136132490399e-09,5.921338252055954111e-10,0.000000000000000000e+00
4.217999999999757499e+00,4.863690668542515071e-10,-2.505107371053329637e-09,5.860962942565759846e-10,0.000000000000000000e+00
4.219999999999757279e+00,4.814099373994212233e-10,-2.479564727415127841e-09,5.801203233441746225e-10,0.000000000000000000e+00
4.221999999999757058e+00,4.765013723546774169e-10,-2.454282522371920538e-09,5.742052847882676246e-10,0.000000000000000000e+00
4.223999999999756838e+00,4.716428561538121476e-10,-2.429258100432650780e-09,5.683505573087203343e-10,0.000000000000000000e+00
4.225999999999756618e+00,4.668338784874476682e-10,-2.404488833182250873e-09,5.625555259600994272e-10,0.000000000000000000e+00
4.227999999999756398e+00,4.620739342494365170e-10,-2.379972119005570432e-09,5.568195820671031924e-10,0.000000000000000000e+00
4.229999999999756177e+00,4.573625234838082730e-10,-2.355705382814117269e-09,5.511421231606072363e-10,0.000000000000000000e+00
4.231999999999755957e+00,4.526991513322570801e-10,-2.331686075775587114e-09,5.455225529144149444e-10,0.000000000000000000e+00
4.233999999999755737e+00,4.480833279821647716e-10,-2.307911675046148263e-09,5.399602810825968951e-10,0.000000000000000000e+00
4.235999999999755516e+00,4.435145686151538544e-10,-2.284379683505457170e-09,5.344547234375019452e-10,0.000000000000000000e+00
4.237999999999755296e+00,4.389923933561650817e-10,-2.261087629494377253e-09,5.290053017084135152e-10,0.000000000000000000e+00
4.239999999999755076e+00,4.345163272230543398e-10,-2.238033066555369501e-09,5.236114435207815928e-10,0.000000000000000000e+00
4.241999999999754856e+00,4.300859000767032656e-10,-2.215213573175530888e-09,5.182725823361164813e-10,0.000000000000000000e+00
4.243999999999754635e+00,4.257006465716387354e-10,-2.192626752532254941e-09,5.129881573924913520e-10,0.000000000000000000e+00
4.245999999999754415e+00,4.213601061071557967e-10,-2.170270232241481806e-09,5.077576136456238238e-10,0.000000000000000000e+00
4.247999999999754195e+00,4.170638227789387686e-10,-2.148141664108518772e-09,5.025804017105994346e-10,0.000000000000000000e+00
4.249999999999753975e+00,4.128113453311759640e-10,-2.126238723881399002e-09,4.974559778041542869e-10,0.000000000000000000e+00
4.251999999999753754e+00,4.086022271091624464e-10,-2.104559111006757372e-09,4.923838036875598809e-10,0.000000000000000000e+00
4.253999999999753534e+00,4.044360260123860682e-10,-2.083100548388192402e-09,4.873633466100969000e-10,0.000000000000000000e+00
4.255999999999753314e+00,4.003123044480918777e-10,-2.061860782147094841e-09,4.823940792530848621e-10,0.000000000000000000e+00
4.257999999999753094e+00,3.962306292853200349e-10,-2.040837581385914367e-09,4.774754796745139579e-10,0.000000000000000000e+00
4.259999999999752873e+00,3.921905718094123772e-10,-2.020028737953837517e-09,4.726070312542062851e-10,0.000000000000000000e+00
4.261999999999752653e+00,3.881917076769826715e-10,-1.999432066214858647e-09,4.677882226395627264e-10,0.000000000000000000e+00
4.263999999999752433e+00,3.842336168713462614e-10,-1.979045402818212916e-09,4.630185476918524578e-10,0.000000000000000000e+00
4.265999999999752212e+00,3.803158836584039403e-10,-1.958866606471151423e-09,4.582975054330550140e-10,0.000000000000000000e+00
4.267999999999751992e+00,3.764380965429758626e-10,-1.938893557714032454e-09,4.536245999932251314e-10,0.000000000000000000e+00
4.269999999999751772e+00,3.725998482255804256e-10,-1.919124158697705671e-09,4.489993405584300006e-10,0.000000000000000000e+00
4.271999999999751552e+00,3.688007355596540914e-10,-1.899556332963166914e-09,4.444212413191712462e-10,0.000000000000000000e+00
4.273999999999751331e+00,3.650403595092071837e-10,-1.880188025223460453e-09,4.398898214193958596e-10,0.000000000000000000e+00
4.275999999999751111e+00,3.613183251069115772e-10,-1.861017201147802422e-09,4.354046049059571181e-10,0.000000000000000000e+00
4.277999999999750891e+00,3.576342414126157801e-10,-1.842041847147907873e-09,4.309651206786313690e-10,0.000000000000000000e+00
4.279999999999750671e+00,3.539877214722828096e-10,-1.823259970166494955e-09,4.265709024406476658e-10,0.000000000000000000e+00
4.281999999999750450e+00,3.503783822773469313e-10,-1.804669597467946803e-09,4.222214886496971696e-10,0.000000000000000000e+00
4.283999999999750230e+00,3.468058447244847121e-10,-1.786268776431106726e-09,4.179164224694653280e-10,0.000000000000000000e+00
4.285999999999750010e+00,3.432697335757963549e-10,-1.768055574344186838e-09,4.136552517216405104e-10,0.000000000000000000e+00
4.287999999999749789e+00,3.397696774193928177e-10,-1.750028078201767595e-09,4.094375288384288776e-10,0.000000000000000000e+00
4.289999999999749569e+00,3.363053086303850962e-10,-1.732184394503866937e-09,4.052628108155324732e-10,0.000000000000000000e+00
4.291999999999749349e+00,3.328762633322709683e-10,-1.714522649057058777e-09,4.011306591656318939e-10,0.000000000000000000e+00
4.293999999999749129e+00,3.294821813587157338e-10,-1.697040986777618693e-09,3.970406398723206020e-10,0.000000000000000000e+00
4.295999999999748908e+00,3.261227062157224018e-10,-1.679737571496677194e-09,3.929923233445223099e-10,0.000000000000000000e+00
4.297999999999748688e+00,3.227974850441877056e-10,-1.662610585767359666e-09,3.889852843713699324e-10,0.000000000000000000e+00
4.299999999999748468e+00,3.195061685828399139e-10,-1.645658230673892523e-09,3.850191020775444511e-10,0.000000000000000000e+00
4.301999999999748248e+00,3.162484111315546112e-10,-1.628878725642655923e-09,3.810933598790621104e-10,0.000000000000000000e+00
4.303999999999748027e+00,3.130238705150442604e-10,-1.612270308255162992e-09,3.772076454395331069e-10,0.000000000000000000e+00
4.305999999999747807e+00,3.098322080469183429e-10,-1.595831234062945897e-09,3.733615506268338688e-10,0.000000000000000000e+00
4.307999999999747587e+00,3.066730884941096809e-10,-1.579559776404329552e-09,3.695546714702491744e-10,0.000000000000000000e+00
4.309999999999747367e+00,3.035461800416635298e-10,-1.563454226223073510e-09,3.657866081180460577e-10,0.000000000000000000e+00
4.311999999999747146e+00,3.004511542578858224e-10,-1.547512891888862809e-09,3.620569647954695776e-10,0.000000000000000000e+00
4.313999999999746926e+00,2.973876860598465839e-10,-1.531734099019629371e-09,3.583653497631720287e-10,0.000000000000000000e+00
4.315999999999746706e+00,2.943554536792352087e-10,-1.516116190305684717e-09,3.547113752760689779e-10,0.000000000000000000e+00
4.317999999999746485e+00,2.913541386285639282e-10,-1.500657525335646631e-09,3.510946575426155080e-10,0.000000000000000000e+00
4.319999999999746265e+00,2.883834256677156451e-10,-1.485356480424139508e-09,3.475148166844910895e-10,0.000000000000000000e+00
4.321999999999746045e+00,2.854430027708331335e-10,-1.470211448441252871e-09,3.439714766966980421e-10,0.000000000000000000e+00
4.323999999999745825e+00,2.825325610935456786e-10,-1.455220838643737591e-09,3.404642654080735863e-10,0.000000000000000000e+00
4.325999999999745604e+00,2.796517949405298441e-10,-1.440383076507924088e-09,3.369928144421989424e-10,0.000000000000000000e+00
4.327999999999745384e+00,2.768004017334011646e-10,-1.425696603564343490e-09,3.335567591787021668e-10,0.000000000000000000e+00
4.329999999999745164e+00,2.739780819789330908e-10,-1.411159877234035829e-09,3.301557387149629987e-10,0.000000000000000000e+00
4.331999999999744944e+00,2.711845392376000350e-10,-1.396771370666526244e-09,3.267893958282081354e-10,0.000000000000000000e+00
4.333999999999744723e+00,2.684194800924411033e-10,-1.382529572579454099e-09,3.234573769379886653e-10,0.000000000000000000e+00
4.335999999999744503e+00,2.656826141182414139e-10,-1.368432987099836820e-09,3.201593320690380044e-10,0.000000000000000000e+00
4.337999999999744283e+00,2.629736538510274861e-10,-1.354480133606952722e-09,3.168949148145219157e-10,0.000000000000000000e+00
4.339999999999744063e+00,2.602923147578738550e-10,-1.340669546576825061e-09,3.136637822996458713e-10,0.000000000000000000e+00
4.341999999999743842e+00,2.576383152070172946e-10,-1.326999775428292200e-09,3.104655951456462255e-10,0.000000000000000000e+00
4.343999999999743622e+00,2.550113764382760119e-10,-1.313469384370647970e-09,3.073000174341436941e-10,0.000000000000000000e+00
4.345999999999743402e+00,2.524112225337703484e-10,-1.300076952252833617e-09,3.041667166718541743e-10,0.000000000000000000e+00
4.347999999999743181e+00,2.498375803889419903e-10,-1.286821072414169960e-09,3.010653637556800695e-10,0.000000000000000000e+00
4.349999999999742961e+00,2.472901796838687924e-10,-1.273700352536609075e-09,2.979956329381209039e-10,0.000000000000000000e+00
4.351999999999742741e+00,2.447687528548718037e-10,-1.260713414498494142e-09,2.949572017930809851e-10,0.000000000000000000e+00
4.353999999999742521e+00,2.422730350664121678e-10,-1.247858894229809660e-09,2.919497511819913951e-10,0.000000000000000000e+00
4.355999999999742300e+00,2.398027641832743316e-10,-1.235135441568907979e-09,2.889729652202909771e-10,0.000000000000000000e+00
4.357999999999742080e+00,2.373576807430329247e-10,-1.222541720120696208e-09,2.860265312442530844e-10,0.000000000000000000e+00
4.359999999999741860e+00,2.349375279288003639e-10,-1.210076407116269048e-09,2.831101397781382386e-10,0.000000000000000000e+00
4.361999999999741640e+00,2.325420515422524155e-10,-1.197738193273973672e-09,2.802234845016925484e-10,0.000000000000000000e+00
4.363999999999741419e+00,2.301709999769286408e-10,-1.185525782661889916e-09,2.773662622179736929e-10,0.000000000000000000e+00
4.365999999999741199e+00,2.278241241918052162e-10,-1.173437892561713984e-09,2.745381728215028133e-10,0.000000000000000000e+00
4.367999999999740979e+00,2.255011776851371554e-10,-1.161473253334029342e-09,2.717389192667489322e-10,0.000000000000000000e+00
4.369999999999740758e+00,2.232019164685672468e-10,-1.149630608284951136e-09,2.689682075369194283e-10,0.000000000000000000e+00
4.371999999999740538e+00,2.209260990414989891e-10,-1.137908713534130713e-09,2.662257466130863478e-10,0.000000000000000000e+00
4.373999999999740318e+00,2.186734863657307883e-10,-1.126306337884105745e-09,2.635112484436138086e-10,0.000000000000000000e+00
4.375999999999740098e+00,2.164438418403488288e-10,-1.114822262690983162e-09,2.608244279139113143e-10,0.000000000000000000e+00
4.377999999999739877e+00,2.142369312768759567e-10,-1.103455281736439770e-09,2.581650028164798897e-10,0.000000000000000000e+00
4.379999999999739657e+00,2.120525228746739136e-10,-1.092204201101027964e-09,2.555326938212675821e-10,0.000000000000000000e+00
4.381999999999739437e+00,2.098903871965963608e-10,-1.081067839038774112e-09,2.529272244463392909e-10,0.000000000000000000e+00
4.383999999999739217e+00,2.077502971448902390e-10,-1.070045025853055140e-09,2.503483210288311479e-10,0.000000000000000000e+00
4.385999999999738996e+00,2.056320279373427483e-10,-1.059134603773740085e-09,2.477957126962109539e-10,0.000000000000000000e+00
4.387999999999738776e+00,2.035353570836715718e-10,-1.048335426835585238e-09,2.452691313378182026e-10,0.000000000000000000e+00
4.389999999999738556e+00,2.014600643621558341e-10,-1.037646360757868820e-09,2.427683115767167787e-10,0.000000000000000000e+00
4.391999999999738336e+00,1.994059317965053398e-10,-1.027066282825252778e-09,2.402929907418090451e-10,0.000000000000000000e+00
4.393999999999738115e+00,1.973727436329656094e-10,-1.016594081769859502e-09,2.378429088402510239e-10,0.000000000000000000e+00
4.395999999999737895e+00,1.953602863176565176e-10,-1.006228657654551268e-09,2.354178085301488185e-10,0.000000000000000000e+00
4.397999999999737675e+00,1.933683484741417137e-10,-9.959689217573989489e-10,2.330174350935230429e-10,0.000000000000000000e+00
4.399999999999737454e+00,1.913967208812270424e-10,-9.858137964573296783e-10,2.306415364095561457e-10,0.000000000000000000e+00
4.401999999999737234e+00,1.894451964509851723e-10,-9.757622151209397944e-10,2.282898629281110506e-10,0.000000000000000000e+00
4.403999999999737014e+00,1.875135702070042617e-10,-9.658131219904617058e-10,2.259621676435227655e-10,0.000000000000000000e+00
4.405999999999736794e+00,1.856016392628585149e-10,-9.559654720728741263e-10,2.236582060686522085e-10,0.000000000000000000e+00
4.407999999999736573e+00,1.837092028007982261e-10,-9.462182310301416183e-10,2.213777362092039038e-10,0.000000000000000000e+00
4.409999999999736353e+00,1.818360620506570873e-10,-9.365703750705743454e-10,2.191205185383108577e-10,0.000000000000000000e+00
4.411999999999736133e+00,1.799820202689744859e-10,-9.270208908412952134e-10,2.168863159713824779e-10,0.000000000000000000e+00
4.413999999999735913e+00,1.781468827183308784e-10,-9.175687753218029219e-10,2.146748938411882385e-10,0.000000000000000000e+00
4.415999999999735692e+00,1.763304566468936302e-10,-9.082130357186212071e-10,2.124860198732242420e-10,0.000000000000000000e+00
4.417999999999735472e+00,1.745325512681715892e-10,-8.989526893610213527e-10,2.103194641613072550e-10,0.000000000000000000e+00
4.419999999999735252e+00,1.727529777409759632e-10,-8.897867635978086599e-10,2.081749991434309602e-10,0.000000000000000000e+00
4.421999999999735032e+00,1.709915491495856406e-10,-8.807142956951607833e-10,2.060523995778604375e-10,0.000000000000000000e+00
4.423999999999734811e+00,1.692480804841146270e-10,-8.717343327355082086e-10,2.039514425194805879e-10,0.000000000000000000e+00
4.425999999999734591e+00,1.675223886210797377e-10,-8.628459315174452960e-10,2.018719072963728606e-10,0.000000000000000000e+00
4.427999999999734371e+00,1.658142923041664247e-10,-8.540481584566620627e-10,1.998135754866393064e-10,0.000000000000000000e+00
4.429999999999734150e+00,1.641236121251906470e-10,-8.453400894878862650e-10,1.977762308954640321e-10,0.000000000000000000e+00
4.431999999999733930e+00,1.624501705052549978e-10,-8.367208099678248158e-10,1.957596595323988213e-10,0.000000000000000000e+00
4.433999999999733710e+00,1.607937916760968158e-10,-8.281894145790956497e-10,1.937636495888927722e-10,0.000000000000000000e+00
4.435999999999733490e+00,1.591543016616265480e-10,-8.197450072351381410e-10,1.917879914160436217e-10,0.000000000000000000e+00
4.437999999999733269e+00,1.575315282596543476e-10,-8.113867009860937023e-10,1.898324775025757151e-10,0.000000000000000000e+00
4.439999999999733049e+00,1.559253010238030460e-10,-8.031136179256459116e-10,1.878969024530454518e-10,0.000000000000000000e+00
4.441999999999732829e+00,1.543354512456054315e-10,-7.949248890988106578e-10,1.859810629662675876e-10,0.000000000000000000e+00
4.443999999999732609e+00,1.527618119367841015e-10,-7.868196544106660652e-10,1.840847578139648759e-10,0.000000000000000000e+00
4.445999999999732388e+00,1.512042178117120798e-10,-7.787970625360134104e-10,1.822077878196236768e-10,0.000000000000000000e+00
4.447999999999732168e+00,1.496625052700521573e-10,-7.708562708299591056e-10,1.803499558375869673e-10,0.000000000000000000e+00
4.449999999999731948e+00,1.481365123795733514e-10,-7.629964452394081299e-10,1.785110667323309855e-10,0.000000000000000000e+00
4.451999999999731727e+00,1.466260788591424187e-10,-7.552167602154602266e-10,1.766909273579850652e-10,0.000000000000000000e+00
4.453999999999731507e+00,1.451310460618890235e-10,-7.475163986266993507e-10,1.748893465380334517e-10,0.000000000000000000e+00
4.455999999999731287e+00,1.436512569585422875e-10,-7.398945516733667530e-10,1.731061350452421093e-10,0.000000000000000000e+00
4.457999999999731067e+00,1.421865561209374807e-10,-7.323504188024098412e-10,1.713411055817799170e-10,0.000000000000000000e+00
4.459999999999730846e+00,1.407367897056906811e-10,-7.248832076233965827e-10,1.695940727595458320e-10,0.000000000000000000e+00
4.461999999999730626e+00,1.393018054380401121e-10,-7.174921338252878996e-10,1.678648530806987123e-10,0.000000000000000000e+00
4.463999999999730406e+00,1.378814525958519847e-10,-7.101764210940581313e-10,1.661532649183856631e-10,0.000000000000000000e+00
4.465999999999730186e+00,1.364755819937896822e-10,-7.029353010311556023e-10,1.644591284976573253e-10,0.000000000000000000e+00
4.467999999999729965e+00,1.350840459676440903e-10,-6.957680130727949200e-10,1.627822658765957502e-10,0.000000000000000000e+00
4.469999999999729745e+00,1.337066983588239347e-10,-6.886738044100716968e-10,1.611225009276159816e-10,0.000000000000000000e+00
4.471999999999729525e+00,1.323433944990041619e-10,-6.816519299098921485e-10,1.594796593189711242e-10,0.000000000000000000e+00
4.473999999999729305e+00,1.309939911949307351e-10,-6.747016520367085736e-10,1.578535684964393928e-10,0.000000000000000000e+00
4.475999999999729084e+00,1.296583467133806287e-10,-6.678222407750533718e-10,1.562440576652014112e-10,0.000000000000000000e+00
4.477999999999728864e+00,1.283363207662749048e-10,-6.610129735528622965e-10,1.546509577719019743e-10,0.000000000000000000e+00
4.479999999999728644e+00,1.270277744959437561e-10,-6.542731351655800131e-10,1.530741014868896528e-10,0.000000000000000000e+00
4.481999999999728423e+00,1.257325704605416842e-10,-6.476020177010392780e-10,1.515133231866466500e-10,0.000000000000000000e+00
4.483999999999728203e+00,1.244505726196114652e-10,-6.409989204651060873e-10,1.499684589363898844e-10,0.000000000000000000e+00
4.485999999999727983e+00,1.231816463197953030e-10,-6.344631499080828323e-10,1.484393464728507440e-10,0.000000000000000000e+00
4.487999999999727763e+00,1.219256582806915660e-10,-6.279940195518621222e-10,1.469258251872343388e-10,0.000000000000000000e+00
4.489999999999727542e+00,1.206824765808559179e-10,-6.215908499178234144e-10,1.454277361083508057e-10,0.000000000000000000e+00
4.491999999999727322e+00,1.194519706439449833e-10,-6.152529684554642850e-10,1.439449218859153603e-10,0.000000000000000000e+00
4.493999999999727102e+00,1.182340112250014602e-10,-6.089797094717601351e-10,1.424772267740228813e-10,0.000000000000000000e+00
4.495999999999726882e+00,1.170284703968789743e-10,-6.027704140612434408e-10,1.410244966147887607e-10,0.000000000000000000e+00
4.497999999999726661e+00,1.158352215368053837e-10,-5.966244300367966531e-10,1.395865788221576698e-10,0.000000000000000000e+00
4.499999999999726441e+00,1.146541393130830840e-10,-5.905411118611499593e-10,1.381633223658761077e-10,0.000000000000000000e+00
4.501999999999726221e+00,1.134850996719249332e-10,-5.845198205790783223e-10,1.367545777556295592e-10,0.000000000000000000e+00
4.503999999999726001e+00,1.123279798244243607e-10,-5.785599237502891123e-10,1.353601970253384702e-10,0.000000000000000000e+00
4.505999999999725780e+00,1.111826582336583674e-10,-5.726607953829947468e-10,1.339800337176229689e-10,0.000000000000000000e+00
4.507999999999725560e+00,1.100490146019220483e-10,-5.668218158681619655e-10,1.326139428684139980e-10,0.000000000000000000e+00
4.509999999999725340e+00,1.089269298580931890e-10,-5.610423719144318440e-10,1.312617809917274005e-10,0.000000000000000000e+00
4.511999999999725119e+00,1.078162861451257855e-10,-5.553218564837035180e-10,1.299234060645968255e-10,0.000000000000000000e+00
4.513999999999724899e+00,1.067169668076710416e-10,-5.496596687273743770e-10,1.285986775121530438e-10,0.000000000000000000e+00
4.515999999999724679e+00,1.056288563798245740e-10,-5.440552139232307337e-10,1.272874561928629104e-10,0.000000000000000000e+00
4.517999999999724459e+00,1.045518405729986144e-10,-5.385079034129815220e-10,1.259896043839072920e-10,0.000000000000000000e+00
4.519999999999724238e+00,1.034858062639177568e-10,-5.330171545404294415e-10,1.247049857667252597e-10,0.000000000000000000e+00
4.521999999999724018e+00,1.024306414827372066e-10,-5.275823905902718963e-10,1.234334654126873198e-10,0.000000000000000000e+00
4.523999999999723798e+00,1.013862354012821588e-10,-5.222030407275265589e-10,1.221749097689258104e-10,0.000000000000000000e+00
4.525999999999723578e+00,1.003524783214070146e-10,-5.168785399375743207e-10,1.209291866443141900e-10,0.000000000000000000e+00
4.527999999999723357e+00,9.932926166347338896e-11,-5.116083289668133227e-10,1.196961651955712303e-10,0.000000000000000000e+00
4.529999999999723137e+00,9.831647795494555168e-11,-5.063918542639183782e-10,1.184757159135248550e-10,0.000000000000000000e+00
4.531999999999722917e+00,9.731402081910215200e-11,-5.012285679216994818e-10,1.172677106095099817e-10,0.000000000000000000e+00
4.533999999999722696e+00,9.632178496386305066e-11,-4.961179276195526829e-10,1.160720224018995401e-10,0.000000000000000000e+00
4.535999999999722476e+00,9.533966617073005735e-11,-4.910593965664979468e-10,1.148885257027810738e-10,0.000000000000000000e+00
4.537999999999722256e+00,9.436756128384046186e-11,-4.860524434447982146e-10,1.137170962047673456e-10,0.000000000000000000e+00
4.539999999999722036e+00,9.340536819913215712e-11,-4.810965423541525249e-10,1.125576108679343282e-10,0.000000000000000000e+00
4.541999999999721815e+00,9.245298585361924261e-11,-4.761911727564588580e-10,1.114099479069010567e-10,0.000000000000000000e+00
4.543999999999721595e+00,9.151031421477695769e-11,-4.713358194211399784e-10,1.102739867780414164e-10,0.000000000000000000e+00
4.545999999999721375e+00,9.057725427003491102e-11,-4.665299723710265908e-10,1.091496081668162854e-10,0.000000000000000000e+00
4.547999999999721155e+00,8.965370801637732646e-11,-4.617731268287922773e-10,1.080366939752450567e-10,0.000000000000000000e+00
4.549999999999720934e+00,8.873957845004945244e-11,-4.570647831639350462e-10,1.069351273095020654e-10,0.000000000000000000e+00
4.551999999999720714e+00,8.783476955636885521e-11,-4.524044468402989255e-10,1.058447924676370921e-10,0.000000000000000000e+00
4.553999999999720494e+00,8.693918629964058794e-11,-4.477916283641308462e-10,1.047655749274232525e-10,0.000000000000000000e+00
4.555999999999720274e+00,8.605273461317525326e-11,-4.432258432326672835e-10,1.036973613343281375e-10,0.000000000000000000e+00
4.557999999999720053e+00,8.517532138940875744e-11,-4.387066118832448124e-10,1.026400394896082017e-10,0.000000000000000000e+00
4.559999999999719833e+00,8.430685447012290286e-11,-4.342334596429298753e-10,1.015934983385226815e-10,0.000000000000000000e+00
4.561999999999719613e+00,8.344724263676557840e-11,-4.298059166786619698e-10,1.005576279586728291e-10,0.000000000000000000e+00
4.563999999999719392e+00,8.259639560086977195e-11,-4.254235179479050871e-10,9.953231954844992237e-11,0.000000000000000000e+00
4.565999999999719172e+00,8.175422399457016438e-11,-4.210858031498026454e-10,9.851746541561438150e-11,0.000000000000000000e+00
4.567999999999718952e+00,8.092063936121650371e-11,-4.167923166768300238e-10,9.751295896597993868e-11,0.000000000000000000e+00
4.569999999999718732e+00,8.009555414608262197e-11,-4.125426075669404576e-10,9.651869469221857552e-11,0.000000000000000000e+00
4.571999999999718511e+00,7.927888168717022889e-11,-4.083362294561985571e-10,9.553456816277919796e-11,0.000000000000000000e+00
4.573999999999718291e+00,7.847053620610643550e-11,-4.041727405318970026e-10,9.456047601091880781e-11,0.000000000000000000e+00
4.575999999999718071e+00,7.767043279913412877e-11,-4.000517034861511955e-10,9.359631592384451638e-11,0.000000000000000000e+00
4.577999999999717851e+00,7.687848742819418908e-11,-3.959726854699670039e-10,9.264198663196846838e-11,0.000000000000000000e+00
4.579999999999717630e+00,7.609461691209863300e-11,-3.919352580477769524e-10,9.169738789827029921e-11,0.000000000000000000e+00
4.581999999999717410e+00,7.531873891779375074e-11,-3.879389971524398900e-10,9.076242050776919373e-11,0.000000000000000000e+00
4.583999999999717190e+00,7.455077195171234639e-11,-3.839834830406995375e-10,8.983698625710265129e-11,0.000000000000000000e+00
4.585999999999716970e+00,7.379063535121415053e-11,-3.800683002490972085e-10,8.892098794421154353e-11,0.000000000000000000e+00
4.587999999999716749e+00,7.303824927611348739e-11,-3.761930375503339476e-10,8.801432935813187838e-11,0.000000000000000000e+00
4.589999999999716529e+00,7.229353470029333076e-11,-3.723572879100777956e-10,8.711691526888913460e-11,0.000000000000000000e+00
4.591999999999716309e+00,7.155641340340490843e-11,-3.685606484442111665e-10,8.622865141749309859e-11,0.000000000000000000e+00
4.593999999999716088e+00,7.082680796265188582e-11,-3.648027203765145101e-10,8.534944450604064844e-11,0.000000000000000000e+00
4.595999999999715868e+00,7.010464174465832756e-11,-3.610831089967811430e-10,8.447920218791614515e-11,0.000000000000000000e+00
4.597999999999715648e+00,6.938983889741960976e-11,-3.574014236193592665e-10,8.361783305808984486e-11,0.000000000000000000e+00
4.599999999999715428e+00,6.868232434233537817e-11,-3.537572775421167252e-10,8.276524664351846783e-11,0.000000000000000000e+00
4.601999999999715207e+00,6.798202376632372529e-11,-3.501502880058241646e-10,8.192135339364420190e-11,0.000000000000000000e+00
4.603999999999714987e+00,6.728886361401582359e-11,-3.465800761539521403e-10,8.108606467098428228e-11,0.000000000000000000e+00
4.605999999999714767e+00,6.660277108003007154e-11,-3.430462669928785089e-10,8.025929274182520966e-11,0.000000000000000000e+00
4.607999999999714547e+00,6.592367410132506730e-11,-3.395484893525012408e-10,7.944095076700713097e-11,0.000000000000000000e+00
4.609999999999714326e+00,6.525150134963055719e-11,-3.360863758472529845e-10,7.863095279280169165e-11,0.000000000000000000e+00
4.611999999999714106e+00,6.458618222395553163e-11,-3.326595628375129876e-10,7.782921374188253199e-11,0.000000000000000000e+00
4.613999999999713886e+00,6.392764684317270602e-11,-3.292676903914126523e-10,7.703564940439297739e-11,0.000000000000000000e+00
4.615999999999713665e+00,6.327582603867864990e-11,-3.259104022470305380e-10,7.625017642909851443e-11,0.000000000000000000e+00
4.617999999999713445e+00,6.263065134712869845e-11,-3.225873457749725717e-10,7.547271231463273853e-11,0.000000000000000000e+00
4.619999999999713225e+00,6.199205500324602580e-11,-3.192981719413340535e-10,7.470317540083139622e-11,0.000000000000000000e+00
4.621999999999713005e+00,6.135996993270394974e-11,-3.160425352710393225e-10,7.394148486015659012e-11,0.000000000000000000e+00
4.623999999999712784e+00,6.073432974508083447e-11,-3.128200938115549970e-10,7.318756068920659720e-11,0.000000000000000000e+00
4.625999999999712564e+00,6.011506872688689340e-11,-3.096305090969733795e-10,7.244132370031130008e-11,0.000000000000000000e+00
4.627999999999712344e+00,5.950212183466197438e-11,-3.064734461124620428e-10,7.170269551321736758e-11,0.000000000000000000e+00
4.629999999999712124e+00,5.889542468814382335e-11,-3.033485732590758257e-10,7.097159854685367172e-11,0.000000000000000000e+00
4.631999999999711903e+00,5.829491356350597328e-11,-3.002555623189277208e-10,7.024795601118273145e-11,0.000000000000000000e+00
4.633999999999711683e+00,5.770052538666454119e-11,-2.971940884207148819e-10,6.953169189913735608e-11,0.000000000000000000e+00
4.635999999999711463e+00,5.711219772665335151e-11,-2.941638300055960282e-10,6.882273097863421648e-11,0.000000000000000000e+00
4.637999999999711243e+00,5.652986878906651997e-11,-2.911644687934168319e-10,6.812099878467385660e-11,0.000000000000000000e+00
4.639999999999711022e+00,5.595347740956796150e-11,-2.881956897492796732e-10,6.742642161151887363e-11,0.000000000000000000e+00
4.641999999999710802e+00,5.538296304746705327e-11,-2.852571810504543470e-10,6.673892650495274821e-11,0.000000000000000000e+00
4.643999999999710582e+00,5.481826577935980003e-11,-2.823486340536259505e-10,6.605844125461560249e-11,0.000000000000000000e+00
4.645999999999710361e+00,5.425932629283484913e-11,-2.794697432624770026e-10,6.538489438642184904e-11,0.000000000000000000e+00
4.647999999999710141e+00,5.370608588024365084e-11,-2.766202062955997124e-10,6.471821515505145881e-11,0.000000000000000000e+00
4.649999999999709921e+00,5.315848643253417586e-11,-2.737997238547359139e-10,6.405833353652022492e-11,0.000000000000000000e+00
4.651999999999709701e+00,5.261647043314749205e-11,-2.710079996933403772e-10,6.340518022082323184e-11,0.000000000000000000e+00
4.653999999999709480e+00,5.207998095197656073e-11,-2.682447405854649622e-10,6.275868660465732037e-11,0.000000000000000000e+00
4.655999999999709260e+00,5.154896163938663846e-11,-2.655096562949598929e-10,6.211878478421344939e-11,0.000000000000000000e+00
4.657999999999709040e+00,5.102335672029665763e-11,-2.628024595449890492e-10,6.148540754804598536e-11,0.000000000000000000e+00
4.659999999999708820e+00,5.050311098832094589e-11,-2.601228659878561768e-10,6.085848837001147505e-11,0.000000000000000000e+00
4.661999999999708599e+00,4.998816979997067076e-11,-2.574705941751387032e-10,6.023796140228269167e-11,0.000000000000000000e+00
4.663999999999708379e+00,4.947847906891442102e-11,-2.548453655281260610e-10,5.962376146843175056e-11,0.000000000000000000e+00
4.665999999999708159e+00,4.897398526029730477e-11,-2.522469043085595692e-10,5.901582405658436249e-11,0.000000000000000000e+00
4.667999999999707939e+00,4.847463538511796307e-11,-2.496749375896703586e-10,5.841408531264439721e-11,0.000000000000000000e+00
4.669999999999707718e+00,4.798037699466293684e-11,-2.471291952275129622e-10,5.781848203358627590e-11,0.000000000000000000e+00
4.671999999999707498e+00,4.749115817499775385e-11,-2.446094098325907975e-10,5.722895166081643316e-11,0.000000000000000000e+00
4.673999999999707278e+00,4.700692754151421230e-11,-2.421153167417714198e-10,5.664543227360302139e-11,0.000000000000000000e+00
4.675999999999707057e+00,4.652763423353323412e-11,-2.396466539904877735e-10,5.606786258257282360e-11,0.000000000000000000e+00
4.677999999999706837e+00,4.605322790896279037e-11,-2.372031622852229601e-10,5.549618192327206596e-11,0.000000000000000000e+00
4.679999999999706617e+00,4.558365873901023969e-11,-2.347845849762757295e-10,5.493033024979629991e-11,0.000000000000000000e+00
4.681999999999706397e+00,4.511887740294863374e-11,-2.323906680308034396e-10,5.437024812848211596e-11,0.000000000000000000e+00
4.683999999999706176e+00,4.465883508293635647e-11,-2.300211600061399760e-10,5.381587673166565243e-11,0.000000000000000000e+00
4.685999999999705956e+00,4.420348345888958661e-11,-2.276758120233857612e-10,5.326715783150252228e-11,0.000000000000000000e+00
4.687999999999705736e+00,4.375277470340705341e-11,-2.253543777412670128e-10,5.272403379385391439e-11,0.000000000000000000e+00
4.689999999999705516e+00,4.330666147674653008e-11,-2.230566133302615074e-10,5.218644757223080434e-11,0.000000000000000000e+00
4.691999999999705295e+00,4.286509692185255417e-11,-2.207822774469881905e-10,5.165434270180330558e-11,0.000000000000000000e+00
4.693999999999705075e+00,4.242803465943483859e-11,-2.185311312088579419e-10,5.112766329346999123e-11,0.000000000000000000e+00
4.695999999999704855e+00,4.199542878309687582e-11,-2.163029381689827839e-10,5.060635402798718652e-11,0.000000000000000000e+00
4.697999999999704634e+00,4.156723385451419217e-11,-2.140974642913408690e-10,5.009036015015926571e-11,0.000000000000000000e+00
4.699999999999704414e+00,4.114340489866180005e-11,-2.119144779261947921e-10,4.957962746308643813e-11,0.000000000000000000e+00
4.701999999999704194e+00,4.072389739909027934e-11,-2.097537497857604598e-10,4.907410232247250482e-11,0.000000000000000000e+00
4.703999999999703974e+00,4.030866729325002909e-11,-2.076150529201241153e-10,4.857373163099175849e-11,0.000000000000000000e+00
4.705999999999703753e+00,3.989767096786321788e-11,-2.054981626934048539e-10,4.807846283271006396e-11,0.000000000000000000e+00
4.707999999999703533e+00,3.949086525434289634e-11,-2.034028567601602268e-10,4.758824390756590907e-11,0.000000000000000000e+00
4.709999999999703313e+00,3.908820742425883247e-11,-2.013289150420324250e-10,4.710302336590604954e-11,0.000000000000000000e+00
4.711999999999703093e+00,3.868965518484956570e-11,-1.992761197046325102e-10,4.662275024307740217e-11,0.000000000000000000e+00
4.713999999999702872e+00,3.829516667458024662e-11,-1.972442551346604698e-10,4.614737409407394545e-11,0.000000000000000000e+00
4.715999999999702652e+00,3.790470045874573265e-11,-1.952331079172584335e-10,4.567684498823821419e-11,0.000000000000000000e+00
4.717999999999702432e+00,3.751821552511854521e-11,-1.932424668135949319e-10,4.521111350401759483e-11,0.000000000000000000e+00
4.719999999999702212e+00,3.713567127964119102e-11,-1.912721227386775855e-10,4.475013072377293986e-11,0.000000000000000000e+00
4.721999999999701991e+00,3.675702754216240790e-11,-1.893218687393920547e-10,4.429384822864012190e-11,0.000000000000000000e+00
4.723999999999701771e+00,3.638224454221687635e-11,-1.873914999727649476e-10,4.384221809344452728e-11,0.000000000000000000e+00
4.725999999999701551e+00,3.601128291484797688e-11,-1.854808136844483357e-10,4.339519288166766204e-11,0.000000000000000000e+00
4.727999999999701330e+00,3.564410369647312772e-11,-1.835896091874237043e-10,4.295272564046442265e-11,0.000000000000000000e+00
4.729999999999701110e+00,3.528066832079128283e-11,-1.817176878409229611e-10,4.251476989573227244e-11,0.000000000000000000e+00
4.731999999999700890e+00,3.492093861473215096e-11,-1.798648530295643300e-10,4.208127964722860123e-11,0.000000000000000000e+00
4.733999999999700670e+00,3.456487679444674780e-11,-1.780309101427011667e-10,4.165220936373937013e-11,0.000000000000000000e+00
4.735999999999700449e+00,3.421244546133878372e-11,-1.762156665539811631e-10,4.122751397829800764e-11,0.000000000000000000e+00
4.737999999999700229e+00,3.386360759813655753e-11,-1.744189316011140515e-10,4.080714888345000741e-11,0.000000000000000000e+00
4.739999999999700009e+00,3.351832656500486511e-11,-1.726405165658455627e-10,4.039106992656984525e-11,0.000000000000000000e+00
4.741999999999699789e+00,3.317656609569659330e-11,-1.708802346541355931e-10,3.997923340522090940e-11,0.000000000000000000e+00
4.743999999999699568e+00,3.283829029374351441e-11,-1.691379009765385150e-10,3.957159606256754334e-11,0.000000000000000000e+00
4.745999999999699348e+00,3.250346362868594528e-11,-1.674133325287834568e-10,3.916811508282989508e-11,0.000000000000000000e+00
4.747999999999699128e+00,3.217205093234083792e-11,-1.657063481725526424e-10,3.876874808678757018e-11,0.000000000000000000e+00
4.749999999999698908e+00,3.184401739510792700e-11,-1.640167686164557454e-10,3.837345312732877961e-11,0.000000000000000000e+00
4.751999999999698687e+00,3.151932856231353331e-11,-1.623444163971981666e-10,3.798218868504394868e-11,0.000000000000000000e+00
4.753999999999698467e+00,3.119795033059164860e-11,-1.606891158609413456e-10,3.759491366386482084e-11,0.000000000000000000e+00
4.755999999999698247e+00,3.087984894430193983e-11,-1.590506931448531438e-10,3.721158738674760883e-11,0.000000000000000000e+00
4.757999999999698026e+00,3.056499099198424623e-11,-1.574289761588463587e-10,3.683216959140102045e-11,0.000000000000000000e+00
4.759999999999697806e+00,3.025334340284923973e-11,-1.558237945675033802e-10,3.645662042605750442e-11,0.000000000000000000e+00
4.761999999999697586e+00,2.994487344330486736e-11,-1.542349797721852044e-10,3.608490044528688937e-11,0.000000000000000000e+00
4.763999999999697366e+00,2.963954871351822028e-11,-1.526623648933228666e-10,3.571697060585407005e-11,0.000000000000000000e+00
4.765999999999697145e+00,2.933733714401244167e-11,-1.511057847528893292e-10,3.535279226261701874e-11,0.000000000000000000e+00
4.767999999999696925e+00,2.903820699229834064e-11,-1.495650758570502473e-10,3.499232716446843033e-11,0.000000000000000000e+00
4.769999999999696705e+00,2.874212683954035672e-11,-1.480400763789915695e-10,3.463553745031831287e-11,0.000000000000000000e+00
4.771999999999696485e+00,2.844906558725651319e-11,-1.465306261419221659e-10,3.428238564511669645e-11,0.000000000000000000e+00
4.773999999999696264e+00,2.815899245405201325e-11,-1.450365666022498273e-10,3.393283465591811456e-11,0.000000000000000000e+00
4.775999999999696044e+00,2.787187697238615617e-11,-1.435577408329288527e-10,3.358684776798454949e-11,0.000000000000000000e+00
4.777999999999695824e+00,2.758768898537220164e-11,-1.420939935069772867e-10,3.324438864093015028e-11,0.000000000000000000e+00
4.779999999999695603e+00,2.730639864360987556e-11,-1.406451708811624102e-10,3.290542130490420774e-11,0.000000000000000000e+00
4.781999999999695383e+00,2.702797640205017124e-11,-1.392111207798523658e-10,3.256991015681197309e-11,0.000000000000000000e+00
4.783999999999695163e+00,2.675239301689210710e-11,-1.377916925790326497e-10,3.223781995657683553e-11,0.000000000000000000e+00
4.785999999999694943e+00,2.647961954251113684e-11,-1.363867371904853523e-10,3.190911582343744821e-11,0.000000000000000000e+00
4.787999999999694722e+00,2.620962732841887615e-11,-1.349961070461299571e-10,3.158376323228455895e-11,0.000000000000000000e+00
4.789999999999694502e+00,2.594238801625382938e-11,-1.336196560825235525e-10,3.126172801003527075e-11,0.000000000000000000e+00
4.791999999999694282e+00,2.567787353680278968e-11,-1.322572397255192944e-10,3.094297633204266439e-11,0.000000000000000000e+00
4.793999999999694062e+00,2.541605610705262836e-11,-1.309087148750811532e-10,3.062747471854409165e-11,0.000000000000000000e+00
4.795999999999693841e+00,2.515690822727212123e-11,-1.295739398902535775e-10,3.031519003114379657e-11,0.000000000000000000e+00
4.797999999999693621e+00,2.490040267812355348e-11,-1.282527745742843397e-10,3.000608946933255298e-11,0.000000000000000000e+00
4.799999999999693401e+00,2.464651251780375405e-11,-1.269450801598991453e-10,2.970014056704307770e-11,0.000000000000000000e+00
4.801999999999693181e+00,2.439521107921430107e-11,-1.256507192947263734e-10,2.939731118923894443e-11,0.000000000000000000e+00
4.803999999999692960e+00,2.414647196716055905e-11,-1.243695560268703240e-10,2.909756952854030728e-11,0.000000000000000000e+00
4.805999999999692740e+00,2.390026905557929583e-11,-1.231014557906317535e-10,2.880088410188209106e-11,0.000000000000000000e+00
4.807999999999692520e+00,2.365657648479454965e-11,-1.218462853923737881e-10,2.850722374720837077e-11,0.000000000000000000e+00
4.809999999999692299e+00,2.341536865880148469e-11,-1.206039129965321545e-10,2.821655762019777036e-11,0.000000000000000000e+00
4.811999999999692079e+00,2.317662024257794746e-11,-1.193742081117679430e-10,2.792885519102567102e-11,0.000000000000000000e+00
4.813999999999691859e+00,2.294030615942342351e-11,-1.181570415772615357e-10,2.764408624115537075e-11,0.000000000000000000e+00
4.815999999999691639e+00,2.270640158832512959e-11,-1.169522855491463788e-10,2.736222086016584676e-11,0.000000000000000000e+00
4.817999999999691418e+00,2.247488196135096654e-11,-1.157598134870810238e-10,2.708322944260950311e-11,0.000000000000000000e+00
4.819999999999691198e+00,2.224572296106905180e-11,-1.145795001409580668e-10,2.680708268490248854e-11,0.000000000000000000e+00
4.821999999999690978e+00,2.201890051799355374e-11,-1.134112215377486554e-10,2.653375158224706769e-11,0.000000000000000000e+00
4.823999999999690758e+00,2.179439080805659179e-11,-1.122548549684810628e-10,2.626320742558480463e-11,0.000000000000000000e+00
4.825999999999690537e+00,2.157217025010588588e-11,-1.111102789753521415e-10,2.599542179858169640e-11,0.000000000000000000e+00
4.827999999999690317e+00,2.135221550342794500e-11,-1.099773733389700654e-10,2.573036657464277469e-11,0.000000000000000000e+00
4.829999999999690097e+00,2.113450346529649130e-11,-1.088560190657272241e-10,2.546801391395814058e-11,0.000000000000000000e+00
4.831999999999689877e+00,2.091901126854588699e-11,-1.077460983753018597e-10,2.520833626057939796e-11,0.000000000000000000e+00
4.833999999999689656e+00,2.070571627916931201e-11,-1.066474946882871285e-10,2.495130633952452146e-11,0.000000000000000000e+00
4.835999999999689436e+00,2.049459609394141790e-11,-1.055600926139462816e-10,2.469689715391353676e-11,0.000000000000000000e+00
4.837999999999689216e+00,2.028562853806523157e-11,-1.044837779380927243e-10,2.444508198213253185e-11,0.000000000000000000e+00
4.839999999999688995e+00,2.007879166284304414e-11,-1.034184376110936613e-10,2.419583437502755021e-11,0.000000000000000000e+00
4.841999999999688775e+00,1.987406374337105210e-11,-1.023639597359960090e-10,2.394912815312598773e-11,0.000000000000000000e+00
4.843999999999688555e+00,1.967142327625750525e-11,-1.013202335567734391e-10,2.370493740388725116e-11,0.000000000000000000e+00
4.845999999999688335e+00,1.947084897736411914e-11,-1.002871494466932075e-10,2.346323647898092027e-11,0.000000000000000000e+00
4.847999999999688114e+00,1.927231977957051608e-11,-9.926459889680164507e-11,2.322399999159251727e-11,0.000000000000000000e+00
4.849999999999687894e+00,1.907581483056146205e-11,-9.825247450452700465e-11,2.298720281375760700e-11,0.000000000000000000e+00
4.851999999999687674e+00,1.888131349063666368e-11,-9.725066996239856579e-11,2.275282007372195347e-11,0.000000000000000000e+00
4.853999999999687454e+00,1.868879533054290237e-11,-9.625908004688070460e-11,2.252082715332959366e-11,0.000000000000000000e+00
4.855999999999687233e+00,1.849824012932825993e-11,-9.527760060732086891e-11,2.229119968543655393e-11,0.000000000000000000e+00
4.857999999999687013e+00,1.830962787221823864e-11,-9.430612855501021816e-11,2.206391355135217360e-11,0.000000000000000000e+00
4.859999999999686793e+00,1.812293874851352696e-11,-9.334456185235577737e-11,2.183894487830514052e-11,0.000000000000000000e+00
4.861999999999686572e+00,1.793815314950920084e-11,-9.239279950216305871e-11,2.161627003693641006e-11,0.000000000000000000e+00
4.863999999999686352e+00,1.775525166643514420e-11,-9.145074153702789658e-11,2.139586563881735308e-11,0.000000000000000000e+00
4.865999999999686132e+00,1.757421508841747194e-11,-9.051828900883648840e-11,2.117770853399302946e-11,0.000000000000000000e+00
4.867999999999685912e+00,1.739502440046072632e-11,-8.959534397837245177e-11,2.096177580855058737e-11,0.000000000000000000e+00
4.869999999999685691e+00,1.721766078145066543e-11,-8.868180950502992886e-11,2.074804478221278799e-11,0.000000000000000000e+00
4.871999999999685471e+00,1.704210560217740176e-11,-8.777758963663145832e-11,2.053649300595562204e-11,0.000000000000000000e+00
4.873999999999685251e+00,1.686834042337870322e-11,-8.688258939934978769e-11,2.032709825965012116e-11,0.000000000000000000e+00
4.875999999999685031e+00,1.669634699380323695e-11,-8.599671478773235954e-11,2.011983854972939844e-11,0.000000000000000000e+00
4.877999999999684810e+00,1.652610724829358150e-11,-8.511987275482757959e-11,1.991469210687740240e-11,0.000000000000000000e+00
4.879999999999684590e+00,1.635760330588875854e-11,-8.425197120241169071e-11,1.971163738374321012e-11,0.000000000000000000e+00
4.881999999999684370e+00,1.619081746794612890e-11,-8.339291897131534806e-11,1.951065305267765434e-11,0.000000000000000000e+00
4.883999999999684150e+00,1.602573221628243025e-11,-8.254262583184878371e-11,1.931171800349300812e-11,0.000000000000000000e+00
4.885999999999683929e+00,1.586233021133378161e-11,-8.170100247432465625e-11,1.911481134124593403e-11,0.000000000000000000e+00
4.887999999999683709e+00,1.570059429033442555e-11,-8.086796049967744779e-11,1.891991238404256040e-11,0.000000000000000000e+00
4.889999999999683489e+00,1.554050746551406898e-11,-8.004341241017862010e-11,1.872700066086620162e-11,0.000000000000000000e+00
4.891999999999683268e+00,1.538205292231357702e-11,-7.922727160024632780e-11,1.853605590942751571e-11,0.000000000000000000e+00
4.893999999999683048e+00,1.522521401761887777e-11,-7.841945234734890026e-11,1.834705807403606527e-11,0.000000000000000000e+00
4.895999999999682828e+00,1.506997427801287442e-11,-7.761986980300108398e-11,1.815998730349369517e-11,0.000000000000000000e+00
4.897999999999682608e+00,1.491631739804517078e-11,-7.682843998385203750e-11,1.797482394900941709e-11,0.000000000000000000e+00
4.899999999999682387e+00,1.476422723851944236e-11,-7.604507976286422563e-11,1.779154856213611084e-11,0.000000000000000000e+00
4.901999999999682167e+00,1.461368782479827826e-11,-7.526970686058229543e-11,1.761014189272718149e-11,0.000000000000000000e+00
4.903999999999681947e+00,1.446468334512529705e-11,-7.450223983649087411e-11,1.743058488691513668e-11,0.000000000000000000e+00
4.905999999999681727e+00,1.431719814896437650e-11,-7.374259808046060387e-11,1.725285868510980962e-11,0.000000000000000000e+00
4.907999999999681506e+00,1.417121674535581466e-11,-7.299070180428128915e-11,1.707694462001767506e-11,0.000000000000000000e+00
4.909999999999681286e+00,1.402672380128925106e-11,-7.224647203328145843e-11,1.690282421468163805e-11,0.000000000000000000e+00
4.911999999999681066e+00,1.388370414009318483e-11,-7.150983059803331952e-11,1.673047918053912404e-11,0.000000000000000000e+00
4.913999999999680846e+00,1.374214273984090075e-11,-7.078070012614230691e-11,1.655989141550239950e-11,0.000000000000000000e+00
4.915999999999680625e+00,1.360202473177265934e-11,-7.005900403412039423e-11,1.639104300205678027e-11,0.000000000000000000e+00
4.917999999999680405e+00,1.346333539873397507e-11,-6.934466651934215047e-11,1.622391620537817529e-11,0.000000000000000000e+00
4.919999999999680185e+00,1.332606017362980961e-11,-6.863761255208295857e-11,1.605849347147130986e-11,0.000000000000000000e+00
4.921999999999679964e+00,1.319018463789453334e-11,-6.793776786763828481e-11,1.589475742532490603e-11,0.000000000000000000e+00
4.923999999999679744e+00,1.305569451997748682e-11,-6.724505895852341730e-11,1.573269086908785277e-11,0.000000000000000000e+00
4.925999999999679524e+00,1.292257569384398092e-11,-6.655941306675262678e-11,1.557227678026181636e-11,0.000000000000000000e+00
4.927999999999679304e+00,1.279081417749158684e-11,-6.588075817619714223e-11,1.541349830991370303e-11,0.000000000000000000e+00
4.929999999999679083e+00,1.266039613148154478e-11,-6.520902300502098478e-11,1.525633878090611289e-11,0.000000000000000000e+00
4.931999999999678863e+00,1.253130785748515718e-11,-6.454413699819397508e-11,1.510078168614547475e-11,0.000000000000000000e+00
4.933999999999678643e+00,1.240353579684499529e-11,-6.388603032008103512e-11,1.494681068684848237e-11,0.000000000000000000e+00
4.935999999999678423e+00,1.227706652915078174e-11,-6.323463384710708659e-11,1.479440961082538451e-11,0.000000000000000000e+00
4.937999999999678202e+00,1.215188677082978751e-11,-6.258987916049670567e-11,1.464356245078219667e-11,0.000000000000000000e+00
4.939999999999677982e+00,1.202798337375161254e-11,-6.195169853908786227e-11,1.449425336263842258e-11,0.000000000000000000e+00
4.941999999999677762e+00,1.190534332384717532e-11,-6.132002495221886463e-11,1.434646666386390415e-11,0.000000000000000000e+00
4.943999999999677541e+00,1.178395373974180024e-11,-6.069479205268785038e-11,1.420018683183076751e-11,0.000000000000000000e+00
4.945999999999677321e+00,1.166380187140223277e-11,-6.007593416978412586e-11,1.405539850218367039e-11,0.000000000000000000e+00
4.947999999999677101e+00,1.154487509879745183e-11,-5.946338630239046212e-11,1.391208646722561087e-11,0.000000000000000000e+00
4.949999999999676881e+00,1.142716093057314036e-11,-5.885708411215577878e-11,1.377023567432058990e-11,0.000000000000000000e+00
4.951999999999676660e+00,1.131064700273966537e-11,-5.825696391673742740e-11,1.362983122431281748e-11,0.000000000000000000e+00
4.953999999999676440e+00,1.119532107737343989e-11,-5.766296268311240869e-11,1.349085836996168692e-11,0.000000000000000000e+00
4.955999999999676220e+00,1.108117104133152637e-11,-5.707501802095671587e-11,1.335330251439267234e-11,0.000000000000000000e+00
4.957999999999676000e+00,1.096818490497934236e-11,-5.649306817609227411e-11,1.321714920956451133e-11,0.000000000000000000e+00
4.959999999999675779e+00,1.085635080093134109e-11,-5.591705202400062312e-11,1.308238415475132848e-11,0.000000000000000000e+00
4.961999999999675559e+00,1.074565698280453586e-11,-5.534690906340277429e-11,1.294899319504073393e-11,0.000000000000000000e+00
4.963999999999675339e+00,1.063609182398472628e-11,-5.478257940990451188e-11,1.281696231984706956e-11,0.000000000000000000e+00
4.965999999999675119e+00,1.052764381640531308e-11,-5.422400378970651170e-11,1.268627766143959626e-11,0.000000000000000000e+00
4.967999999999674898e+00,1.042030156933855621e-11,-5.367112353337856617e-11,1.255692549348629409e-11,0.000000000000000000e+00
4.969999999999674678e+00,1.031405380819916149e-11,-5.312388056969730208e-11,1.242889222961193141e-11,0.000000000000000000e+00
4.971999999999674458e+00,1.020888937336006816e-11,-5.258221741954672519e-11,1.230216442197107491e-11,0.000000000000000000e+00
4.973999999999674237e+00,1.010479721898030652e-11,-5.204607718988095851e-11,1.217672875983542027e-11,0.000000000000000000e+00
4.975999999999674017e+00,1.000176641184480919e-11,-5.151540356774854745e-11,1.205257206819601193e-11,0.000000000000000000e+00
4.977999999999673797e+00,9.899786130216053471e-12,-5.099014081437766599e-11,1.192968130637916322e-11,0.000000000000000000e+00
4.979999999999673577e+00,9.798845662697410122e-12,-5.047023375932168134e-11,1.180804356667705881e-11,0.000000000000000000e+00
4.981999999999673356e+00,9.698934407108080808e-12,-4.995562779466434659e-11,1.168764607299154038e-11,0.000000000000000000e+00
4.983999999999673136e+00,9.600041869369512664e-12,-4.944626886928413679e-11,1.156847617949257483e-11,0.000000000000000000e+00
4.985999999999672916e+00,9.502157662403159120e-12,-4.894210348317703702e-11,1.145052136928990554e-11,0.000000000000000000e+00
4.987999999999672696e+00,9.405271505039485222e-12,-4.844307868183722014e-11,1.133376925311835222e-11,0.000000000000000000e+00
4.989999999999672475e+00,9.309373220938094653e-12,-4.794914205069503262e-11,1.121820756803650071e-11,0.000000000000000000e+00
4.991999999999672255e+00,9.214452737518871821e-12,-4.746024170961166817e-11,1.110382417613847257e-11,0.000000000000000000e+00
4.993999999999672035e+00,9.120500084904011396e-12,-4.697632630742999911e-11,1.099060706327954995e-11,0.000000000000000000e+00
4.995999999999671815e+00,9.027505394870849661e-12,-4.649734501658095808e-11,1.087854433781369117e-11,0.000000000000000000e+00
4.997999999999671594e+00,8.935458899815360349e-12,-4.602324752774491444e-11,1.076762422934490161e-11,0.000000000000000000e+00
